"01-01-2021",7,-9999,7,7,7,7,-9999,8,9,10,9,10,9,8,7,7,10,13,18,11,11,12,12,-9999
"02-01-2021",8,7,8,8,8,8,9,10,12,12,15,14,15,14,12,13,16,22,12,14,13,15,7,7
"03-01-2021",7,7,7,6,7,7,7,9,8,13,10,15,19,13,11,14,14,20,16,12,17,21,19,11
"04-01-2021",7,10,7,7,6,-9999,-9999,7,58,18,17,23,18,19,18,16,14,43,13,14,13,9,8,8
"05-01-2021",7,8,7,7,8,8,11,17,-9999,-9999,15,21,17,16,16,14,11,-9999,-9999,16,-9999,8,9,9
"06-01-2021",8,9,8,8,8,7,9,15,13,9,12,16,16,11,8,11,10,14,10,10,10,8,8,7
"07-01-2021",7,7,7,7,7,8,10,13,19,21,14,17,15,15,14,12,12,22,14,22,29,45,2,10
"08-01-2021",7,8,10,7,8,10,22,9,19,34,12,18,18,15,18,15,13,15,13,18,14,29,9,8
"09-01-2021",8,9,7,7,7,8,8,-9999,-9999,-9999,-9999,-9999,-9999,-9999,16,10,12,10,28,27,-9999,-9999,-9999,-9999
"10-01-2021",7,7,7,7,7,8,10,8,17,7,13,15,16,11,18,16,48,18,37,27,20,13,7,17
"11-01-2021",6,6,6,7,8,8,9,11,15,19,18,15,14,14,13,13,16,11,13,13,13,12,19,9
"12-01-2021",7,7,7,7,7,9,10,15,17,15,18,17,21,14,16,12,12,12,15,13,15,10,9,8
"13-01-2021",8,8,7,7,7,9,11,21,13,16,13,14,16,14,10,13,11,12,10,12,11,8,8,8
"14-01-2021",8,8,8,7,8,8,14,15,16,19,20,17,17,17,17,13,12,19,16,14,14,9,10,8
"15-01-2021",8,8,7,7,8,10,13,25,10,21,14,13,16,13,17,14,12,16,16,15,19,7,12,9
"16-01-2021",8,8,8,9,7,8,9,14,14,16,22,14,20,14,17,12,9,10,14,17,12,10,13,14
"17-01-2021",8,8,9,8,8,7,-9999,8,9,10,9,10,9,10,10,9,10,11,51,13,15,12,11,10
"18-01-2021",8,48,114,8,8,8,13,17,24,14,21,22,17,13,16,15,15,15,18,17,25,10,11,9
"19-01-2021",8,8,8,8,8,10,14,17,36,27,18,15,15,17,15,13,13,18,19,26,17,15,10,11
"20-01-2021",10,10,8,8,9,12,13,34,25,65,20,10,20,18,19,16,22,21,25,24,31,14,6,19
"21-01-2021",9,8,7,7,7,9,19,16,19,11,22,26,23,20,16,18,13,18,17,19,23,9,7,9
"22-01-2021",8,8,7,7,7,8,10,15,22,23,20,26,25,17,17,14,14,16,16,21,11,12,16,12
"23-01-2021",12,8,7,8,7,7,16,11,13,16,14,15,13,13,17,11,9,12,11,11,12,9,8,8
"24-01-2021",8,7,8,7,7,8,8,8,8,9,12,11,12,11,10,10,9,10,10,11,11,8,8,8
"25-01-2021",8,8,7,7,8,9,10,16,16,17,18,20,23,16,18,14,15,15,16,13,12,10,8,9
"26-01-2021",8,8,7,7,8,8,10,11,14,15,20,16,18,14,13,14,11,19,23,18,13,12,9,8
"27-01-2021",8,8,7,7,8,8,8,12,15,15,13,13,13,15,12,12,10,10,12,12,16,10,9,12
"28-01-2021",9,9,9,8,8,9,16,20,26,16,12,18,16,14,19,17,16,21,28,16,19,10,10,10
"29-01-2021",9,9,8,8,8,10,14,20,28,41,15,12,16,25,19,14,18,13,50,70,54,20,5,10
"30-01-2021",7,7,8,7,7,7,8,10,12,16,20,15,16,15,13,14,11,14,10,11,10,10,10,9
"31-01-2021",8,7,7,7,7,8,13,17,12,15,8,12,11,12,14,13,11,10,8,8,12,11,7,8
"01-02-2021",8,7,7,45,7,8,14,16,18,20,25,21,18,18,19,17,16,13,11,10,10,12,8,8
"02-02-2021",8,8,7,7,7,9,38,46,60,34,18,28,11,19,21,21,15,36,27,60,13,17,11,11
"03-02-2021",10,11,7,7,7,10,16,27,48,62,5,-9999,10,18,13,18,13,13,22,18,9,10,9,9
"04-02-2021",7,9,7,7,7,12,15,28,36,24,9,12,18,17,16,19,12,13,17,15,12,11,8,9
"05-02-2021",9,9,7,7,7,9,16,27,36,27,12,11,13,18,13,12,11,17,14,19,19,12,11,11
"06-02-2021",8,10,7,7,7,8,9,17,31,18,13,9,11,11,9,11,12,10,14,13,16,17,9,9
"07-02-2021",8,7,7,7,7,7,8,9,9,9,8,9,13,9,9,13,14,14,14,19,17,6,11,10
"08-02-2021",8,7,7,7,7,9,10,10,24,14,10,15,13,14,12,12,12,15,11,10,10,9,8,8
"09-02-2021",8,8,7,8,8,8,11,12,13,16,15,16,15,17,14,12,12,11,10,13,9,9,10,8
"10-02-2021",8,8,7,7,7,8,12,14,22,15,16,18,14,13,14,12,11,17,11,9,11,10,9,10
"11-02-2021",11,12,8,7,8,11,24,14,16,12,13,14,13,16,14,12,12,14,11,10,9,9,8,10
"12-02-2021",8,8,7,8,8,10,12,19,23,25,11,13,12,13,14,12,12,11,11,8,10,10,9,9
"13-02-2021",8,9,8,8,8,8,8,18,15,12,19,21,10,14,15,13,11,10,9,10,12,13,8,9
"14-02-2021",7,7,7,7,7,8,9,9,8,10,10,10,10,9,9,9,9,9,9,10,11,9,9,13
"15-02-2021",8,9,8,8,8,9,9,10,14,13,14,17,16,18,17,16,14,14,11,11,10,9,10,9
"16-02-2021",9,9,8,8,8,16,15,20,18,17,19,20,17,10,9,12,16,13,14,14,15,11,9,10
"17-02-2021",9,9,9,8,8,10,14,16,19,25,18,17,12,13,10,12,11,12,13,13,14,14,12,11
"18-02-2021",9,11,10,8,8,12,12,32,19,11,20,13,14,13,14,13,10,13,19,15,18,18,19,12
"19-02-2021",8,11,8,8,9,14,18,25,39,33,13,6,9,9,8,11,11,13,16,19,12,9,11,11
"20-02-2021",9,10,8,8,8,9,10,19,17,18,10,12,10,10,13,13,9,10,11,11,11,11,10,9
"21-02-2021",9,9,8,8,8,8,8,9,11,10,10,11,10,11,9,9,9,10,10,10,12,10,12,10
"22-02-2021",10,8,8,8,8,11,11,17,19,19,13,18,17,11,10,9,12,9,11,17,11,10,9,11
"23-02-2021",10,10,9,8,9,13,21,47,60,27,10,9,8,8,10,8,12,11,12,22,13,10,15,22
"24-02-2021",10,10,9,9,10,11,20,30,34,19,18,12,12,11,16,18,14,13,13,15,18,12,10,8
"25-02-2021",9,9,9,8,7,11,13,26,41,29,8,9,14,17,17,23,15,14,11,12,15,9,9,11
"26-02-2021",8,9,8,8,8,9,16,27,36,17,17,12,16,14,27,14,10,10,11,11,12,10,10,10
"27-02-2021",10,10,8,7,8,8,14,18,20,8,12,12,14,11,10,10,9,9,12,11,13,9,10,8
"28-02-2021",8,7,7,7,7,9,8,8,10,10,10,10,13,12,11,9,10,10,10,9,8,9,9,9
"01-03-2021",8,8,7,7,7,9,11,19,18,19,16,13,15,14,14,14,8,8,8,11,12,10,9,8
"02-03-2021",10,8,7,8,8,9,11,16,18,15,16,17,17,19,12,13,13,12,12,12,10,10,10,9
"03-03-2021",9,12,10,8,8,11,16,23,38,14,10,16,16,14,12,15,13,13,12,11,11,11,10,9
"04-03-2021",18,11,8,8,8,11,18,22,19,20,15,11,11,15,12,10,11,15,10,12,12,10,10,10
"05-03-2021",9,10,8,8,9,10,14,20,20,14,13,12,11,11,11,11,9,11,9,10,23,13,9,9
"06-03-2021",8,8,7,8,8,8,11,12,14,10,9,8,9,11,9,10,10,11,10,11,11,12,10,8
"07-03-2021",8,8,8,8,7,8,8,9,9,8,8,10,10,10,10,9,9,9,9,8,8,8,9,9
"08-03-2021",9,8,8,7,8,9,12,18,23,14,15,13,10,9,9,8,10,12,13,11,33,7,8,8
"09-03-2021",8,8,8,7,8,12,15,21,34,11,13,-9999,-9999,-9999,15,17,15,13,10,13,13,13,10,12
"10-03-2021",8,8,7,7,8,9,10,21,29,21,11,21,12,11,13,14,12,11,10,9,9,8,8,8
"11-03-2021",7,9,7,7,7,8,11,16,13,12,16,16,16,13,10,8,7,12,11,12,11,11,10,17
"12-03-2021",9,9,7,8,8,10,20,41,35,17,16,16,15,16,13,14,11,13,13,14,11,9,11,9
"13-03-2021",10,9,8,7,7,8,11,15,12,11,11,9,10,8,9,9,9,13,12,11,10,10,9,8
"14-03-2021",8,7,7,7,7,7,8,8,11,9,8,8,7,8,8,8,8,9,9,9,10,8,9,9
"15-03-2021",10,7,8,7,7,7,7,8,9,10,11,10,10,8,9,9,8,8,8,7,9,8,8,7
"16-03-2021",7,7,7,7,8,8,11,21,22,23,17,13,12,15,15,17,11,12,13,12,12,10,10,9
"17-03-2021",8,9,8,7,7,10,13,22,20,19,18,19,16,15,12,11,11,11,12,8,11,10,9,9
"18-03-2021",7,8,7,7,8,9,12,24,26,19,15,14,15,11,11,12,11,11,12,15,12,10,10,8
"19-03-2021",8,8,7,7,7,10,14,18,20,20,19,9,12,12,9,10,12,9,10,12,15,11,15,10
"20-03-2021",8,8,8,7,7,8,11,15,14,17,18,17,17,19,18,18,17,14,11,13,14,9,8,8
"21-03-2021",7,8,7,7,7,7,9,10,8,10,11,13,12,12,12,12,11,16,11,13,18,14,11,16
"22-03-2021",10,9,7,7,7,8,11,13,20,18,21,20,16,15,12,12,10,10,12,12,10,9,9,10
"23-03-2021",8,8,7,7,8,13,10,15,26,20,18,26,26,21,21,18,18,16,18,20,15,15,11,8
"24-03-2021",8,8,8,7,7,8,10,15,14,12,10,14,14,14,14,13,11,12,14,14,13,11,9,8
"25-03-2021",7,7,7,7,7,7,7,8,9,8,11,11,11,11,10,9,9,9,12,11,14,9,9,11
"26-03-2021",10,10,8,7,7,9,16,15,24,18,22,14,11,11,12,14,10,11,12,13,16,14,10,10
"27-03-2021",9,9,8,7,7,8,11,14,15,13,12,12,11,13,9,9,9,14,10,11,11,10,10,9
"28-03-2021",8,8,7,7,7,8,8,9,9,8,8,9,8,8,8,8,10,7,9,10,10,9,9,8
"29-03-2021",8,7,7,7,12,25,30,50,26,20,14,12,12,13,9,9,9,13,9,12,11,10,8,10
"30-03-2021",9,8,7,8,10,10,26,37,36,18,18,18,16,16,12,11,12,13,9,14,11,10,8,8
"31-03-2021",8,8,7,7,7,9,16,17,18,14,19,15,14,15,15,11,12,11,11,11,15,9,9,8
"01-04-2021",7,7,7,7,9,11,22,24,21,20,13,9,9,17,11,12,13,12,12,17,15,9,10,8
"02-04-2021",9,8,8,7,10,16,25,39,27,10,11,9,11,12,10,10,26,26,12,8,9,8,7,7
"03-04-2021",8,7,7,7,8,9,12,16,13,14,13,11,11,11,10,11,15,10,10,10,9,8,8,7
"04-04-2021",8,7,8,11,7,8,9,9,9,12,14,14,14,14,12,11,27,10,9,9,9,8,8,7
"05-04-2021",7,7,7,7,9,12,16,28,20,14,12,13,14,19,17,11,13,12,12,13,11,11,9,7
"06-04-2021",9,7,7,7,9,15,14,22,23,19,18,12,15,13,12,11,18,13,12,10,9,8,8,7
"07-04-2021",8,7,7,7,7,8,9,13,13,15,18,15,14,11,10,11,11,13,10,10,10,8,9,7
"08-04-2021",8,7,7,7,8,14,11,9,13,15,17,13,14,13,13,12,11,10,13,12,11,11,8,7
"09-04-2021",7,7,8,7,8,12,24,26,13,16,18,20,14,14,12,13,11,11,12,12,12,10,9,8
"10-04-2021",9,8,7,7,8,10,10,15,12,16,11,9,10,9,10,10,10,12,12,15,10,9,8,8
"11-04-2021",8,7,7,7,7,8,11,9,9,8,8,8,7,8,8,10,10,12,8,9,10,9,10,8
"12-04-2021",10,8,7,7,10,15,31,14,18,15,12,10,8,10,13,11,9,10,11,10,8,10,8,7
"13-04-2021",7,7,7,8,9,12,19,-9999,29,28,16,14,11,11,16,9,10,19,14,14,21,12,9,8
"14-04-2021",7,7,7,7,7,8,25,22,24,16,12,12,10,16,15,12,12,12,15,10,11,10,9,8
"15-04-2021",7,7,7,7,7,9,11,15,25,16,14,12,14,13,11,13,10,13,12,12,22,9,8,8
"16-04-2021",9,9,7,7,7,11,13,17,24,22,14,19,18,15,25,14,14,13,8,9,29,22,22,11
"17-04-2021",7,8,8,7,7,7,7,9,11,12,15,17,17,15,15,13,13,12,13,11,12,12,8,8
"18-04-2021",8,7,7,7,7,7,7,8,7,8,10,9,11,9,8,7,8,8,10,8,9,11,8,9
"19-04-2021",8,9,7,7,7,9,27,15,23,18,17,15,17,18,13,12,10,10,10,10,12,9,8,7
"20-04-2021",7,7,7,7,7,8,12,15,22,16,14,14,12,11,10,11,13,11,11,13,11,9,9,9
"21-04-2021",7,7,7,7,7,10,12,19,21,8,10,10,10,11,10,9,9,10,11,9,9,10,9,8
"22-04-2021",8,8,7,7,7,9,11,21,14,18,11,15,13,12,11,12,13,12,7,10,9,15,10,10
"23-04-2021",7,7,7,7,7,11,28,32,39,21,16,13,15,15,16,19,11,9,17,11,17,14,13,10
"24-04-2021",10,9,7,7,7,7,8,11,18,22,16,59,97,28,17,19,13,13,11,13,12,11,10,11
"25-04-2021",8,8,8,8,7,7,10,8,9,9,15,13,14,12,10,12,13,13,13,10,10,10,9,10
"26-04-2021",7,9,10,7,7,9,15,16,26,23,18,13,11,12,13,9,10,11,11,10,36,8,8,8
"27-04-2021",7,8,7,7,7,9,14,21,26,15,8,12,10,9,9,12,10,14,10,19,19,10,11,8
"28-04-2021",7,7,7,7,7,8,10,18,28,27,32,28,26,27,26,19,19,16,13,33,59,51,7,7
"29-04-2021",8,8,7,7,7,12,69,42,41,33,21,36,29,32,28,18,13,17,15,12,12,18,22,18
"30-04-2021",7,8,8,8,8,13,30,41,36,27,25,25,19,21,18,18,22,36,24,11,11,10,8,11
"01-05-2021",8,9,6,7,7,7,8,17,19,29,24,23,32,25,17,32,20,14,13,11,9,8,8,7
"02-05-2021",7,8,7,7,8,7,7,14,11,12,10,10,8,9,8,7,9,8,10,8,9,9,8,8
"03-05-2021",8,8,9,7,7,7,7,13,9,8,9,9,10,10,10,25,9,10,8,11,16,9,9,9
"04-05-2021",7,7,7,7,7,7,7,9,7,8,10,10,9,9,8,8,8,9,9,9,9,8,8,9
"05-05-2021",7,7,7,7,7,8,10,13,14,13,13,11,13,13,12,9,10,13,14,11,19,9,8,8
"06-05-2021",7,7,7,7,7,7,9,9,12,14,12,12,12,10,12,10,11,14,11,11,9,9,10,13
"07-05-2021",14,8,7,7,7,8,11,14,21,22,19,11,11,10,12,13,11,13,13,14,15,16,11,15
"08-05-2021",10,7,7,7,7,9,8,10,13,16,13,14,13,11,12,15,9,14,10,10,11,9,9,9
"09-05-2021",8,8,8,7,7,7,8,8,10,10,9,11,11,12,10,10,9,9,10,10,10,8,11,8
"10-05-2021",8,7,7,7,7,8,12,14,27,17,19,14,16,20,17,16,17,15,14,10,11,11,10,8
"11-05-2021",7,7,7,7,7,8,15,22,13,23,15,13,13,12,11,13,10,9,9,12,29,13,6,10
"12-05-2021",8,7,7,7,7,7,10,8,12,18,14,12,12,13,14,24,11,11,12,11,11,12,12,10
"13-05-2021",7,8,7,7,7,8,9,15,18,15,12,15,11,12,13,13,13,13,12,13,12,12,9,10
"14-05-2021",8,8,7,7,7,10,13,19,20,16,14,9,12,12,14,12,11,25,14,12,14,18,11,9
"15-05-2021",10,8,8,7,8,7,15,10,10,10,9,11,16,14,9,15,11,12,11,17,10,12,10,9
"16-05-2021",9,8,7,7,7,7,9,9,8,8,9,10,11,9,9,9,10,10,11,10,10,10,9,9
"17-05-2021",9,8,7,7,7,11,13,18,14,17,19,16,12,11,12,11,10,10,10,15,10,12,12,9
"18-05-2021",9,8,7,7,7,9,13,22,18,15,13,18,15,14,13,14,13,11,19,10,13,21,16,9
"19-05-2021",9,8,7,7,7,9,14,17,22,17,17,14,15,15,14,15,14,21,13,10,11,13,12,9
"20-05-2021",8,8,7,7,7,10,13,22,27,17,18,17,14,-9999,-9999,13,12,14,17,12,12,12,12,9
"21-05-2021",9,7,8,7,7,8,11,20,19,17,13,16,16,15,12,11,11,14,12,13,12,17,13,11
"22-05-2021",9,8,8,7,7,7,9,14,12,10,10,10,10,10,10,11,11,13,35,10,9,9,10,9
"23-05-2021",9,8,8,7,7,7,8,20,7,8,8,8,9,11,9,9,8,13,9,11,9,8,9,10
"24-05-2021",8,9,7,7,7,8,10,15,13,9,9,9,10,10,10,13,11,10,10,10,13,8,10,9
"25-05-2021",10,10,7,7,8,11,16,32,22,21,15,12,11,9,9,10,9,11,19,19,18,16,9,9
"26-05-2021",7,7,7,7,7,8,11,19,12,13,16,17,18,15,14,12,11,10,21,12,10,12,10,10
"27-05-2021",7,7,8,7,7,9,12,18,18,16,17,13,13,15,13,13,11,12,13,13,14,15,10,9
"28-05-2021",8,8,8,7,7,9,12,16,18,15,15,17,19,17,18,13,14,14,13,13,13,18,15,10
"29-05-2021",8,7,7,7,7,8,8,12,10,9,9,11,9,9,11,9,10,9,29,13,11,10,9,7
"30-05-2021",7,8,7,7,7,7,7,7,7,7,8,8,8,9,9,8,10,9,8,8,9,10,9,11
"31-05-2021",8,8,7,8,7,8,12,13,19,17,16,19,15,14,19,14,12,12,12,12,13,11,12,10
"01-06-2021",8,8,7,7,8,9,10,17,19,14,19,14,14,14,14,12,11,13,17,14,18,15,10,10
"02-06-2021",8,8,7,7,7,8,12,20,9,13,13,11,11,12,17,12,12,11,12,11,9,12,11,9
"03-06-2021",8,8,7,7,8,9,12,13,9,9,10,13,17,14,13,13,12,16,14,11,12,11,9,9
"04-06-2021",9,8,7,7,7,8,15,17,24,18,23,13,15,16,15,14,13,11,32,14,14,15,12,10
"05-06-2021",10,8,7,8,7,7,9,12,8,8,9,8,9,10,9,11,12,9,16,9,9,10,8,8
"06-06-2021",10,8,8,7,7,7,8,9,7,8,8,9,8,9,9,9,8,10,9,12,8,9,9,8
"07-06-2021",8,8,7,7,7,7,12,15,-9999,-9999,-9999,-9999,-9999,-9999,12,11,10,8,11,14,11,9,11,10
"08-06-2021",8,7,7,7,7,9,14,19,22,19,12,9,8,9,12,8,9,10,12,11,10,10,8,7
"09-06-2021",8,7,6,7,7,7,11,9,10,14,10,12,11,13,12,13,11,11,10,14,14,14,12,9
"10-06-2021",7,7,6,6,6,7,9,18,20,15,13,11,13,11,11,10,9,9,8,10,9,11,11,12
"11-06-2021",7,6,6,6,6,9,10,9,9,8,9,8,8,9,13,10,9,8,9,7,7,11,7,9
"12-06-2021",9,6,6,6,6,6,8,9,12,8,8,11,10,11,12,10,8,9,9,10,10,10,9,9
"13-06-2021",11,9,8,6,6,7,7,7,9,9,7,7,8,8,10,9,8,8,8,7,7,8,8,7
"14-06-2021",7,7,7,7,6,7,7,9,12,15,14,14,17,15,12,12,11,8,8,8,10,12,9,9
"15-06-2021",9,8,7,7,6,7,9,12,13,19,15,11,14,17,14,12,12,9,9,9,11,13,11,8
"16-06-2021",8,6,6,6,6,7,9,13,13,14,11,9,8,12,12,10,9,13,10,9,9,12,11,8
"17-06-2021",7,8,7,6,6,8,12,18,15,9,8,8,9,15,11,13,12,12,11,9,7,8,14,10
"18-06-2021",7,7,7,6,7,7,9,11,18,17,12,12,13,16,11,12,13,11,11,11,12,15,10,9
"19-06-2021",9,8,7,7,6,13,19,9,12,10,10,8,11,9,10,9,7,8,12,11,9,8,8,8
"20-06-2021",11,8,8,7,6,6,7,7,7,7,7,7,8,9,8,7,7,9,8,9,8,8,7,80
"21-06-2021",7,7,7,6,7,7,7,7,7,7,7,7,7,9,8,9,8,9,7,8,7,7,8,9
"22-06-2021",8,7,8,7,7,7,14,29,24,16,11,13,21,14,14,10,9,9,14,10,15,20,8,8
"23-06-2021",9,11,7,8,7,7,14,18,21,14,13,11,13,12,13,12,14,8,12,9,7,7,11,7
"24-06-2021",8,7,8,7,7,9,13,32,25,14,12,11,13,17,15,12,12,20,14,13,14,10,7,9
"25-06-2021",11,9,7,7,7,7,12,24,59,28,11,14,10,22,10,11,10,53,12,12,11,10,9,8
"26-06-2021",10,10,48,7,7,7,7,14,13,9,11,9,10,15,12,9,12,10,11,10,9,11,65,9
"27-06-2021",8,7,7,7,7,7,20,39,8,7,7,7,9,7,9,7,8,8,12,8,9,10,7,8
"28-06-2021",8,7,7,7,7,8,12,16,14,13,15,10,12,10,10,10,10,11,11,14,15,10,7,47
"29-06-2021",7,7,7,7,7,7,8,13,16,20,8,8,8,10,18,10,11,14,12,12,22,11,8,8
"30-06-2021",8,7,7,7,7,8,13,28,37,28,11,15,26,24,14,10,10,-9999,-9999,-9999,-9999,-9999,-9999,-9999
"01-07-2021",-9999,-9999,-9999,-9999,-9999,-9999,-9999,-9999,-9999,-9999,-9999,-9999,-9999,-9999,-9999,-9999,-9999,-9999,-9999,-9999,-9999,-9999,-9999,-9999
"02-07-2021",-9999,-9999,-9999,-9999,-9999,-9999,-9999,-9999,-9999,-9999,-9999,-9999,-9999,-9999,-9999,-9999,-9999,-9999,-9999,-9999,-9999,-9999,-9999,-9999
"03-07-2021",-9999,-9999,-9999,-9999,-9999,-9999,-9999,-9999,-9999,-9999,-9999,-9999,-9999,-9999,-9999,-9999,-9999,-9999,-9999,-9999,-9999,-9999,-9999,-9999
"04-07-2021",-9999,-9999,-9999,-9999,-9999,-9999,-9999,-9999,-9999,-9999,-9999,-9999,-9999,-9999,-9999,-9999,-9999,-9999,-9999,7,8,8,8,8
"05-07-2021",7,7,7,7,7,8,13,11,8,9,12,12,15,11,12,13,9,9,11,11,13,10,12,8
"06-07-2021",7,7,7,7,7,10,9,12,16,15,16,14,19,24,9,12,9,14,7,8,11,9,8,8
"07-07-2021",7,6,6,7,7,7,12,9,10,10,13,9,8,15,10,10,13,10,13,12,7,7,8,7
"08-07-2021",6,7,6,6,6,8,7,17,12,15,15,14,17,14,13,15,12,-9999,13,11,12,11,9,8
"09-07-2021",9,8,7,7,7,7,10,19,21,17,17,18,108,13,15,15,12,8,13,14,13,12,-9999,85
"10-07-2021",9,8,8,8,7,7,9,15,11,14,12,10,17,13,14,11,9,7,8,8,7,7,7,9
"11-07-2021",9,8,8,7,8,10,16,16,8,8,8,8,10,10,9,9,9,8,8,8,8,7,8,8
"12-07-2021",7,7,7,7,7,7,7,10,9,9,11,11,10,12,16,-9999,12,12,23,11,12,13,7,8
"13-07-2021",7,7,7,11,8,7,12,17,16,9,9,10,8,10,12,15,9,10,14,14,15,15,8,7
"14-07-2021",8,7,7,7,7,8,9,13,8,8,8,9,9,12,13,13,10,11,9,11,9,7,7,7
"15-07-2021",8,8,7,7,7,7,8,15,12,9,11,9,11,15,15,17,13,16,18,15,16,15,12,10
"16-07-2021",8,8,7,7,7,8,12,9,12,19,13,11,14,14,13,13,10,11,13,12,13,12,11,7
"17-07-2021",8,8,7,7,7,7,10,10,11,12,11,11,11,13,9,12,10,8,9,9,8,8,10,8
"18-07-2021",8,8,7,7,7,17,8,13,7,8,8,8,7,8,8,9,13,8,8,8,8,10,8,9
"19-07-2021",7,7,7,7,7,8,14,15,14,11,11,10,11,11,12,11,10,10,10,11,8,8,9,8
"20-07-2021",8,7,7,7,7,8,16,15,14,11,12,16,13,15,16,13,12,10,11,12,13,10,14,8
"21-07-2021",7,8,7,7,7,8,9,23,10,10,11,14,14,11,13,9,8,9,12,9,9,9,12,10
"22-07-2021",8,7,7,7,7,8,12,17,19,18,18,13,20,15,-9999,-9999,-9999,8,8,7,7,10,12,7
"23-07-2021",7,8,7,7,7,7,8,10,-9999,-9999,-9999,-9999,-9999,-9999,-9999,-9999,-9999,-9999,-9999,-9999,-9999,-9999,-9999,-9999
"24-07-2021",-9999,-9999,-9999,-9999,-9999,-9999,-9999,-9999,-9999,-9999,-9999,-9999,-9999,-9999,-9999,-9999,-9999,-9999,-9999,-9999,-9999,-9999,-9999,-9999
"25-07-2021",-9999,-9999,-9999,-9999,-9999,-9999,-9999,-9999,-9999,-9999,-9999,-9999,-9999,-9999,-9999,-9999,-9999,-9999,-9999,-9999,-9999,-9999,-9999,-9999
"26-07-2021",-9999,-9999,-9999,-9999,7,8,9,18,28,23,16,-9999,-9999,-9999,-9999,-9999,-9999,-9999,-9999,-9999,-9999,-9999,-9999,-9999
"27-07-2021",-9999,-9999,-9999,-9999,-9999,-9999,-9999,18,23,-9999,-9999,-9999,-9999,-9999,-9999,-9999,-9999,-9999,-9999,-9999,-9999,-9999,-9999,-9999
"28-07-2021",-9999,-9999,-9999,-9999,-9999,-9999,-9999,-9999,-9999,-9999,-9999,-9999,-9999,-9999,-9999,-9999,-9999,-9999,-9999,-9999,-9999,-9999,-9999,-9999
"29-07-2021",-9999,-9999,-9999,-9999,-9999,-9999,-9999,-9999,-9999,-9999,-9999,-9999,-9999,-9999,-9999,-9999,-9999,-9999,-9999,-9999,-9999,-9999,-9999,-9999
"30-07-2021",-9999,-9999,-9999,-9999,-9999,-9999,-9999,-9999,-9999,-9999,-9999,-9999,-9999,-9999,-9999,-9999,-9999,-9999,-9999,-9999,-9999,-9999,-9999,-9999
"31-07-2021",-9999,-9999,-9999,-9999,-9999,-9999,-9999,-9999,-9999,-9999,-9999,-9999,-9999,-9999,-9999,-9999,-9999,-9999,-9999,-9999,-9999,-9999,-9999,-9999
"01-08-2021",-9999,-9999,-9999,-9999,-9999,-9999,-9999,-9999,-9999,-9999,-9999,-9999,-9999,-9999,-9999,-9999,-9999,-9999,-9999,-9999,-9999,-9999,-9999,-9999
"02-08-2021",-9999,-9999,-9999,-9999,-9999,-9999,-9999,-9999,-9999,-9999,-9999,-9999,-9999,-9999,-9999,-9999,-9999,-9999,-9999,-9999,-9999,-9999,-9999,-9999
"03-08-2021",-9999,-9999,-9999,-9999,-9999,-9999,-9999,-9999,-9999,-9999,-9999,-9999,-9999,-9999,-9999,-9999,-9999,-9999,-9999,-9999,-9999,-9999,-9999,-9999
"04-08-2021",-9999,-9999,-9999,-9999,-9999,-9999,-9999,-9999,-9999,-9999,-9999,-9999,-9999,-9999,-9999,-9999,-9999,-9999,-9999,-9999,-9999,-9999,-9999,-9999
"05-08-2021",-9999,-9999,-9999,-9999,-9999,-9999,-9999,-9999,-9999,-9999,-9999,-9999,-9999,-9999,-9999,-9999,-9999,-9999,-9999,-9999,-9999,-9999,-9999,-9999
"06-08-2021",-9999,-9999,-9999,-9999,-9999,-9999,-9999,-9999,-9999,-9999,-9999,-9999,-9999,-9999,-9999,-9999,-9999,-9999,-9999,-9999,-9999,-9999,-9999,-9999
"07-08-2021",-9999,-9999,-9999,-9999,-9999,-9999,-9999,-9999,-9999,-9999,-9999,-9999,-9999,-9999,-9999,-9999,-9999,-9999,-9999,-9999,-9999,-9999,-9999,-9999
"08-08-2021",-9999,-9999,-9999,-9999,-9999,-9999,-9999,-9999,-9999,-9999,-9999,-9999,-9999,-9999,-9999,-9999,-9999,-9999,-9999,-9999,-9999,-9999,-9999,-9999
"09-08-2021",-9999,-9999,-9999,-9999,-9999,-9999,-9999,-9999,-9999,-9999,-9999,-9999,-9999,-9999,-9999,-9999,-9999,-9999,-9999,-9999,-9999,-9999,-9999,-9999
"10-08-2021",-9999,-9999,-9999,-9999,7,9,11,14,10,9,11,10,9,57,14,11,10,12,-9999,9,11,14,9,8
"11-08-2021",8,7,7,7,7,7,15,19,14,9,8,11,12,11,10,12,13,13,10,9,8,8,8,8
"12-08-2021",8,8,8,7,7,8,9,17,18,18,21,19,22,16,16,3,-9999,12,-9999,16,16,10,8,9
"13-08-2021",7,8,7,7,7,8,11,14,18,20,14,17,16,18,13,-9999,11,-9999,12,10,10,9,10,9
"14-08-2021",9,8,8,7,7,7,11,9,9,15,12,13,21,15,15,10,9,3,11,8,8,8,8,7
"15-08-2021",7,7,7,8,8,7,7,8,8,8,9,10,11,10,10,10,34,-9999,7,8,9,9,9,9
"16-08-2021",8,8,7,7,7,7,9,13,26,21,15,11,9,9,8,9,8,8,11,11,10,9,7,7
"17-08-2021",7,8,7,7,7,7,9,7,8,9,10,10,13,10,9,12,8,11,13,11,9,9,8,8
"18-08-2021",8,8,7,7,7,7,10,12,10,9,11,10,10,12,11,12,11,8,8,10,9,9,10,8
"19-08-2021",8,7,7,8,7,8,8,10,11,13,12,10,10,12,9,12,10,9,11,9,12,10,9,9
"20-08-2021",7,7,7,7,7,9,9,10,13,15,16,17,15,14,12,12,9,12,10,9,9,8,7,9
"21-08-2021",7,7,7,7,7,7,7,9,9,12,12,11,12,14,12,10,8,7,10,8,9,8,11,8
"22-08-2021",8,7,7,7,7,7,9,7,8,8,8,10,10,10,9,8,9,8,7,8,10,9,9,8
"23-08-2021",8,8,8,7,7,8,12,15,15,18,18,15,13,17,15,10,9,9,12,8,9,13,16,10
"24-08-2021",9,9,7,7,7,8,9,13,17,13,17,16,20,19,15,15,9,9,12,12,10,8,10,10
"25-08-2021",8,7,7,7,7,10,12,15,16,16,9,10,10,11,12,13,10,12,10,14,13,12,12,8
"26-08-2021",8,8,8,72,6,7,7,9,8,10,10,13,10,17,11,9,42,12,17,12,10,14,10,8
"27-08-2021",9,8,7,7,7,9,12,12,12,16,15,18,16,17,11,11,11,19,14,11,11,13,13,9
"28-08-2021",8,9,8,8,7,7,9,11,12,12,11,11,12,13,10,11,10,9,9,8,8,10,11,8
"29-08-2021",8,8,8,7,7,10,14,7,8,8,8,8,9,8,9,8,9,9,9,8,9,9,8,9
"30-08-2021",9,10,8,7,7,8,12,19,18,12,15,14,14,13,15,15,11,9,12,13,11,11,10,10
"31-08-2021",8,8,8,7,7,9,10,16,19,21,17,14,15,14,15,14,14,11,14,20,13,14,13,9
"01-09-2021",9,9,11,7,7,9,12,16,21,18,15,17,15,14,15,11,9,10,12,11,12,10,11,8
"02-09-2021",9,8,8,8,7,10,10,16,22,20,15,11,15,14,10,10,14,13,12,10,12,12,11,9
"03-09-2021",8,9,7,7,7,8,12,19,20,18,11,14,16,16,21,19,13,10,11,12,10,13,11,9
"04-09-2021",9,8,7,7,7,7,8,11,10,12,11,12,11,8,8,8,7,8,9,8,11,8,9,8
"05-09-2021",7,7,7,7,7,7,8,9,13,10,8,8,8,12,11,7,7,8,9,10,9,10,9,10
"06-09-2021",7,7,8,7,7,7,9,10,12,18,21,18,21,19,20,15,15,12,14,13,17,14,11,12
"07-09-2021",11,9,7,7,7,8,10,12,18,19,20,24,19,22,23,14,13,17,16,17,17,16,13,11
"08-09-2021",8,7,7,7,7,8,11,15,11,10,21,17,14,17,17,12,14,13,10,13,14,15,13,11
"09-09-2021",9,7,7,7,7,8,12,18,16,14,21,-9999,-9999,-9999,-9999,11,9,7,6,14,16,14,10,6
"10-09-2021",6,7,5,5,5,6,9,15,24,16,11,9,15,15,16,10,11,11,16,11,11,14,11,8
"11-09-2021",7,7,6,5,5,6,11,17,15,17,17,12,7,8,11,9,8,7,5,7,7,5,6,7
"12-09-2021",8,7,5,5,5,5,5,5,6,6,7,7,7,9,7,7,6,7,7,7,10,8,7,7
"13-09-2021",6,5,6,5,5,7,9,16,19,28,20,10,8,8,7,7,7,8,7,8,19,17,16,17
"14-09-2021",8,7,6,5,5,6,13,49,49,25,25,11,9,11,13,10,8,7,9,16,20,18,17,13
"15-09-2021",12,8,6,5,5,8,10,47,36,11,10,9,14,13,9,9,8,7,9,10,10,11,11,8
"16-09-2021",8,7,5,5,5,6,11,22,71,15,13,10,14,12,10,8,7,10,10,11,10,13,13,8
"17-09-2021",6,6,8,5,5,6,8,6,20,27,13,12,11,14,14,13,11,12,9,6,12,9,14,15
"18-09-2021",8,12,9,9,5,6,6,15,22,16,9,11,12,7,8,7,6,7,11,6,7,5,5,5
"19-09-2021",5,5,5,5,5,6,6,6,7,6,6,6,5,6,8,6,9,6,6,7,11,9,9,9
"20-09-2021",8,6,7,5,5,9,23,30,40,53,12,10,16,10,13,11,12,15,12,12,8,12,11,8
"21-09-2021",7,7,7,6,7,8,10,32,25,19,16,13,15,9,12,10,8,13,13,10,18,17,12,7
"22-09-2021",7,7,8,5,5,7,12,25,29,9,10,15,15,14,17,10,9,11,11,10,12,14,11,7
"23-09-2021",6,6,6,5,5,7,8,12,19,17,10,13,21,17,17,14,13,12,11,14,16,20,15,8
"24-09-2021",8,7,6,6,6,7,9,14,14,26,18,17,11,13,12,11,10,12,12,11,15,21,15,9
"25-09-2021",8,6,7,5,6,6,8,10,14,11,7,8,9,9,7,7,6,10,7,15,19,16,13,13
"26-09-2021",9,11,6,5,6,6,21,15,14,10,8,6,6,6,6,6,5,6,10,10,31,21,7,8
"27-09-2021",8,8,8,5,6,11,15,36,42,16,13,14,11,8,11,16,14,9,11,13,14,16,13,11
"28-09-2021",21,8,5,5,5,6,12,15,19,17,23,17,15,11,12,14,10,10,9,15,21,9,5,8
"29-09-2021",7,7,6,6,6,9,13,25,28,35,23,14,17,16,19,14,12,10,11,18,11,14,15,9
"30-09-2021",6,6,7,6,6,6,9,18,27,22,17,16,17,20,18,14,12,15,14,22,20,18,15,9
"01-10-2021",8,7,6,6,7,5,8,17,18,22,16,22,19,18,18,15,12,13,13,18,18,17,11,8
"02-10-2021",9,7,7,7,6,6,11,22,12,15,17,18,17,20,12,10,12,10,11,11,14,11,25,15
"03-10-2021",11,9,8,10,6,7,7,29,9,9,7,7,7,9,9,9,10,9,7,8,12,12,8,10
"04-10-2021",8,8,7,5,5,7,8,16,27,34,20,21,19,25,22,21,13,13,12,7,12,21,20,10
"05-10-2021",10,7,7,5,5,8,13,21,34,25,32,23,12,20,20,17,16,10,11,7,26,41,21,14
"06-10-2021",7,6,6,6,6,11,13,32,32,44,16,17,19,25,20,18,14,11,10,11,17,20,17,9
"07-10-2021",7,6,6,5,6,7,12,21,22,35,15,18,21,23,23,20,20,24,22,47,29,39,25,10
"08-10-2021",7,7,7,6,6,7,13,25,44,48,21,30,32,12,22,20,14,16,16,31,20,23,14,15
"09-10-2021",9,9,8,7,8,8,14,25,35,25,25,15,14,15,12,12,12,6,12,20,18,14,20,16
"10-10-2021",24,23,15,10,8,9,13,41,31,28,12,12,13,12,13,12,10,12,12,10,13,11,8,9
"11-10-2021",7,7,7,6,5,7,12,27,46,42,48,36,30,23,18,13,24,31,22,22,21,21,11,9
"12-10-2021",7,6,6,6,5,6,10,17,34,38,30,39,32,21,20,19,12,17,24,40,37,30,18,10
"13-10-2021",8,8,7,5,6,7,13,27,44,47,28,23,19,13,12,10,11,14,19,27,34,42,27,20
"14-10-2021",10,10,6,7,7,10,20,25,21,31,30,43,32,46,41,26,29,21,53,60,88,60,20,11
"15-10-2021",10,10,10,6,7,10,17,27,57,43,45,33,44,57,36,21,19,23,13,16,15,14,12,9
"16-10-2021",6,6,5,5,5,5,6,10,8,12,14,19,14,15,16,13,11,10,10,14,18,14,19,15
"17-10-2021",10,9,7,6,7,7,29,63,8,10,6,8,10,8,7,7,8,8,6,19,26,26,20,18
"18-10-2021",11,10,8,7,7,10,26,51,96,50,26,22,16,11,10,9,8,14,8,28,23,31,33,15
"19-10-2021",11,8,7,6,6,7,46,44,84,52,22,28,27,23,21,17,17,16,15,36,28,29,27,14
"20-10-2021",12,7,6,6,6,8,21,35,45,32,38,33,31,25,27,17,7,6,17,24,31,24,37,28
"21-10-2021",10,8,7,6,7,11,17,28,54,63,25,18,16,15,12,13,11,15,14,18,19,15,12,8
"22-10-2021",6,5,5,5,5,7,9,18,36,42,16,16,16,11,11,13,12,13,16,21,23,25,20,13
"23-10-2021",9,7,6,5,7,6,9,17,28,30,14,13,16,8,6,11,10,7,10,21,29,22,26,23
"24-10-2021",16,13,12,8,8,7,8,30,11,25,8,10,20,15,15,17,14,15,16,19,28,55,48,30
"25-10-2021",9,7,6,5,5,6,10,14,21,30,16,22,17,17,17,17,11,13,11,13,17,20,10,8
"26-10-2021",8,7,6,6,6,7,13,27,53,38,32,25,16,20,19,17,14,25,23,25,15,31,13,14
"27-10-2021",8,8,6,6,6,7,20,31,57,32,20,19,27,14,14,20,16,17,24,22,26,37,20,13
"28-10-2021",9,14,8,9,7,6,17,26,8,8,10,20,10,11,9,7,7,10,11,12,14,23,16,14
"29-10-2021",11,6,6,6,6,12,21,32,61,33,16,32,17,22,18,21,19,21,27,42,99,88,36,19
"30-10-2021",13,8,9,8,7,11,16,14,34,18,17,16,14,13,11,10,11,10,12,19,22,20,16,16
"31-10-2021",14,12,9,8,7,7,8,20,11,12,9,9,9,10,9,10,10,9,13,10,16,26,17,25
"01-11-2021",16,11,6,6,5,5,8,13,22,28,31,35,30,19,20,13,6,6,10,27,70,71,31,18
"02-11-2021",11,6,8,6,5,6,7,16,29,33,44,50,44,24,20,19,17,16,31,27,36,33,31,28
"03-11-2021",12,7,8,6,5,6,8,14,40,82,24,9,12,13,7,10,13,13,25,44,39,30,37,27
"04-11-2021",13,14,9,8,5,8,10,34,36,36,58,34,37,33,28,34,27,24,30,40,31,25,24,18
"05-11-2021",12,10,9,6,6,6,6,14,26,34,33,32,34,31,31,24,27,16,19,22,18,25,29,20
"06-11-2021",14,11,9,8,9,16,18,23,54,44,34,36,27,23,18,14,12,13,21,41,72,36,35,59
"07-11-2021",38,48,22,13,11,11,8,8,14,9,9,12,17,14,12,11,10,14,25,51,42,27,46,32
"08-11-2021",25,26,22,15,15,11,14,30,59,110,117,67,33,15,8,8,13,12,11,26,40,56,53,49
"09-11-2021",18,19,7,6,5,5,9,16,42,44,29,20,10,9,12,10,15,19,25,28,54,29,38,33
"10-11-2021",24,11,8,6,6,7,9,27,54,88,65,20,17,22,30,16,19,31,30,25,24,23,23,11
"11-11-2021",9,8,7,7,6,9,16,45,43,27,21,15,19,18,22,18,16,20,33,35,43,28,19,11
"12-11-2021",9,7,7,6,5,8,19,20,21,35,26,32,22,26,19,21,12,22,26,38,21,25,24,12
"13-11-2021",9,7,6,6,6,8,14,10,13,16,25,19,22,20,19,14,10,5,7,13,15,15,15,10
"14-11-2021",10,9,7,7,8,7,13,8,9,9,11,11,12,12,10,9,11,15,19,22,32,39,10,10
"15-11-2021",9,6,6,7,6,8,25,51,82,44,66,54,46,23,24,24,17,31,75,63,55,50,57,10
"16-11-2021",7,6,8,7,6,9,18,30,29,19,22,20,20,22,25,20,17,17,71,82,60,99,78,36
"17-11-2021",11,8,6,5,6,8,21,66,63,18,19,22,13,24,19,12,12,8,5,6,11,25,27,13
"18-11-2021",7,6,6,6,5,9,13,36,67,50,38,32,36,25,46,26,42,39,58,67,85,40,34,12
"19-11-2021",11,11,6,6,6,11,17,51,53,49,38,16,22,28,29,21,17,18,32,32,33,32,23,16
"20-11-2021",15,9,9,8,6,8,11,19,20,16,27,19,24,18,19,17,20,17,22,31,35,29,28,15
"21-11-2021",15,15,8,8,9,10,15,84,20,21,14,15,9,7,6,5,9,42,34,34,19,24,18,18
"22-11-2021",22,16,10,6,6,7,8,47,73,48,47,81,38,37,58,36,26,39,58,39,28,27,15,15
"23-11-2021",7,6,5,6,7,6,9,25,44,54,45,33,39,20,25,30,27,36,37,44,26,19,25,19
"24-11-2021",9,8,7,6,6,11,21,60,77,49,52,-9999,-9999,-9999,-9999,-9999,34,28,31,41,41,31,42,33
"25-11-2021",23,20,15,18,18,19,27,65,83,50,31,30,41,33,38,34,31,35,45,50,64,56,25,25
"26-11-2021",21,24,17,18,16,19,26,30,53,51,47,63,78,62,54,39,46,26,29,35,28,24,23,18
"27-11-2021",16,16,16,18,15,16,16,20,22,25,29,33,30,49,47,34,23,22,25,35,25,20,18,22
"28-11-2021",27,19,16,15,15,15,16,18,16,17,18,18,22,21,19,17,17,18,21,33,29,27,19,19
"29-11-2021",19,15,15,15,14,15,18,21,28,27,28,25,28,27,29,25,25,26,26,26,24,23,18,17
"30-11-2021",16,15,15,15,15,16,16,16,19,22,25,23,21,23,20,20,18,21,24,32,26,23,33,18
"01-12-2021",20,18,16,15,15,18,25,40,62,65,35,40,33,36,32,26,27,46,35,41,43,38,38,23
"02-12-2021",22,25,22,21,19,19,43,86,115,101,36,37,32,34,34,33,36,30,27,54,45,27,31,19
"03-12-2021",15,16,15,15,15,16,18,26,29,55,53,41,42,58,60,48,47,38,41,40,41,33,25,20
"04-12-2021",18,18,18,17,16,18,22,27,39,56,49,44,41,41,40,31,27,36,49,73,49,62,48,34
"05-12-2021",35,34,22,22,18,23,23,80,20,27,24,19,22,20,21,21,18,21,24,25,26,49,52,37
"06-12-2021",19,15,15,15,15,17,21,31,49,38,30,27,27,22,25,30,27,28,28,25,28,28,23,19
"07-12-2021",17,16,18,16,16,16,23,43,57,59,50,43,44,41,31,34,30,30,40,52,41,32,26,21
"08-12-2021",17,17,15,16,15,19,28,46,57,44,42,37,33,37,36,29,28,30,32,48,47,37,39,20
"09-12-2021",24,26,21,21,22,36,33,74,68,96,72,60,52,32,37,30,26,29,30,32,29,25,20,17
"10-12-2021",17,17,15,17,16,16,18,22,25,24,29,30,31,29,30,27,23,26,30,29,37,28,21,19
"11-12-2021",17,16,17,15,15,21,23,17,19,19,27,19,34,45,39,31,21,25,23,20,19,19,20,19
"12-12-2021",18,16,15,15,15,16,17,18,25,19,22,23,23,25,25,25,26,33,36,32,28,21,21,17
"13-12-2021",21,19,18,16,16,17,22,35,33,44,43,40,43,38,40,38,33,30,31,50,54,59,48,32
"14-12-2021",21,22,20,18,16,22,28,78,58,64,56,42,37,36,37,37,31,35,42,54,57,50,45,38
"15-12-2021",24,23,17,16,16,20,33,59,48,47,41,47,35,39,41,42,34,37,86,100,133,122,85,61
"16-12-2021",46,32,37,19,19,27,38,62,97,80,58,33,39,35,47,41,37,55,60,62,59,68,53,25
"17-12-2021",26,27,17,17,16,24,26,44,38,48,49,54,34,37,35,34,25,40,46,47,46,55,39,29
"18-12-2021",25,21,20,17,17,18,21,24,25,23,26,26,36,36,28,30,26,25,27,26,26,25,26,20
"19-12-2021",24,19,19,18,19,19,19,42,26,22,26,27,29,25,25,23,26,30,46,37,40,33,22,26
"20-12-2021",17,19,17,16,16,18,29,63,81,88,60,33,31,37,34,32,45,48,74,64,61,50,37,19
"21-12-2021",17,16,15,14,16,17,28,47,58,55,-9999,-9999,-9999,-9999,-9999,-9999,30,45,65,91,42,58,36,20
"22-12-2021",17,19,18,16,16,18,35,70,89,59,37,60,32,29,41,39,37,41,40,42,73,40,41,29
"23-12-2021",21,18,17,16,15,18,48,68,103,64,34,25,37,45,41,37,33,40,57,73,68,72,44,62
"24-12-2021",35,24,17,16,17,18,19,38,42,51,49,54,55,36,48,39,40,67,77,53,76,67,42,44
"25-12-2021",33,32,18,15,17,15,15,16,18,21,24,21,23,24,18,19,22,18,24,42,49,22,18,17
"26-12-2021",16,16,16,15,15,16,21,21,18,16,21,20,21,19,17,18,17,17,20,20,22,21,20,21
"27-12-2021",19,31,20,19,15,20,24,22,22,31,27,28,32,30,31,25,30,34,35,44,44,58,35,32
"28-12-2021",22,17,17,19,16,18,28,38,47,55,57,50,49,49,60,60,44,32,91,110,97,90,120,43
"29-12-2021",25,21,18,17,15,18,35,87,102,99,71,49,38,35,38,30,42,52,48,56,74,89,69,28
"30-12-2021",23,17,16,14,16,18,35,60,94,88,46,53,46,48,41,27,30,37,50,43,54,55,39,32
"31-12-2021",23,16,15,15,14,18,24,24,40,39,66,33,39,38,34,30,33,35,43,42,54,44,32,15
"01-01-2022",24,27,21,16,17,16,16,16,21,26,22,20,17,32,19,19,48,91,67,72,81,84,89,81
"02-01-2022",35,23,18,15,14,15,21,30,45,34,57,85,79,35,34,25,72,148,88,107,95,73,28,28
"03-01-2022",33,23,16,16,16,22,34,49,69,91,73,37,39,32,31,28,21,21,30,38,35,26,21,17
"04-01-2022",15,15,15,14,15,17,24,44,53,74,42,36,30,29,29,22,21,35,48,48,65,68,27,18
"05-01-2022",16,15,14,14,14,16,19,26,34,31,32,37,35,36,27,29,28,37,40,31,24,68,45,39
"06-01-2022",28,19,16,15,15,14,16,16,20,36,41,22,17,17,19,17,17,22,30,48,65,48,35,34
"07-01-2022",36,21,19,16,15,22,49,74,54,78,64,49,67,53,41,41,39,44,40,84,93,132,87,25
"08-01-2022",17,17,14,14,14,15,17,28,35,37,40,40,35,29,19,18,20,30,37,52,51,30,36,31
"09-01-2022",19,17,15,15,15,15,16,16,23,23,21,21,21,21,22,22,24,19,25,23,24,23,19,18
"10-01-2022",16,15,15,15,15,18,26,67,53,54,26,32,40,39,41,34,36,41,54,50,51,28,22,20
"11-01-2022",18,16,15,15,15,18,25,52,44,39,34,35,41,33,27,30,34,34,35,34,50,47,38,20
"12-01-2022",17,15,16,14,15,17,29,41,36,32,31,35,35,35,28,31,32,26,27,33,28,25,23,21
"13-01-2022",17,16,15,14,14,19,22,28,35,34,30,23,26,24,27,30,22,31,27,35,37,40,21,20
"14-01-2022",19,16,17,16,15,17,19,26,47,34,39,35,36,23,24,23,18,32,49,67,46,55,33,28
"15-01-2022",20,18,16,15,15,19,24,29,52,74,25,29,34,34,37,44,93,93,45,93,69,43,37,32
"16-01-2022",47,21,16,17,16,18,16,27,37,34,29,25,24,25,22,21,20,21,28,47,31,33,24,22
"17-01-2022",17,15,15,15,15,18,21,60,84,99,64,46,39,38,28,39,32,39,42,45,33,31,21,19
"18-01-2022",16,18,16,14,15,16,30,104,173,86,25,21,23,36,30,28,27,35,48,91,43,34,24,19
"19-01-2022",18,15,16,14,14,14,30,37,60,40,29,20,21,22,33,29,28,28,36,55,57,75,53,22
"20-01-2022",20,23,15,15,15,20,26,53,60,82,46,28,33,29,32,29,28,33,52,56,47,27,23,17
"21-01-2022",17,15,14,14,14,15,18,22,33,35,35,35,33,32,32,27,24,26,25,31,41,42,22,19
"22-01-2022",18,15,15,14,14,15,17,19,22,24,25,28,27,29,20,22,20,23,29,28,33,39,33,30
"23-01-2022",19,17,16,15,14,14,15,19,17,19,21,21,19,16,17,18,19,20,25,29,29,24,22,22
"24-01-2022",21,17,15,14,14,16,21,28,36,32,36,29,30,32,28,26,25,23,31,28,26,21,24,19
"25-01-2022",15,16,15,14,14,14,19,26,35,37,35,34,31,32,21,27,23,24,38,52,34,31,28,24
"26-01-2022",20,16,14,15,14,19,22,32,39,40,28,27,23,20,19,17,18,27,46,47,42,47,38,23
"27-01-2022",19,24,15,15,15,16,22,28,37,44,51,42,32,20,19,15,19,18,76,98,90,111,58,27
"28-01-2022",26,21,17,15,16,18,21,69,89,116,42,33,35,29,28,29,25,32,53,75,52,44,34,21
"29-01-2022",24,20,18,16,15,17,17,23,25,34,35,37,42,43,38,24,29,29,27,32,28,26,24,22
"30-01-2022",21,17,17,16,16,16,20,54,39,41,21,22,18,20,20,18,17,19,33,42,27,25,22,23
"31-01-2022",19,21,16,15,14,20,23,38,50,52,30,22,17,21,18,22,27,40,92,63,53,75,48,23
"01-02-2022",19,18,16,15,15,17,27,43,65,62,67,60,39,36,38,25,21,27,28,32,44,33,31,28
"02-02-2022",18,18,15,15,15,18,24,41,58,91,63,40,27,30,30,27,20,23,30,27,30,21,19,19
"03-02-2022",18,16,15,15,15,16,18,31,35,32,39,32,33,36,29,27,25,35,31,35,42,38,22,20
"04-02-2022",16,19,16,15,16,20,26,49,60,67,27,28,27,32,33,27,21,26,45,45,39,34,26,29
"05-02-2022",24,33,22,16,15,17,28,49,56,70,44,44,17,20,17,16,15,48,79,88,75,128,108,72
"06-02-2022",63,63,33,19,18,19,20,68,42,28,20,20,17,22,22,18,18,20,20,31,48,34,33,40
"07-02-2022",32,41,25,15,15,16,27,30,30,38,44,38,37,34,28,28,22,22,23,25,22,23,21,17
"08-02-2022",15,15,15,15,14,15,17,23,22,20,19,28,24,24,28,25,25,27,34,39,39,26,22,20
"09-02-2022",19,16,15,15,15,16,25,38,47,43,37,42,21,20,23,20,20,26,52,47,50,56,52,32
"10-02-2022",30,24,19,15,19,26,40,100,96,-9999,-9999,-9999,-9999,-9999,24,24,19,18,23,37,42,37,57,9
"11-02-2022",13,12,14,15,14,26,29,33,64,5,13,14,21,24,25,25,24,23,36,33,35,42,26,18
"12-02-2022",22,17,13,14,15,17,18,23,25,19,11,20,22,14,16,18,17,21,31,43,56,37,41,19
"13-02-2022",14,16,20,14,16,19,16,31,22,12,19,18,16,15,18,17,17,16,23,17,25,20,19,18
"14-02-2022",15,16,15,15,15,15,21,24,33,35,26,17,15,17,14,20,16,17,23,32,24,32,23,25
"15-02-2022",17,20,11,16,15,16,33,43,41,26,30,24,26,14,14,18,18,23,24,27,53,32,7,18
"16-02-2022",19,15,13,14,14,15,26,35,27,29,27,24,28,30,27,30,20,23,21,28,23,26,20,16
"17-02-2022",15,16,14,13,13,15,24,41,42,19,20,22,18,21,18,19,20,22,25,22,23,21,20,16
"18-02-2022",19,15,14,14,14,15,19,34,54,23,18,19,21,20,19,19,18,24,35,44,36,38,27,20
"19-02-2022",15,18,14,15,17,15,22,29,25,23,16,22,16,22,22,17,17,19,21,31,33,35,30,21
"20-02-2022",15,15,16,15,15,15,17,20,16,15,16,17,18,17,18,16,17,21,22,20,18,20,25,20
"21-02-2022",23,12,14,15,13,18,22,36,44,53,3,20,18,18,23,20,18,17,21,21,29,20,20,21
"22-02-2022",15,14,13,14,14,15,19,28,27,22,23,23,22,21,24,25,21,24,21,29,27,21,22,15
"23-02-2022",16,16,15,15,16,16,22,23,37,34,25,28,23,24,29,27,24,22,27,25,25,28,23,17
"24-02-2022",18,18,16,16,15,17,21,28,29,27,25,27,27,29,25,26,26,28,29,28,27,27,26,36
"25-02-2022",21,19,16,16,18,19,25,41,38,24,28,26,25,20,19,18,18,22,29,28,25,27,20,20
"26-02-2022",16,16,15,15,16,15,24,26,28,20,20,27,23,22,25,21,23,22,23,24,21,32,22,23
"27-02-2022",20,19,17,15,15,15,15,15,14,15,16,17,16,16,17,16,15,17,19,18,20,20,20,16
"28-02-2022",15,17,14,14,14,17,22,26,33,24,25,25,28,21,19,21,18,16,26,31,27,24,18,21
"01-03-2022",17,15,14,14,15,16,20,31,32,25,24,19,21,25,23,22,21,23,26,36,21,37,37,18
"02-03-2022",17,15,15,14,15,15,19,23,27,28,31,27,26,29,27,24,22,19,22,27,26,27,17,22
"03-03-2022",16,21,16,15,17,18,25,34,26,24,23,21,23,21,26,21,18,22,26,32,26,25,22,19
"04-03-2022",17,19,15,16,15,17,22,22,26,32,17,17,23,18,17,19,23,24,36,38,33,25,21,26
"05-03-2022",19,20,19,20,17,25,18,28,42,21,20,23,19,27,27,22,22,25,22,34,22,25,27,27
"06-03-2022",24,21,22,24,28,20,36,77,15,21,17,19,17,21,19,22,22,22,25,28,21,22,25,24
"07-03-2022",20,20,18,19,19,22,39,47,25,12,16,14,14,15,14,14,14,16,17,18,20,19,17,16
"08-03-2022",14,16,14,14,15,17,19,28,33,24,29,19,18,22,21,20,18,20,20,28,24,22,20,16
"09-03-2022",15,16,14,15,13,14,22,31,23,27,24,22,24,25,25,20,19,23,28,26,25,24,22,18
"10-03-2022",17,18,14,17,15,16,20,33,31,23,21,18,19,18,17,24,23,24,25,26,25,24,20,18
"11-03-2022",15,16,15,15,15,16,21,35,12,20,19,21,21,20,24,22,18,18,19,29,24,29,21,17
"12-03-2022",20,17,16,15,14,16,18,19,20,24,19,20,21,19,24,21,18,17,21,20,20,24,21,19
"13-03-2022",17,17,17,16,16,16,18,16,22,16,17,18,19,18,18,16,14,15,18,19,19,19,21,18
"14-03-2022",20,19,16,15,14,16,23,31,37,24,19,25,29,26,24,22,21,24,23,22,23,24,23,20
"15-03-2022",20,24,15,14,15,15,20,33,36,17,22,18,18,17,17,17,18,18,23,30,26,23,19,19
"16-03-2022",19,18,15,14,14,17,21,27,45,25,16,19,20,20,21,18,17,20,21,28,25,25,19,20
"17-03-2022",15,18,15,14,14,16,22,28,29,11,14,15,18,18,16,16,21,22,20,25,29,49,32,14
"18-03-2022",14,16,14,14,14,15,18,24,25,17,18,25,24,20,30,16,21,23,21,20,22,23,19,17
"19-03-2022",16,16,16,16,15,15,16,18,18,18,19,19,20,20,21,19,19,19,22,21,20,20,20,19
"20-03-2022",17,17,16,15,16,16,16,18,16,17,17,19,19,19,19,18,17,17,18,19,18,19,18,18
"21-03-2022",16,16,15,15,15,15,18,26,28,28,27,23,26,23,22,24,22,25,24,24,24,22,20,18
"22-03-2022",16,16,15,15,14,15,25,41,17,25,28,24,22,27,24,23,20,22,23,38,28,26,20,18
"23-03-2022",17,16,14,14,14,17,17,34,22,27,25,24,23,21,23,21,20,22,27,25,26,20,21,22
"24-03-2022",20,16,15,16,16,17,26,45,26,13,18,21,18,22,21,21,19,22,29,35,22,24,22,18
"25-03-2022",18,18,16,15,15,15,17,34,32,14,15,19,21,17,16,15,15,19,17,17,19,19,18,17
"26-03-2022",16,15,16,14,15,15,18,18,19,19,18,17,15,17,20,21,17,15,17,19,21,20,15,16
"27-03-2022",17,17,18,15,15,15,18,18,16,15,16,27,20,15,14,15,14,16,19,19,22,26,17,15
"28-03-2022",15,15,14,14,15,19,32,34,26,26,32,34,23,24,24,19,21,21,22,29,30,17,31,18
"29-03-2022",14,13,14,13,14,20,28,23,24,26,28,25,23,23,22,19,20,20,23,36,22,19,16,15
"30-03-2022",15,14,15,14,15,22,30,-9999,28,21,15,19,16,25,19,19,17,17,22,19,17,23,18,14
"31-03-2022",15,16,14,14,15,20,18,27,28,29,33,26,22,21,29,24,18,24,31,30,33,22,17,16
"01-04-2022",14,15,15,14,14,15,17,28,29,22,26,22,20,21,22,22,20,22,21,19,22,22,18,18
"02-04-2022",15,15,15,14,14,14,15,16,17,20,19,19,20,20,18,18,19,22,19,18,18,17,18,18
"03-04-2022",17,15,15,15,15,15,15,16,16,17,15,15,16,16,16,16,16,16,18,17,18,20,20,18
"04-04-2022",17,16,15,15,14,15,19,23,31,28,16,26,22,22,26,23,22,22,23,27,26,26,33,23
"05-04-2022",16,17,16,15,15,16,19,27,29,31,23,26,24,22,23,23,22,19,18,20,30,22,17,15
"06-04-2022",16,15,14,14,14,16,21,34,39,19,20,22,18,23,24,17,15,16,15,17,22,20,18,18
"07-04-2022",17,15,17,15,14,15,17,24,25,23,22,26,26,23,21,19,19,22,21,22,20,20,17,19
"08-04-2022",16,15,19,14,14,16,16,23,26,22,23,22,28,28,19,20,19,19,26,19,21,23,20,19
"09-04-2022",16,21,16,21,16,16,16,21,18,15,18,18,18,18,16,16,16,17,21,17,17,20,23,19
"10-04-2022",17,17,16,15,15,16,17,18,16,15,15,16,18,16,16,16,16,16,16,17,17,17,16,16
"11-04-2022",15,16,15,14,15,16,18,23,27,24,19,20,21,19,19,19,19,18,22,20,22,20,20,18
"12-04-2022",17,15,15,15,15,15,22,28,28,25,20,17,17,16,16,17,17,19,18,25,23,19,16,16
"13-04-2022",17,18,15,14,14,18,20,29,24,17,18,21,22,19,20,18,19,17,18,21,21,19,15,16
"14-04-2022",15,16,14,15,15,16,19,28,28,28,23,22,21,20,20,22,21,18,21,21,21,17,15,15
"15-04-2022",17,15,15,15,15,15,19,21,29,25,28,27,25,25,19,22,19,24,18,21,20,22,18,17
"16-04-2022",16,15,16,15,15,15,16,18,19,20,23,22,20,21,19,19,18,18,18,19,21,18,21,21
"17-04-2022",16,15,14,15,16,15,19,15,15,15,16,16,17,17,16,17,18,16,18,17,16,16,17,16
"18-04-2022",15,15,14,14,14,15,17,20,21,23,24,25,22,17,23,21,17,19,19,23,20,17,18,16
"19-04-2022",15,15,14,14,14,15,18,20,24,17,21,18,19,20,18,18,17,18,18,24,21,22,18,17
"20-04-2022",15,18,15,14,14,15,18,19,20,15,16,18,18,19,16,19,20,21,17,19,22,19,19,16
"21-04-2022",16,15,15,14,14,16,20,21,19,28,21,22,22,19,19,17,17,18,18,22,20,21,16,16
"22-04-2022",15,17,15,14,16,14,15,15,16,18,20,20,20,24,23,21,18,18,20,19,16,15,18,16
"23-04-2022",18,19,14,14,14,14,18,18,16,14,15,16,18,17,24,16,16,24,16,16,17,15,15,15
"24-04-2022",15,14,15,14,14,14,14,14,14,14,14,15,16,15,15,14,14,19,15,14,15,15,15,14
"25-04-2022",15,15,14,14,14,14,14,14,15,15,16,16,18,15,15,14,15,18,15,17,15,18,19,16
"26-04-2022",15,17,14,14,14,16,20,20,22,20,20,18,17,18,26,16,16,22,18,20,18,29,18,17
"27-04-2022",17,17,14,14,14,15,19,19,22,17,15,16,18,15,16,16,15,16,16,18,17,16,15,16
"28-04-2022",14,15,15,14,15,18,22,27,25,24,24,22,22,19,19,19,20,20,24,24,20,22,17,19
"29-04-2022",20,19,27,9,14,15,21,37,24,24,23,25,21,26,24,23,20,23,24,21,21,24,21,15
"30-04-2022",17,17,14,14,14,15,19,18,20,17,19,17,17,18,19,18,16,15,16,16,18,17,15,15
"01-05-2022",16,15,15,14,15,14,15,26,15,16,15,16,15,16,16,20,18,17,17,17,16,18,16,15
"02-05-2022",15,15,15,14,14,14,14,14,15,16,17,16,17,16,16,15,15,16,16,16,17,17,17,16
"03-05-2022",16,15,14,14,14,15,19,25,17,16,20,19,18,18,18,18,17,19,22,18,17,19,17,15
"04-05-2022",15,15,14,14,15,14,17,22,21,18,18,17,17,19,17,16,15,16,19,19,19,18,16,16
"05-05-2022",15,15,15,14,14,15,18,21,21,20,19,20,16,16,18,17,16,22,18,18,21,21,19,16
"06-05-2022",14,15,14,14,14,16,19,25,19,21,22,23,21,22,22,20,19,26,19,26,21,21,24,19
"07-05-2022",16,22,16,14,15,15,20,27,17,19,18,18,19,22,20,17,16,15,18,15,18,16,19,18
"08-05-2022",15,14,15,15,15,14,16,16,16,15,18,18,21,18,16,15,16,15,16,16,17,16,15,17
"09-05-2022",16,16,15,14,14,14,16,25,32,22,28,24,23,22,18,19,19,18,20,15,15,18,19,15
"10-05-2022",15,14,14,16,14,15,17,21,22,22,20,18,19,20,20,19,18,18,18,17,20,24,14,17
"11-05-2022",14,14,14,14,14,15,19,24,30,18,20,17,19,19,18,20,18,19,16,19,18,17,15,15
"12-05-2022",15,15,15,14,14,16,16,26,16,-9999,-9999,-9999,-9999,13,12,15,20,21,15,18,12,15,11,9
"13-05-2022",10,9,8,8,9,9,13,19,12,16,10,11,13,11,15,13,11,14,26,16,14,16,16,15
"14-05-2022",12,13,9,8,8,9,10,10,9,11,13,14,14,11,13,11,14,10,16,14,14,20,19,13
"15-05-2022",10,10,11,10,9,8,9,9,12,10,10,10,11,14,11,10,10,23,21,11,10,11,11,10
"16-05-2022",9,9,9,8,9,16,14,25,13,12,14,15,14,12,14,13,11,11,13,12,14,14,11,13
"17-05-2022",11,12,8,8,8,9,14,24,13,14,11,13,17,14,14,14,12,13,16,15,12,14,17,12
"18-05-2022",10,9,9,8,8,9,11,26,17,14,17,15,16,13,15,13,11,12,13,14,12,15,19,12
"19-05-2022",10,10,9,7,7,8,10,14,13,17,25,24,20,23,24,20,19,15,17,17,17,18,14,10
"20-05-2022",9,10,9,9,10,11,16,22,22,27,17,20,17,20,15,14,17,15,14,20,21,20,15,14
"21-05-2022",11,11,9,11,8,10,16,11,20,10,9,10,12,14,10,10,10,11,10,11,10,13,11,11
"22-05-2022",10,9,10,9,8,8,9,20,8,8,9,9,11,10,10,9,9,9,12,10,10,11,10,10
"23-05-2022",9,12,9,8,8,8,9,17,20,12,12,11,13,13,12,12,13,11,14,13,15,12,12,9
"24-05-2022",9,9,9,8,9,9,13,16,13,14,16,14,17,14,13,11,14,17,13,13,12,15,9,9
"25-05-2022",12,9,15,8,8,8,18,14,25,13,15,19,15,13,12,15,11,12,16,13,18,23,18,16
"26-05-2022",7,13,9,10,8,9,15,16,16,14,16,18,15,16,12,12,14,18,14,17,23,24,6,9
"27-05-2022",9,14,9,9,8,8,14,11,18,12,18,39,14,11,15,13,16,15,23,12,10,11,16,15
"28-05-2022",9,10,10,9,9,10,14,16,18,20,19,19,29,13,14,13,10,9,9,12,13,18,17,9
"29-05-2022",10,10,10,9,8,11,12,11,9,9,10,9,10,9,9,10,10,9,10,11,12,10,13,10
"30-05-2022",10,10,9,9,9,9,12,17,13,13,11,13,23,13,15,13,13,12,23,12,13,16,13,11
"31-05-2022",9,8,10,8,9,9,10,14,10,12,11,19,16,15,12,12,20,17,14,16,17,22,15,11
"01-06-2022",10,9,9,8,8,9,9,15,11,11,13,16,12,10,9,9,11,11,14,10,11,9,9,10
"02-06-2022",10,10,10,10,9,9,18,29,22,17,17,22,20,17,20,14,12,15,13,15,10,14,19,10
"03-06-2022",12,13,10,14,8,10,21,23,-9999,-9999,-9999,-9999,-9999,-9999,-9999,-9999,-9999,-9999,-9999,-9999,-9999,-9999,-9999,-9999
"04-06-2022",-9999,-9999,-9999,-9999,-9999,-9999,-9999,-9999,-9999,-9999,-9999,-9999,-9999,-9999,-9999,-9999,-9999,-9999,-9999,-9999,-9999,-9999,-9999,-9999
"05-06-2022",-9999,-9999,-9999,-9999,-9999,-9999,-9999,-9999,-9999,-9999,-9999,-9999,-9999,-9999,-9999,-9999,-9999,-9999,-9999,-9999,-9999,-9999,-9999,-9999
"06-06-2022",-9999,-9999,-9999,-9999,-9999,-9999,-9999,-9999,-9999,-9999,-9999,-9999,-9999,-9999,-9999,-9999,-9999,-9999,-9999,-9999,-9999,-9999,-9999,-9999
"07-06-2022",-9999,-9999,-9999,-9999,-9999,-9999,-9999,-9999,-9999,-9999,-9999,-9999,-9999,-9999,-9999,-9999,-9999,-9999,-9999,-9999,-9999,-9999,-9999,-9999
"08-06-2022",-9999,-9999,-9999,-9999,-9999,-9999,-9999,-9999,-9999,-9999,-9999,-9999,-9999,-9999,-9999,-9999,-9999,-9999,-9999,-9999,-9999,-9999,-9999,-9999
"09-06-2022",-9999,-9999,-9999,-9999,-9999,-9999,-9999,-9999,-9999,-9999,-9999,-9999,-9999,-9999,-9999,-9999,-9999,-9999,-9999,-9999,-9999,-9999,-9999,-9999
"10-06-2022",-9999,-9999,-9999,-9999,-9999,-9999,-9999,-9999,-9999,-9999,-9999,-9999,-9999,-9999,-9999,-9999,-9999,-9999,-9999,-9999,-9999,-9999,-9999,-9999
"11-06-2022",-9999,-9999,-9999,-9999,-9999,-9999,-9999,-9999,-9999,-9999,-9999,-9999,-9999,-9999,-9999,-9999,-9999,-9999,-9999,-9999,-9999,-9999,-9999,-9999
"12-06-2022",-9999,-9999,-9999,-9999,-9999,-9999,-9999,-9999,-9999,-9999,-9999,-9999,-9999,-9999,-9999,-9999,-9999,-9999,-9999,-9999,-9999,-9999,-9999,-9999
"13-06-2022",-9999,-9999,-9999,-9999,-9999,-9999,-9999,-9999,-9999,-9999,-9999,-9999,-9999,-9999,-9999,-9999,-9999,-9999,-9999,-9999,-9999,-9999,-9999,-9999
"14-06-2022",-9999,-9999,-9999,-9999,-9999,-9999,-9999,-9999,-9999,-9999,-9999,-9999,-9999,-9999,-9999,-9999,-9999,-9999,-9999,-9999,-9999,-9999,-9999,-9999
"15-06-2022",-9999,-9999,-9999,-9999,-9999,-9999,-9999,-9999,-9999,-9999,-9999,-9999,-9999,-9999,-9999,-9999,-9999,-9999,-9999,-9999,-9999,-9999,-9999,-9999
"16-06-2022",-9999,-9999,-9999,-9999,-9999,-9999,-9999,-9999,-9999,-9999,-9999,-9999,-9999,-9999,-9999,-9999,-9999,-9999,-9999,-9999,-9999,-9999,-9999,-9999
"17-06-2022",-9999,-9999,-9999,-9999,-9999,-9999,-9999,-9999,-9999,-9999,-9999,-9999,-9999,-9999,-9999,-9999,-9999,-9999,-9999,-9999,-9999,-9999,-9999,-9999
"18-06-2022",-9999,-9999,-9999,-9999,-9999,-9999,-9999,-9999,-9999,-9999,-9999,-9999,-9999,-9999,-9999,-9999,-9999,-9999,-9999,-9999,-9999,-9999,-9999,-9999
"19-06-2022",-9999,-9999,-9999,-9999,-9999,-9999,-9999,-9999,-9999,-9999,-9999,-9999,-9999,-9999,-9999,-9999,-9999,-9999,-9999,-9999,-9999,-9999,-9999,-9999
"20-06-2022",-9999,-9999,-9999,-9999,-9999,-9999,-9999,-9999,-9999,-9999,-9999,-9999,-9999,-9999,-9999,13,17,14,16,16,21,19,15,12
"21-06-2022",12,12,10,9,9,11,15,18,19,17,16,23,20,19,51,15,13,15,22,14,16,16,21,13
"22-06-2022",12,11,10,10,10,11,14,17,17,19,17,16,15,16,17,15,14,14,13,14,14,23,17,12
"23-06-2022",14,11,10,10,10,10,13,16,19,17,17,13,22,19,22,17,15,15,16,20,20,20,16,16
"24-06-2022",14,12,11,10,10,10,13,20,16,19,18,15,15,16,18,17,16,20,16,15,16,19,16,14
"25-06-2022",16,16,13,12,11,12,11,12,21,17,16,14,16,16,16,14,13,12,12,13,14,15,14,12
"26-06-2022",11,11,10,11,11,11,12,15,11,10,11,11,13,15,12,12,13,13,16,12,13,13,15,14
"27-06-2022",12,12,13,11,10,11,13,22,24,15,13,19,25,20,15,12,12,13,16,16,13,20,17,18
"28-06-2022",16,13,12,11,10,10,12,25,20,26,23,22,20,21,20,18,13,15,19,21,29,16,19,14
"29-06-2022",14,11,10,10,10,11,16,18,20,18,20,24,20,22,20,20,19,20,20,15,15,16,14,13
"30-06-2022",12,11,12,10,10,10,11,24,16,12,13,13,13,18,16,13,13,16,18,17,22,18,15,15
"01-07-2022",13,11,12,10,10,12,12,20,20,25,17,18,13,19,18,15,15,12,14,14,18,21,15,15
"02-07-2022",16,14,12,11,12,12,16,17,18,16,15,15,18,20,12,13,13,11,12,14,13,16,20,18
"03-07-2022",22,12,11,12,10,10,11,11,12,11,13,14,13,12,11,12,12,12,12,12,13,16,14,14
"04-07-2022",11,11,10,10,10,11,13,18,19,17,17,23,24,17,17,16,15,16,13,12,18,15,17,16
"05-07-2022",13,11,11,10,10,10,12,21,19,20,22,25,18,17,17,16,15,15,17,18,22,20,16,17
"06-07-2022",13,13,12,12,13,11,15,20,21,27,17,23,25,14,12,14,16,16,20,12,13,14,14,13
"07-07-2022",12,12,11,10,10,12,18,14,16,15,16,21,20,16,14,14,13,14,21,18,14,16,16,13
"08-07-2022",13,12,11,11,10,10,11,17,17,14,12,20,20,11,14,14,13,10,12,17,14,18,15,13
"09-07-2022",11,12,10,10,10,10,12,13,14,15,16,16,16,15,18,12,12,11,14,14,15,16,19,17
"10-07-2022",14,12,11,10,10,10,11,11,12,12,13,13,13,12,12,11,15,12,16,13,11,13,15,15
"11-07-2022",13,13,10,10,11,11,13,18,23,18,15,17,17,18,14,12,11,12,20,15,15,14,19,16
"12-07-2022",12,13,12,11,12,11,14,20,18,16,20,18,17,22,12,12,12,15,20,19,21,19,14,15
"13-07-2022",13,12,11,11,10,12,14,21,14,16,15,17,18,20,16,18,14,17,18,18,15,17,20,13
"14-07-2022",14,12,12,11,10,12,15,22,17,17,14,20,15,13,14,13,13,15,20,15,13,19,18,14
"15-07-2022",11,11,10,10,10,11,20,30,18,26,20,18,19,18,16,15,14,15,15,16,17,14,15,14
"16-07-2022",13,12,12,11,11,11,13,17,18,16,14,19,14,13,13,12,13,11,14,13,14,13,13,13
"17-07-2022",14,12,12,11,12,11,43,-9999,11,13,10,12,11,13,11,12,10,13,13,13,14,13,13,13
"18-07-2022",17,11,12,11,11,12,16,24,18,27,16,19,21,20,21,20,13,17,14,15,17,17,16,14
"19-07-2022",11,10,10,10,10,11,16,18,19,20,20,21,18,25,16,16,13,15,19,18,20,20,19,15
"20-07-2022",11,11,10,10,9,11,15,14,17,21,19,19,21,22,20,16,15,16,16,17,15,19,15,14
"21-07-2022",11,11,10,10,10,11,14,17,17,15,16,25,18,19,16,14,12,16,16,15,17,17,13,12
"22-07-2022",18,15,12,11,11,12,13,23,23,26,17,14,16,16,21,15,12,15,14,18,20,21,17,15
"23-07-2022",16,13,11,13,12,12,17,19,22,27,22,18,18,16,16,14,14,15,14,13,14,13,15,13
"24-07-2022",14,14,12,13,13,12,20,13,13,13,11,11,12,12,12,11,11,12,12,12,13,12,16,16
"25-07-2022",13,14,13,11,11,19,16,15,15,17,23,17,13,24,17,17,14,12,15,12,13,12,11,10
"26-07-2022",10,10,10,10,10,10,11,16,12,14,12,13,19,16,16,16,11,12,12,12,14,13,13,12
"27-07-2022",11,10,10,10,10,10,13,13,12,13,12,13,16,18,18,16,12,13,14,13,11,12,11,11
"28-07-2022",10,10,10,11,9,19,11,17,16,16,18,19,15,17,18,17,19,14,17,15,19,24,18,18
"29-07-2022",17,17,13,10,10,11,19,21,23,21,25,24,22,18,19,16,16,14,16,14,15,16,15,14
"30-07-2022",14,14,11,11,11,12,13,16,17,18,17,13,15,21,15,19,15,16,12,12,15,13,12,12
"31-07-2022",12,11,11,11,10,14,17,11,10,10,10,10,11,12,10,11,11,11,12,12,12,12,13,13
"01-08-2022",13,11,11,11,10,10,12,17,19,20,23,17,18,15,17,15,13,12,11,12,12,11,11,12
"02-08-2022",11,10,10,10,10,10,14,17,15,16,17,-9999,-9999,-9999,-9999,-9999,-9999,-9999,19,20,17,19,18,16
"03-08-2022",15,14,14,13,15,15,16,22,22,25,27,23,23,21,20,18,16,16,18,18,15,23,21,17
"04-08-2022",16,14,14,13,13,15,16,22,-9999,-9999,-9999,-9999,24,26,24,22,18,18,23,23,25,20,17,17
"05-08-2022",15,15,13,12,12,13,15,31,33,20,18,18,23,20,13,13,13,14,17,14,14,14,15,16
"06-08-2022",15,16,16,16,13,14,16,19,19,19,15,14,21,39,14,14,15,15,15,17,19,17,15,16
"07-08-2022",15,16,14,15,15,19,18,19,17,17,16,18,16,18,14,14,14,16,15,13,14,15,15,15
"08-08-2022",12,16,13,14,14,14,17,20,21,24,29,24,22,28,24,22,17,18,23,19,18,20,16,15
"09-08-2022",14,13,12,13,12,13,17,21,25,19,22,21,23,25,25,22,21,21,28,25,24,21,21,17
"10-08-2022",15,13,12,12,12,13,20,33,32,21,17,22,20,20,17,18,15,15,14,19,15,15,14,18
"11-08-2022",16,14,12,13,13,14,16,26,28,28,22,26,26,21,19,20,18,21,21,21,24,21,19,17
"12-08-2022",15,13,12,13,13,16,19,23,28,17,21,21,20,24,20,18,14,15,18,18,16,14,13,14
"13-08-2022",13,12,13,12,12,12,12,15,18,15,19,18,22,17,16,15,14,13,13,15,15,16,14,16
"14-08-2022",13,12,13,12,12,13,13,13,12,12,12,14,12,12,13,13,14,13,14,12,13,13,13,14
"15-08-2022",13,12,11,12,12,12,13,16,14,12,12,12,13,12,12,12,12,12,15,13,14,13,13,13
"16-08-2022",12,12,12,12,12,13,16,20,19,19,15,15,16,14,15,15,14,15,16,16,17,18,16,14
"17-08-2022",13,13,12,12,11,12,16,21,15,14,15,16,22,20,17,14,15,14,15,15,18,19,19,13
"18-08-2022",14,14,13,12,12,13,16,19,21,19,17,16,15,19,17,18,18,14,16,17,22,24,22,14
"19-08-2022",14,13,15,13,13,14,19,26,13,15,19,18,16,16,17,15,16,29,16,23,24,16,14,13
"20-08-2022",14,15,13,12,12,13,26,7,16,17,16,13,17,23,16,16,16,13,14,15,14,14,14,14
"21-08-2022",12,12,12,12,13,14,17,13,13,12,13,14,13,13,14,15,12,13,12,13,14,14,14,14
"22-08-2022",13,12,13,11,11,14,17,18,19,15,21,17,15,23,18,19,14,19,15,19,19,16,17,13
"23-08-2022",13,13,12,11,12,12,15,19,19,18,20,15,16,22,27,18,16,16,16,19,17,19,19,17
"24-08-2022",14,14,13,12,12,13,16,24,23,21,20,15,16,20,22,14,13,15,14,13,14,16,17,18
"25-08-2022",14,14,12,12,12,14,16,19,21,21,21,20,20,20,21,22,17,18,15,13,17,19,17,18
"26-08-2022",13,16,12,12,12,13,18,19,21,15,17,16,16,17,19,16,15,18,18,17,17,21,18,19
"27-08-2022",13,15,13,12,12,13,16,18,20,15,15,15,14,15,15,15,14,23,17,15,17,15,16,18
"28-08-2022",14,14,14,22,12,12,15,16,12,12,13,14,13,14,14,14,13,14,13,14,14,14,15,14
"29-08-2022",18,18,13,12,12,13,18,24,16,19,17,20,20,18,22,16,15,15,18,16,17,23,18,15
"30-08-2022",21,16,12,12,12,14,17,21,21,15,16,16,17,18,20,21,15,15,16,16,14,23,19,17
"31-08-2022",20,15,13,13,13,14,19,23,19,16,18,17,22,17,17,17,15,17,14,16,17,19,17,21
"01-09-2022",15,14,13,13,12,13,17,24,22,17,15,14,15,21,18,21,18,16,19,21,18,20,17,16
"02-09-2022",15,17,13,13,14,14,17,22,26,17,14,23,21,17,20,28,19,18,18,19,22,21,17,15
"03-09-2022",15,15,13,13,12,12,12,16,17,17,21,16,18,21,17,15,15,16,16,19,15,17,16,15
"04-09-2022",16,19,11,13,12,14,12,12,14,13,13,14,13,14,14,12,14,15,14,14,15,17,17,16
"05-09-2022",16,15,13,16,12,14,19,23,22,20,23,30,31,27,25,21,21,21,21,23,29,27,19,17
"06-09-2022",16,16,13,12,14,12,16,29,18,23,21,27,26,26,25,21,19,21,20,20,25,21,19,20
"07-09-2022",14,16,15,14,13,14,17,20,22,24,18,24,25,27,24,24,18,18,18,20,23,20,19,15
"08-09-2022",14,18,14,12,12,15,17,24,26,21,27,26,27,25,23,23,19,22,21,20,26,23,22,25
"09-09-2022",17,20,13,14,15,16,21,24,26,24,24,23,18,18,23,17,15,18,21,18,21,21,18,38
"10-09-2022",13,14,15,13,13,12,12,22,12,14,18,14,20,16,17,23,17,16,14,15,17,17,15,16
"11-09-2022",13,15,12,13,12,14,28,5,13,13,12,16,13,14,14,13,13,14,14,13,15,17,14,16
"12-09-2022",14,17,12,12,12,13,16,24,19,23,23,23,28,23,22,22,23,30,20,20,19,20,22,15
"13-09-2022",14,15,14,12,13,16,20,24,26,27,26,21,24,17,15,14,17,20,25,19,25,22,17,19
"14-09-2022",16,20,13,12,12,15,19,29,28,23,21,16,20,15,13,16,17,18,18,19,20,21,21,16
"15-09-2022",17,21,13,12,12,14,18,24,27,16,19,19,25,27,20,17,17,20,22,25,33,18,26,20
"16-09-2022",15,17,13,12,12,14,19,27,26,19,19,22,22,26,24,26,17,22,18,19,25,24,19,21
"17-09-2022",13,17,14,21,13,14,16,24,25,16,17,20,19,33,18,14,13,13,15,16,15,19,15,14
"18-09-2022",14,13,13,12,13,13,13,13,13,14,14,15,15,15,14,14,13,13,13,15,16,17,18,19
"19-09-2022",16,22,13,12,12,13,18,26,27,19,24,24,20,21,20,19,18,18,17,19,23,20,21,17
"20-09-2022",14,16,13,12,11,13,20,43,19,10,14,15,20,22,21,17,16,23,24,34,21,17,21,19
"21-09-2022",15,17,13,12,12,14,20,31,26,17,22,15,17,17,17,16,16,20,19,20,21,21,16,17
"22-09-2022",13,13,12,11,12,13,21,30,34,15,19,17,25,28,21,18,19,18,20,25,23,23,15,15
"23-09-2022",14,14,12,12,11,14,16,25,20,29,26,22,23,28,23,21,15,20,21,27,24,29,16,29
"24-09-2022",11,17,16,12,12,13,20,22,17,23,20,17,15,13,15,16,16,15,20,17,18,21,18,19
"25-09-2022",17,14,19,12,12,13,14,18,15,14,12,12,12,12,12,12,12,12,18,18,23,20,16,17
"26-09-2022",14,14,13,12,12,15,21,24,31,24,13,20,16,19,15,16,16,19,22,23,21,21,19,15
"27-09-2022",14,18,12,11,11,12,14,18,22,28,22,23,21,21,22,21,18,25,22,23,22,23,15,14
"28-09-2022",12,16,12,11,11,12,14,21,23,23,16,15,19,21,20,19,20,20,17,18,19,19,17,15
"29-09-2022",13,16,12,11,11,12,13,18,24,24,17,19,17,16,18,22,18,18,23,20,26,21,22,13
"30-09-2022",11,14,14,13,16,17,18,44,57,-9999,10,15,18,18,15,14,14,20,27,18,36,44,26,20
"01-10-2022",7,15,11,14,14,14,19,24,22,24,17,25,22,32,23,24,19,21,19,39,19,19,17,17
"02-10-2022",16,16,14,13,13,14,18,21,15,12,11,11,13,13,15,14,16,14,17,16,16,20,17,16
"03-10-2022",15,14,13,12,13,14,18,32,23,17,18,20,19,21,23,18,17,19,18,20,21,21,20,15
"04-10-2022",14,14,16,12,12,14,18,48,35,15,7,20,26,28,24,21,22,22,16,26,22,23,10,14
"05-10-2022",12,13,13,12,12,15,18,54,42,18,2,21,26,22,27,19,18,20,17,22,27,17,19,14
"06-10-2022",11,14,11,11,12,16,17,26,28,16,-9999,-9999,-9999,31,26,28,31,28,25,36,40,32,24,28
"07-10-2022",20,16,15,12,13,20,32,73,89,68,30,27,31,25,25,20,22,24,32,38,38,40,38,22
"08-10-2022",23,21,18,16,15,17,22,23,34,48,34,25,35,31,18,15,15,17,16,18,19,24,29,27
"09-10-2022",19,24,18,15,15,14,31,18,20,15,14,14,15,13,14,17,13,16,14,18,22,24,21,30
"10-10-2022",21,15,16,14,12,15,26,53,59,36,36,36,18,18,24,29,22,14,16,21,25,21,25,18
"11-10-2022",14,14,13,13,13,14,18,29,42,41,40,28,28,30,28,16,16,16,14,26,38,28,21,15
"12-10-2022",15,14,15,14,13,17,23,53,65,55,45,29,30,19,23,20,16,22,19,23,32,33,34,15
"13-10-2022",17,17,17,15,15,21,31,53,40,44,38,21,32,34,29,19,14,15,14,18,32,20,24,15
"14-10-2022",13,16,13,13,14,16,20,28,34,37,46,44,39,38,35,27,22,35,34,53,50,41,35,23
"15-10-2022",24,18,17,17,16,15,20,19,30,30,29,26,26,37,24,22,19,21,27,36,28,35,30,33
"16-10-2022",23,20,20,22,18,17,21,36,22,21,18,19,17,18,16,16,16,18,19,26,27,23,28,22
"17-10-2022",19,17,18,14,14,17,23,69,108,82,39,23,28,36,34,32,29,32,28,28,36,34,29,19
"18-10-2022",16,16,15,13,13,13,20,39,81,56,42,31,28,25,22,19,23,23,29,46,42,46,41,32
"19-10-2022",20,14,15,14,12,14,26,54,73,56,29,24,21,18,14,16,14,20,15,39,44,31,57,43
"20-10-2022",26,24,22,19,18,18,23,41,96,85,45,28,28,33,31,21,25,22,33,81,51,33,47,53
"21-10-2022",24,27,15,14,14,16,28,59,86,112,50,32,24,20,26,23,22,25,27,30,42,41,26,24
"22-10-2022",20,16,17,14,14,15,16,20,21,33,28,27,24,22,15,20,16,17,16,22,31,26,25,25
"23-10-2022",22,17,15,15,13,13,14,18,25,19,16,16,15,15,14,15,15,15,17,20,23,26,39,39
"24-10-2022",49,22,15,14,15,16,38,92,119,81,30,17,18,19,31,29,43,22,72,86,87,76,48,38
"25-10-2022",32,52,30,14,15,21,35,92,140,93,41,31,27,21,20,20,20,34,39,57,47,122,37,31
"26-10-2022",22,41,26,18,17,23,47,144,112,130,62,43,36,26,16,15,14,19,22,74,140,137,73,52
"27-10-2022",30,59,25,25,19,33,36,78,164,116,55,52,54,29,50,69,46,98,62,125,57,73,43,32
"28-10-2022",37,31,24,20,17,16,23,38,54,18,20,25,25,22,18,16,14,19,17,21,21,20,18,18
"29-10-2022",16,18,13,13,14,15,17,21,41,49,37,24,24,18,24,22,18,18,18,24,22,36,38,26
"30-10-2022",18,17,15,14,14,15,14,16,20,15,16,15,16,17,16,16,15,16,17,19,20,19,20,21
"31-10-2022",23,23,37,14,14,12,20,29,70,67,64,51,25,24,14,13,17,25,43,62,85,76,80,36
"01-11-2022",27,18,16,14,12,13,15,22,60,55,61,44,37,27,25,29,21,36,42,47,40,48,27,21
"02-11-2022",17,27,15,14,14,25,57,60,80,48,42,33,43,29,23,24,21,34,42,51,62,65,31,19
"03-11-2022",16,28,22,20,13,18,41,84,92,29,18,16,23,20,38,40,19,56,71,109,66,46,32,27
"04-11-2022",28,23,19,20,18,22,34,69,-9999,-9999,-9999,-9999,-9999,19,17,22,17,24,40,55,66,73,40,29
"05-11-2022",23,37,16,13,13,24,31,47,46,42,46,33,29,23,16,16,13,11,16,17,21,20,22,20
"06-11-2022",19,12,14,14,15,12,13,11,12,14,14,14,18,12,12,12,11,21,22,18,18,18,22,27
"07-11-2022",17,13,14,12,11,14,30,61,76,47,39,34,32,22,23,23,20,30,32,29,39,65,51,17
"08-11-2022",17,20,17,11,11,13,27,50,69,51,45,32,36,17,14,14,15,24,34,39,61,61,72,33
"09-11-2022",23,15,14,12,10,19,31,71,46,42,25,30,13,14,13,13,12,25,40,76,74,84,26,34
"10-11-2022",30,21,14,10,11,15,108,154,89,65,35,29,22,14,24,28,29,16,54,48,42,52,47,31
"11-11-2022",19,19,16,12,13,16,40,75,85,40,31,27,28,16,15,20,20,70,78,130,79,119,53,38
"12-11-2022",21,22,17,20,14,14,28,25,45,22,29,28,21,29,24,25,22,22,23,22,24,21,23,21
"13-11-2022",18,14,14,18,25,29,14,20,20,15,15,16,16,14,15,15,22,45,43,59,54,44,37,30
"14-11-2022",21,15,16,11,10,14,17,43,48,66,47,44,31,18,17,15,12,33,46,48,42,65,60,38
"15-11-2022",18,21,14,14,11,15,25,102,69,71,41,38,26,19,21,19,13,39,43,44,31,33,30,22
"16-11-2022",15,15,13,11,12,16,19,60,85,44,28,21,20,21,24,32,24,29,36,19,19,22,16,11
"17-11-2022",11,10,9,9,9,10,11,16,19,21,24,20,17,23,29,22,18,22,21,14,11,13,12,13
"18-11-2022",13,9,10,9,9,10,18,49,71,60,31,27,27,23,39,23,21,22,23,23,22,22,17,13
"19-11-2022",12,10,10,10,9,11,12,14,15,16,22,21,21,22,30,15,15,13,19,37,41,40,33,33
"20-11-2022",29,49,25,24,20,16,15,14,15,23,20,17,25,12,17,20,19,29,14,13,12,14,19,12
"21-11-2022",11,11,10,9,9,9,11,18,25,32,21,29,18,24,26,22,24,21,20,21,30,34,26,15
"22-11-2022",12,10,10,9,9,10,19,92,93,104,55,26,35,30,19,23,15,14,16,16,19,18,14,12
"23-11-2022",10,9,9,9,9,10,16,29,23,36,35,38,39,22,21,24,21,53,61,43,26,32,25,17
"24-11-2022",12,12,10,10,10,12,25,51,93,87,34,27,27,23,26,20,25,25,43,77,81,62,38,24
"25-11-2022",15,14,12,10,10,12,21,68,68,65,40,24,26,27,28,26,24,40,46,47,45,52,54,27
"26-11-2022",21,24,25,16,12,20,20,36,51,34,40,30,30,25,27,30,41,34,51,41,27,32,24,27
"27-11-2022",20,16,13,11,12,10,9,17,11,13,13,13,14,16,13,14,15,18,16,22,42,45,32,20
"28-11-2022",18,14,15,10,12,13,19,30,30,39,30,29,30,29,33,34,26,34,40,38,41,37,46,25
"29-11-2022",20,19,14,10,11,12,24,69,132,127,50,29,34,34,34,31,52,69,37,72,44,79,68,31
"30-11-2022",20,16,12,11,12,13,12,12,24,22,30,27,20,22,23,19,26,60,29,26,30,26,23,24
"01-12-2022",18,12,13,12,11,12,14,26,54,71,73,78,80,47,37,37,30,31,33,49,53,40,25,26
"02-12-2022",18,15,16,13,11,22,29,71,97,112,28,24,19,23,17,19,24,72,111,110,115,100,65,60
"03-12-2022",52,43,36,17,14,18,33,38,64,52,51,35,30,34,40,29,42,70,94,109,117,92,111,80
"04-12-2022",78,75,47,16,22,20,34,32,47,45,24,25,32,22,20,22,22,30,61,112,98,94,83,51
"05-12-2022",44,42,19,18,14,14,23,48,72,83,48,49,38,39,32,31,34,40,46,50,70,107,105,46
"06-12-2022",32,23,16,12,12,14,21,51,56,63,69,46,29,35,53,48,39,39,41,51,27,46,33,22
"07-12-2022",17,18,20,13,15,21,38,53,143,78,67,47,63,41,44,56,48,71,112,97,57,43,41,22
"08-12-2022",20,19,23,14,18,23,36,66,109,76,99,68,55,54,60,56,49,55,61,55,64,78,100,63
"09-12-2022",22,23,14,12,15,18,68,90,108,77,84,82,67,56,52,63,67,86,162,139,130,123,80,71
"10-12-2022",72,39,25,22,17,29,25,28,58,59,67,67,81,74,65,43,48,46,42,55,42,24,16,15
"11-12-2022",11,13,12,12,11,11,11,12,11,14,13,14,14,15,15,14,21,18,25,28,21,19,14,13
"12-12-2022",15,11,12,9,9,10,13,29,33,40,36,34,33,35,38,32,23,26,29,32,40,30,35,20
"13-12-2022",18,17,11,11,9,12,37,32,40,44,37,43,47,-9999,-9999,34,36,33,74,53,42,24,21,20
"14-12-2022",12,12,11,9,9,13,39,63,101,67,65,44,37,43,61,42,42,41,38,34,32,43,25,26
"15-12-2022",33,40,25,20,8,9,11,17,24,50,31,31,31,26,21,18,19,21,39,87,102,104,55,27
"16-12-2022",23,13,17,9,12,20,34,63,135,102,54,36,29,25,23,44,43,46,89,63,56,110,120,47
"17-12-2022",16,14,12,12,11,10,13,16,31,30,28,31,34,34,31,19,20,42,36,78,95,119,120,105
"18-12-2022",75,64,37,22,23,18,31,30,81,53,46,20,14,22,12,15,25,36,47,37,41,34,28,19
"19-12-2022",22,18,17,11,12,13,36,55,95,140,96,51,31,36,43,30,33,42,42,29,68,38,25,17
"20-12-2022",16,12,10,9,9,11,20,35,70,50,23,27,21,25,23,24,27,22,37,35,51,36,25,20
"21-12-2022",16,12,9,8,10,9,32,38,60,42,32,27,43,32,32,37,38,38,58,91,152,113,80,51
"22-12-2022",93,27,13,13,12,11,39,67,98,72,42,30,43,35,26,31,25,63,70,123,139,102,65,29
"23-12-2022",33,15,12,9,9,19,31,72,88,92,72,44,36,32,27,21,21,53,55,53,65,74,41,30
"24-12-2022",45,36,17,11,10,13,17,20,30,49,33,23,21,32,28,24,29,30,44,50,40,25,25,20
"25-12-2022",19,14,12,12,15,16,18,13,15,20,21,16,16,13,11,9,20,48,61,70,65,61,64,46
"26-12-2022",46,54,20,24,31,17,16,18,32,48,37,32,16,13,11,10,12,18,30,40,48,27,18,20
"27-12-2022",18,13,9,8,8,10,15,33,27,32,27,25,23,30,20,23,16,31,40,43,41,40,32,19
"28-12-2022",14,13,12,8,8,10,16,26,57,51,24,15,15,14,12,14,12,46,68,56,58,101,54,23
"29-12-2022",18,16,25,11,9,11,23,38,52,59,55,29,27,19,22,17,14,30,69,80,61,52,42,23
"30-12-2022",20,21,20,10,10,19,26,26,46,54,33,41,28,20,17,17,21,34,49,62,58,48,36,27
"31-12-2022",20,15,11,10,10,10,16,21,48,41,27,12,15,14,11,10,8,24,61,85,74,71,81,15
"01-01-2023",30,66,57,31,29,33,33,38,27,24,24,20,23,16,15,12,12,23,26,41,24,23,21,41
"02-01-2023",30,25,16,13,12,18,19,35,49,85,41,21,24,17,20,15,18,51,57,64,56,66,52,37
"03-01-2023",35,15,10,8,9,11,18,28,46,34,42,33,25,23,24,16,19,42,39,28,28,25,20,18
"04-01-2023",13,12,8,8,8,9,14,22,38,50,27,25,27,22,19,16,14,48,83,90,91,90,87,74
"05-01-2023",38,31,19,13,13,18,30,66,117,126,37,40,26,23,25,21,27,42,74,88,95,91,72,40
"06-01-2023",22,17,13,9,9,9,10,52,29,45,16,12,15,13,12,10,9,29,41,34,67,74,74,73
"07-01-2023",50,52,29,17,15,15,18,21,64,96,51,31,34,33,25,18,19,24,51,88,96,69,73,67
"08-01-2023",63,57,36,34,23,26,26,18,32,33,15,11,12,12,11,13,16,34,84,40,37,23,29,15
"09-01-2023",13,11,10,9,9,9,21,52,86,158,39,41,27,23,18,26,28,42,27,30,20,16,13,9
"10-01-2023",8,8,7,7,7,8,10,19,26,29,28,28,36,31,22,16,19,22,32,45,32,41,21,14
"11-01-2023",10,9,9,8,7,10,38,48,74,54,24,17,15,18,21,16,23,42,44,47,73,95,75,15
"12-01-2023",16,10,14,12,10,13,29,68,94,77,57,20,17,12,15,22,27,51,69,131,122,93,53,48
"13-01-2023",28,16,12,10,10,17,60,79,103,79,62,36,28,16,20,21,26,43,76,86,97,131,61,40
"14-01-2023",22,22,17,13,14,22,26,43,69,45,46,41,22,24,13,15,12,35,45,64,69,58,37,29
"15-01-2023",35,33,23,14,12,12,17,28,49,43,24,18,15,17,15,15,19,24,31,47,41,61,37,32
"16-01-2023",33,21,12,12,11,19,45,47,136,137,72,72,29,28,26,19,18,18,19,18,16,15,13,9
"17-01-2023",8,8,8,8,8,8,10,12,16,19,22,20,21,21,18,19,19,14,20,18,17,18,16,12
"18-01-2023",9,9,8,8,8,9,11,14,19,20,24,26,18,20,20,21,15,16,17,22,33,19,17,11
"19-01-2023",23,26,19,9,8,8,16,65,66,58,26,16,17,19,24,15,15,22,32,42,32,35,11,16
"20-01-2023",10,10,8,7,8,8,10,16,24,25,24,24,34,31,21,18,20,24,23,25,25,26,28,14
"21-01-2023",10,11,10,8,8,8,8,10,12,13,18,23,26,21,18,13,12,17,16,22,27,23,17,30
"22-01-2023",23,29,12,11,13,12,21,18,22,19,23,21,18,16,15,16,24,35,44,32,38,57,60,33
"23-01-2023",18,10,9,8,8,13,28,90,117,26,22,52,60,43,37,41,27,27,31,39,56,58,36,16
"24-01-2023",11,11,8,8,8,8,17,47,100,48,34,23,16,12,12,10,9,22,62,74,109,100,91,32
"25-01-2023",19,23,12,10,8,11,25,53,140,85,115,115,53,73,42,31,23,34,42,75,71,43,47,36
"26-01-2023",24,14,8,9,9,11,15,25,35,26,43,49,37,44,38,31,23,26,44,55,36,44,36,19
"27-01-2023",12,12,9,8,8,10,17,24,39,41,31,36,23,12,13,12,11,21,59,68,98,67,47,37
"28-01-2023",16,16,10,9,9,12,12,46,27,38,26,15,13,17,14,10,13,14,25,30,47,47,56,46
"29-01-2023",42,26,17,12,13,12,59,22,57,27,13,15,17,19,20,15,13,18,33,51,53,57,64,61
"30-01-2023",43,21,17,10,11,20,24,52,59,58,37,32,29,16,15,22,19,22,30,32,43,61,31,25
"31-01-2023",15,10,9,8,8,11,17,40,70,59,33,15,11,15,13,22,19,25,28,31,34,26,16,16
"01-02-2023",13,11,10,8,9,13,25,44,63,48,28,19,16,17,18,16,11,22,36,31,35,32,26,17
"02-02-2023",12,11,11,8,8,12,24,70,58,60,58,29,16,17,12,17,21,30,49,71,76,88,55,28
"03-02-2023",21,12,11,8,8,10,17,36,81,74,34,38,20,15,16,16,26,27,48,53,46,39,51,31
"04-02-2023",15,13,13,10,13,10,17,26,16,31,31,28,31,32,17,16,18,16,15,25,25,29,19,23
"05-02-2023",15,14,13,10,10,11,11,15,14,15,15,13,15,16,14,13,15,15,14,17,21,19,17,20
"06-02-2023",21,15,13,8,10,12,15,27,45,40,37,24,26,26,18,18,24,24,26,27,20,29,31,15
"07-02-2023",11,8,9,8,9,8,13,18,32,34,22,29,24,25,25,22,20,20,26,40,34,21,19,17
"08-02-2023",12,13,9,8,10,9,18,29,33,24,22,29,25,26,22,17,16,19,18,17,23,17,16,14
"09-02-2023",14,9,10,8,8,9,12,32,30,31,24,29,31,30,26,21,23,20,30,33,31,26,17,17
"10-02-2023",12,11,10,9,8,11,23,44,38,30,28,26,23,22,26,17,15,29,34,39,48,65,89,45
"11-02-2023",36,29,23,16,12,12,29,36,70,68,15,15,16,11,20,16,14,14,16,30,32,31,57,68
"12-02-2023",24,15,14,10,10,9,13,92,17,23,12,12,12,11,10,8,8,13,43,34,36,17,17,19
"13-02-2023",12,10,9,9,9,10,14,29,38,32,30,22,27,21,26,21,20,21,32,31,44,23,25,20
"14-02-2023",13,12,10,8,9,9,22,34,73,45,26,31,23,13,15,15,15,19,39,50,60,52,36,25
"15-02-2023",26,12,11,9,9,12,27,87,88,86,37,20,18,32,20,22,17,18,33,43,46,44,26,22
"16-02-2023",14,14,9,9,9,13,26,73,94,79,39,19,18,23,18,17,17,19,37,42,37,36,27,19
"17-02-2023",15,12,11,10,9,13,15,29,31,48,31,23,19,18,22,17,17,24,23,30,43,41,27,13
"18-02-2023",11,9,9,8,8,9,12,16,27,29,16,13,14,15,14,12,12,11,16,19,26,24,22,61
"19-02-2023",14,11,10,9,9,9,10,12,23,10,10,8,8,8,9,24,13,10,14,15,14,11,-9999,-9999
"20-02-2023",-9999,-9999,-9999,-9999,-9999,-9999,-9999,-9999,-9999,-9999,-9999,-9999,-9999,-9999,-9999,-9999,-9999,-9999,-9999,-9999,-9999,-9999,-9999,-9999
"21-02-2023",-9999,-9999,-9999,-9999,-9999,-9999,-9999,-9999,-9999,-9999,-9999,-9999,-9999,-9999,-9999,-9999,-9999,-9999,-9999,-9999,-9999,-9999,-9999,-9999
"22-02-2023",-9999,-9999,-9999,-9999,-9999,-9999,-9999,-9999,-9999,-9999,-9999,-9999,-9999,-9999,-9999,-9999,-9999,-9999,-9999,-9999,-9999,-9999,-9999,-9999
"23-02-2023",-9999,-9999,-9999,-9999,-9999,-9999,-9999,-9999,-9999,-9999,-9999,-9999,-9999,-9999,-9999,-9999,-9999,-9999,-9999,-9999,-9999,-9999,-9999,-9999
"24-02-2023",-9999,-9999,-9999,-9999,-9999,-9999,-9999,-9999,-9999,-9999,-9999,-9999,-9999,-9999,-9999,-9999,-9999,-9999,-9999,-9999,-9999,-9999,-9999,-9999
"25-02-2023",-9999,-9999,-9999,-9999,-9999,-9999,-9999,-9999,-9999,-9999,-9999,-9999,-9999,-9999,-9999,-9999,-9999,-9999,-9999,-9999,-9999,-9999,-9999,-9999
"26-02-2023",-9999,-9999,-9999,-9999,-9999,-9999,-9999,-9999,-9999,-9999,-9999,-9999,-9999,-9999,-9999,-9999,-9999,-9999,-9999,-9999,-9999,-9999,-9999,-9999
"27-02-2023",-9999,-9999,-9999,-9999,-9999,-9999,-9999,-9999,-9999,-9999,-9999,-9999,-9999,-9999,-9999,-9999,-9999,-9999,-9999,-9999,-9999,-9999,-9999,-9999
"28-02-2023",-9999,-9999,-9999,-9999,-9999,-9999,-9999,-9999,-9999,-9999,-9999,-9999,-9999,-9999,-9999,-9999,-9999,-9999,-9999,-9999,-9999,-9999,-9999,-9999
"01-03-2023",-9999,-9999,-9999,-9999,-9999,-9999,-9999,-9999,-9999,-9999,-9999,-9999,-9999,-9999,-9999,-9999,-9999,-9999,-9999,-9999,-9999,-9999,-9999,-9999
"02-03-2023",-9999,-9999,-9999,-9999,-9999,-9999,-9999,-9999,-9999,-9999,-9999,-9999,-9999,-9999,-9999,-9999,-9999,-9999,-9999,-9999,-9999,-9999,-9999,-9999
"03-03-2023",-9999,-9999,-9999,-9999,-9999,-9999,-9999,-9999,-9999,-9999,-9999,-9999,-9999,-9999,-9999,-9999,-9999,-9999,-9999,-9999,-9999,-9999,-9999,-9999
"04-03-2023",-9999,-9999,-9999,-9999,-9999,-9999,-9999,-9999,-9999,-9999,-9999,-9999,-9999,-9999,-9999,-9999,-9999,-9999,-9999,-9999,-9999,-9999,-9999,-9999
"05-03-2023",-9999,-9999,-9999,-9999,-9999,-9999,-9999,-9999,-9999,-9999,-9999,-9999,-9999,-9999,-9999,-9999,-9999,-9999,-9999,-9999,-9999,-9999,-9999,-9999
"06-03-2023",-9999,-9999,-9999,-9999,-9999,-9999,-9999,-9999,-9999,-9999,-9999,-9999,-9999,-9999,-9999,-9999,-9999,-9999,-9999,-9999,-9999,-9999,-9999,-9999
"07-03-2023",-9999,-9999,-9999,-9999,-9999,-9999,-9999,-9999,-9999,-9999,-9999,-9999,-9999,-9999,-9999,-9999,-9999,-9999,-9999,-9999,-9999,-9999,-9999,-9999
"08-03-2023",-9999,-9999,-9999,-9999,-9999,-9999,-9999,-9999,-9999,-9999,-9999,-9999,-9999,-9999,-9999,-9999,-9999,-9999,-9999,-9999,-9999,-9999,-9999,-9999
"09-03-2023",-9999,-9999,-9999,-9999,-9999,-9999,-9999,-9999,-9999,-9999,-9999,-9999,-9999,-9999,-9999,-9999,-9999,-9999,-9999,-9999,-9999,-9999,-9999,-9999
"10-03-2023",-9999,-9999,-9999,-9999,-9999,-9999,-9999,-9999,-9999,-9999,-9999,-9999,-9999,-9999,-9999,-9999,-9999,-9999,-9999,-9999,-9999,-9999,-9999,-9999
"11-03-2023",-9999,-9999,-9999,-9999,-9999,-9999,-9999,-9999,-9999,-9999,-9999,-9999,-9999,-9999,-9999,-9999,-9999,-9999,-9999,-9999,-9999,-9999,-9999,-9999
"12-03-2023",-9999,-9999,-9999,-9999,-9999,9,12,12,13,9,10,9,9,10,11,9,13,14,13,18,17,18,15,11
"13-03-2023",9,9,10,9,9,11,19,33,37,22,29,27,29,24,23,16,14,18,20,23,31,26,22,15
"14-03-2023",12,10,9,7,8,8,17,34,47,31,19,11,15,16,13,12,14,12,16,26,48,32,27,14
"15-03-2023",11,10,9,8,8,10,11,32,37,25,23,26,30,17,23,18,12,10,21,19,23,17,13,12
"16-03-2023",8,8,8,7,7,8,10,24,24,27,20,10,8,9,10,10,13,16,18,17,18,34,21,18
"17-03-2023",9,10,10,8,8,8,12,35,34,23,25,36,30,28,23,23,19,21,22,24,25,35,20,17
"18-03-2023",13,12,14,10,10,9,15,54,20,14,16,14,14,15,12,12,11,12,9,15,29,34,29,22
"19-03-2023",15,12,10,10,10,9,11,10,15,11,12,13,12,12,13,9,8,8,8,13,26,24,32,34
"20-03-2023",20,8,10,9,30,15,16,45,40,27,14,15,14,17,19,16,21,16,13,26,50,46,36,24
"21-03-2023",13,10,8,8,8,8,20,36,26,42,21,22,24,25,22,13,12,15,19,47,31,35,25,17
"22-03-2023",11,11,9,8,8,11,19,46,15,10,10,10,12,20,22,18,12,16,23,28,66,46,26,15
"23-03-2023",12,10,8,8,8,9,13,25,34,21,17,17,20,16,18,19,12,16,20,28,29,30,20,15
"24-03-2023",11,10,8,8,8,8,19,34,42,31,21,16,13,11,11,9,10,18,19,20,26,33,45,16
"25-03-2023",12,12,9,8,8,10,16,17,12,10,11,13,15,13,9,12,10,13,9,11,10,13,14,15
"26-03-2023",12,11,10,8,9,13,15,25,9,9,10,11,11,9,10,11,11,10,12,12,16,11,10,9
"27-03-2023",10,8,8,8,9,16,36,29,23,29,16,22,16,17,13,13,15,13,13,15,18,12,10,8
"28-03-2023",8,8,7,7,8,10,14,15,18,16,17,16,19,22,14,16,14,18,14,11,11,12,11,9
"29-03-2023",9,8,8,8,9,16,33,35,30,17,17,16,20,14,12,12,13,14,25,21,19,26,14,11
"30-03-2023",13,9,8,8,11,16,38,53,39,24,19,17,15,14,14,16,14,21,15,17,23,16,14,14
"31-03-2023",10,9,9,7,9,12,37,85,40,22,20,17,21,17,18,13,14,16,21,18,20,17,12,10
"01-04-2023",9,9,8,8,8,10,13,15,16,16,14,16,19,13,14,11,12,11,15,13,17,12,15,11
"02-04-2023",17,8,8,9,9,10,12,13,9,10,10,10,10,8,12,10,14,12,12,16,15,13,12,15
"03-04-2023",12,10,7,9,9,14,39,37,28,24,37,27,29,23,15,12,14,17,19,22,24,24,10,9
"04-04-2023",8,7,8,8,9,14,29,32,22,11,15,20,15,16,19,14,14,17,23,23,17,15,10,9
"05-04-2023",9,17,8,8,10,10,21,25,-9999,21,26,20,17,21,18,17,14,23,14,12,20,21,15,10
"06-04-2023",8,8,12,8,8,9,13,24,27,23,31,24,13,12,11,21,14,14,18,17,42,29,19,12
"07-04-2023",9,9,9,8,8,9,15,29,32,32,23,21,19,17,25,12,13,13,16,16,20,24,22,20
"08-04-2023",12,21,10,9,8,12,16,18,22,19,19,15,15,14,11,9,9,12,14,13,16,17,32,23
"09-04-2023",14,13,10,9,9,10,11,13,14,10,10,9,9,8,9,9,10,9,10,10,9,9,10,11
"10-04-2023",9,8,8,8,8,9,11,14,16,21,19,12,24,13,16,21,14,16,16,17,18,13,14,9
"11-04-2023",10,8,18,7,7,9,14,19,23,23,17,12,20,15,13,15,13,14,18,28,22,17,12,13
"12-04-2023",9,8,8,7,7,10,11,23,28,26,23,16,17,15,12,13,12,12,13,10,13,14,12,9
"13-04-2023",8,8,9,7,7,9,11,16,25,11,9,12,11,13,12,9,9,9,10,10,13,14,16,12
"14-04-2023",10,9,10,8,7,9,13,12,14,15,14,12,22,14,16,13,11,12,9,9,9,9,12,9
"15-04-2023",8,8,7,7,7,7,10,11,13,13,11,12,11,13,9,9,12,11,11,8,9,9,7,8
"16-04-2023",7,8,8,7,7,7,7,8,8,8,8,8,8,9,8,8,7,8,8,8,9,10,10,9
"17-04-2023",8,10,9,8,8,8,8,10,9,13,13,14,12,10,10,9,10,10,8,8,9,9,10,11
"18-04-2023",8,8,9,8,7,12,41,62,19,14,11,10,12,12,10,10,9,10,15,10,11,14,16,9
"19-04-2023",9,8,8,8,7,8,16,19,24,17,15,15,15,14,17,15,11,12,10,11,13,13,16,10
"20-04-2023",8,8,8,7,7,9,13,18,23,17,14,11,12,-9999,-9999,13,11,10,13,12,11,16,16,12
"21-04-2023",9,10,8,8,9,10,21,35,22,21,17,15,16,12,13,11,12,14,14,16,10,11,13,10
"22-04-2023",8,9,9,8,8,8,13,21,19,17,14,10,14,11,12,12,13,16,14,10,12,14,18,14
"23-04-2023",11,10,10,9,8,9,11,10,12,12,12,11,13,11,11,11,12,9,9,9,8,10,10,11
"24-04-2023",10,9,8,7,26,10,12,26,31,17,14,12,12,16,15,11,13,12,10,15,23,45,20,9
"25-04-2023",8,8,7,7,7,8,9,13,18,23,14,16,16,22,13,15,10,14,15,18,19,17,13,8
"26-04-2023",8,8,7,7,7,8,9,16,20,22,16,20,18,15,18,12,11,13,14,12,15,17,13,9
"27-04-2023",8,21,14,7,7,9,17,26,20,13,12,15,14,14,15,14,12,14,16,17,14,22,21,9
"28-04-2023",10,10,8,8,7,9,12,32,21,21,11,13,17,13,12,10,14,20,27,11,16,23,17,11
"29-04-2023",9,10,9,9,9,9,10,12,17,14,10,10,9,11,10,11,10,11,9,15,8,11,10,17
"30-04-2023",9,9,14,8,8,10,7,11,9,7,8,8,9,12,9,9,9,9,8,12,9,9,12,7
"01-05-2023",8,9,8,7,8,7,7,11,7,7,8,8,10,10,9,8,8,7,8,8,11,17,14,13
"02-05-2023",9,7,8,7,8,8,16,48,45,53,38,20,24,19,19,18,17,17,16,17,15,18,13,10
"03-05-2023",10,7,9,7,7,8,10,31,27,26,30,17,18,27,13,13,14,12,12,20,24,18,16,25
"04-05-2023",11,9,8,8,7,8,18,25,31,40,36,-9999,29,16,18,14,16,15,20,18,28,9,15,18
"05-05-2023",10,8,8,8,7,8,14,25,31,33,25,21,32,26,22,21,16,15,16,14,19,21,19,19
"06-05-2023",13,11,12,11,9,9,12,20,21,24,22,17,15,12,16,15,13,13,14,14,13,15,12,13
"07-05-2023",12,11,10,9,9,8,11,20,12,14,13,13,14,14,12,12,10,8,10,9,11,11,13,11
"08-05-2023",10,7,7,7,8,9,13,31,21,23,13,10,13,12,12,15,13,12,10,11,17,16,13,11
"09-05-2023",8,8,8,7,7,8,11,28,32,40,28,23,20,19,19,14,13,15,17,15,18,20,16,13
"10-05-2023",9,8,9,8,8,8,11,18,22,31,22,20,17,19,17,18,15,11,15,19,16,18,14,14
"11-05-2023",11,9,8,8,8,9,14,31,25,27,16,19,24,20,23,21,20,17,25,24,18,20,19,13
"12-05-2023",9,10,10,8,8,10,13,31,36,34,26,17,12,11,13,14,10,10,20,18,12,11,9,9
"13-05-2023",8,7,8,11,9,29,11,15,18,12,14,14,24,17,11,10,10,14,13,8,8,9,17,14
"14-05-2023",12,9,9,10,8,8,9,19,12,10,10,12,11,13,13,14,11,13,14,14,10,9,10,12
"15-05-2023",9,9,7,8,8,9,8,22,24,27,28,27,30,23,22,17,17,15,14,14,16,17,15,11
"16-05-2023",9,8,8,7,7,9,9,14,19,16,18,19,25,20,13,12,12,16,14,11,12,15,14,11
"17-05-2023",9,9,7,7,7,8,12,24,25,18,17,16,13,17,21,20,11,10,14,24,27,19,17,9
"18-05-2023",9,8,8,7,7,8,15,22,27,18,15,16,14,13,13,15,12,14,13,12,14,15,14,13
"19-05-2023",9,9,8,8,7,8,12,19,18,16,19,16,24,26,18,24,19,23,22,23,22,14,16,10
"20-05-2023",11,9,8,8,8,8,10,13,21,17,16,18,22,13,18,15,10,11,12,14,15,12,11,13
"21-05-2023",10,9,8,9,8,7,10,9,8,8,8,10,11,10,9,10,10,10,8,9,8,9,9,8
"22-05-2023",10,8,8,8,7,8,10,16,25,23,18,22,17,17,15,13,13,15,15,14,16,13,15,11
"23-05-2023",8,8,7,7,7,8,13,21,20,18,19,19,30,19,20,16,14,9,11,12,19,22,20,14
"24-05-2023",9,9,8,7,7,8,13,21,32,33,12,10,10,13,12,12,9,13,11,10,12,16,15,14
"25-05-2023",9,9,7,7,7,9,15,42,54,24,19,18,16,17,12,13,11,12,18,14,12,19,15,9
"26-05-2023",7,8,8,8,8,8,11,23,33,26,22,20,22,22,20,15,13,11,10,13,10,8,12,12
"27-05-2023",9,10,9,8,8,9,10,12,14,18,12,21,21,27,17,11,12,11,12,9,12,9,11,14
"28-05-2023",11,14,10,9,9,9,9,8,10,14,10,12,9,11,10,11,15,10,10,12,11,13,8,11
"29-05-2023",11,9,9,8,8,9,15,20,24,23,13,15,20,15,20,11,16,16,19,16,15,22,11,8
"30-05-2023",8,9,8,8,9,8,14,25,27,18,13,13,19,10,9,12,15,16,12,10,11,16,15,13
"31-05-2023",9,9,9,8,8,11,11,25,22,34,21,16,18,18,19,12,11,10,13,12,13,14,18,11
"01-06-2023",10,9,8,9,8,9,14,31,27,28,14,18,22,22,23,18,16,18,15,28,16,17,15,8
"02-06-2023",10,9,8,8,8,9,10,22,27,21,11,12,15,13,14,11,15,18,10,9,8,11,9,9
"03-06-2023",9,9,19,8,9,9,48,11,13,10,8,10,10,13,13,12,12,13,11,10,10,-9999,-9999,-9999
"04-06-2023",-9999,-9999,-9999,-9999,-9999,-9999,-9999,-9999,-9999,-9999,-9999,-9999,-9999,-9999,-9999,-9999,-9999,-9999,-9999,-9999,-9999,-9999,-9999,-9999
"05-06-2023",-9999,-9999,-9999,-9999,-9999,-9999,-9999,-9999,-9999,-9999,-9999,-9999,-9999,-9999,-9999,-9999,-9999,-9999,-9999,-9999,-9999,-9999,-9999,-9999
"06-06-2023",-9999,-9999,-9999,-9999,-9999,-9999,-9999,-9999,-9999,-9999,-9999,-9999,-9999,-9999,-9999,-9999,-9999,-9999,-9999,-9999,-9999,-9999,-9999,-9999
"07-06-2023",-9999,-9999,-9999,-9999,-9999,-9999,-9999,-9999,-9999,-9999,13,12,-9999,12,9,15,12,11,9,8,10,8,8,8
"08-06-2023",7,8,7,7,8,8,9,13,22,22,19,17,18,18,15,12,11,11,14,14,15,18,12,9
"09-06-2023",8,8,8,8,8,7,13,23,-9999,-9999,-9999,-9999,-9999,-9999,-9999,-9999,-9999,-9999,-9999,-9999,-9999,-9999,-9999,-9999
"10-06-2023",-9999,-9999,-9999,-9999,-9999,-9999,-9999,-9999,-9999,-9999,-9999,-9999,-9999,-9999,-9999,-9999,-9999,-9999,-9999,-9999,-9999,-9999,-9999,-9999
"11-06-2023",-9999,-9999,-9999,-9999,-9999,-9999,-9999,-9999,-9999,-9999,-9999,-9999,-9999,-9999,-9999,-9999,-9999,-9999,-9999,-9999,-9999,-9999,-9999,-9999
"12-06-2023",-9999,-9999,-9999,-9999,-9999,-9999,-9999,-9999,-9999,-9999,-9999,-9999,-9999,-9999,-9999,8,8,6,7,7,11,11,10,4
"13-06-2023",3,3,4,3,4,3,5,23,16,11,13,6,10,10,10,9,6,4,4,12,7,5,6,4
"14-06-2023",3,3,3,3,3,4,9,12,14,11,15,14,10,9,9,7,6,10,4,4,5,10,7,4
"15-06-2023",4,3,3,3,3,4,8,17,9,17,26,22,15,16,14,10,9,8,8,8,12,7,5,5
"16-06-2023",3,4,4,3,3,4,4,10,14,10,7,5,9,9,10,8,8,7,10,9,15,8,7,5
"17-06-2023",4,4,4,3,3,3,5,7,6,7,7,9,9,11,8,10,6,9,5,5,8,6,6,5
"18-06-2023",5,4,4,4,4,3,4,6,4,3,3,3,5,5,4,6,6,6,3,4,3,4,6,7
"19-06-2023",5,5,4,3,7,5,9,28,22,17,25,13,27,17,10,7,6,7,12,7,8,7,8,6
"20-06-2023",4,3,3,3,3,3,5,8,7,5,4,5,11,10,7,7,6,6,12,9,17,16,9,4
"21-06-2023",3,3,3,3,3,3,10,19,12,4,5,5,8,15,10,8,5,5,8,4,5,13,20,10
"22-06-2023",3,5,4,3,3,6,8,24,25,14,9,7,13,14,16,10,8,9,11,11,6,9,4,4
"23-06-2023",3,3,7,6,3,3,9,17,14,9,8,8,18,15,10,13,11,10,12,9,3,13,7,5
"24-06-2023",6,3,3,3,3,3,4,5,7,7,6,5,11,8,6,4,4,3,4,5,11,14,9,7
"25-06-2023",5,3,3,3,3,3,3,5,7,6,5,4,7,11,11,6,7,5,7,9,6,9,14,8
"26-06-2023",7,5,5,3,4,6,13,25,21,13,5,4,10,12,5,8,5,15,10,5,9,9,9,7
"27-06-2023",3,4,5,3,4,4,11,22,16,19,19,9,13,17,14,12,7,6,5,7,4,12,6,5
"28-06-2023",5,6,3,3,3,4,6,8,9,9,7,8,5,9,6,6,6,8,5,4,8,6,7,6
"29-06-2023",4,4,4,3,3,5,9,14,15,11,9,8,12,11,10,11,6,9,7,7,10,8,8,4
"30-06-2023",3,4,3,3,4,3,7,13,20,10,13,9,12,9,6,6,6,6,9,10,7,10,5,5
"01-07-2023",3,5,5,4,3,3,5,7,6,6,5,6,12,10,7,5,4,5,9,6,4,10,5,5
"02-07-2023",4,5,3,3,3,7,9,4,3,4,6,9,4,5,7,5,4,7,5,5,6,6,5,5
"03-07-2023",4,3,3,3,3,3,5,12,11,9,8,11,8,9,12,12,9,4,5,10,7,6,7,3
"04-07-2023",3,3,3,3,3,3,5,5,6,4,6,5,8,10,8,15,6,7,8,6,7,12,7,4
"05-07-2023",3,4,3,3,3,3,4,9,6,5,6,5,-9999,-9999,9,8,5,6,6,5,5,8,9,4
"06-07-2023",4,3,3,3,3,4,7,14,14,8,5,5,8,8,6,5,8,8,16,10,14,8,6,4
"07-07-2023",3,3,3,3,3,3,10,15,7,8,9,11,13,13,7,9,6,8,14,14,11,7,9,6
"08-07-2023",12,5,5,3,4,3,4,6,7,7,7,8,9,11,7,7,6,7,5,6,7,5,5,3
"09-07-2023",4,3,3,4,3,4,17,7,4,4,3,6,11,4,4,3,4,5,9,4,4,4,4,3
"10-07-2023",3,3,3,3,3,3,13,17,14,11,11,8,12,11,14,6,6,6,13,5,9,12,11,4
"11-07-2023",3,3,3,3,3,3,6,12,10,11,5,6,7,8,4,4,6,8,9,9,11,8,6,5
"12-07-2023",3,4,3,3,3,4,4,5,6,5,5,4,6,8,8,10,5,6,5,8,6,7,4,4
"13-07-2023",3,3,3,3,3,4,6,19,7,7,8,6,9,10,7,4,5,9,8,9,10,10,7,5
"14-07-2023",3,5,3,3,3,5,7,10,10,18,11,9,11,12,11,9,8,11,8,10,7,7,6,5
"15-07-2023",4,4,3,3,3,3,7,3,8,5,4,6,13,5,6,3,5,6,4,5,4,4,3,2
"16-07-2023",3,4,6,3,4,3,18,6,5,5,4,4,5,6,4,4,5,4,4,4,4,3,3,3
"17-07-2023",3,5,4,3,3,4,4,13,16,18,13,13,13,9,9,10,8,5,7,14,8,3,3,4
"18-07-2023",6,2,1,2,3,4,3,7,14,15,14,12,9,10,11,7,6,6,5,7,4,7,4,3
"19-07-2023",3,4,3,3,2,4,5,20,30,18,14,17,15,12,8,8,6,5,4,4,4,6,3,6
"20-07-2023",7,4,3,3,11,5,10,11,16,12,17,6,6,7,10,5,4,5,7,9,8,10,6,3
"21-07-2023",3,3,3,3,3,4,9,4,5,5,4,8,7,7,9,6,6,9,7,8,10,6,6,3
"22-07-2023",3,3,4,4,3,3,6,6,11,8,5,4,8,7,5,5,4,4,4,7,9,10,10,6
"23-07-2023",4,3,3,3,3,12,70,4,4,4,4,4,4,7,4,10,5,5,6,5,5,9,8,5
"24-07-2023",3,3,3,3,3,4,11,16,13,13,6,5,6,8,6,7,5,7,10,8,12,8,5,3
"25-07-2023",3,3,4,3,3,6,11,13,9,6,7,6,7,8,12,13,5,5,9,6,6,12,11,6
"26-07-2023",3,3,3,3,3,3,5,16,19,13,8,9,9,12,8,7,7,12,5,6,9,7,8,4
"27-07-2023",6,4,3,3,3,3,4,12,12,10,9,11,10,13,12,6,7,7,7,8,9,9,5,6
"28-07-2023",3,3,3,3,3,5,11,9,6,7,7,11,7,7,6,6,5,5,8,6,6,10,5,3
"29-07-2023",6,7,3,3,3,3,3,6,10,8,6,5,7,6,6,5,4,6,4,4,4,4,7,4
"30-07-2023",3,3,3,3,3,22,4,3,4,4,4,4,4,4,4,6,4,5,4,4,4,3,5,6
"31-07-2023",3,3,3,5,3,3,9,20,11,6,9,8,10,12,8,8,6,10,6,7,6,8,5,3
"01-08-2023",4,3,3,3,3,6,8,11,14,7,9,7,8,8,8,5,7,6,7,7,9,9,7,4
"02-08-2023",3,3,3,3,3,4,5,15,16,8,8,7,6,6,30,12,7,7,18,5,9,6,7,6
"03-08-2023",3,4,3,3,3,4,10,11,10,5,6,7,11,10,10,9,10,7,12,10,13,6,8,4
"04-08-2023",5,5,4,3,3,4,5,11,10,9,10,9,6,6,8,10,6,5,17,6,8,13,7,4
"05-08-2023",5,3,4,3,3,4,5,10,13,6,7,8,10,7,5,7,5,3,4,8,8,6,7,4
"06-08-2023",3,3,3,3,3,5,37,5,4,4,4,6,4,6,6,4,4,6,5,4,5,6,8,4
"07-08-2023",3,5,3,3,3,4,7,10,15,8,5,9,7,10,7,8,10,9,7,9,9,9,5,4
"08-08-2023",3,4,3,3,3,3,11,16,13,6,6,11,9,7,8,6,5,7,8,11,7,7,5,5
"09-08-2023",3,3,2,3,3,3,7,19,21,9,7,9,11,11,13,8,6,5,4,4,4,6,4,3
"10-08-2023",3,3,3,3,3,4,6,12,12,6,5,5,6,6,7,7,6,6,7,7,8,7,9,3
"11-08-2023",3,3,3,3,3,4,8,12,14,12,10,11,14,13,10,8,9,5,6,11,14,10,5,5
"12-08-2023",3,3,3,3,3,3,3,5,8,7,10,10,16,9,8,8,6,7,6,6,5,7,6,6
"13-08-2023",9,3,3,3,3,4,25,6,6,7,5,8,6,6,6,5,5,4,5,5,6,7,7,5
"14-08-2023",4,3,3,3,3,3,5,7,14,9,5,4,7,8,8,6,6,5,6,7,4,4,5,4
"15-08-2023",2,4,3,3,3,3,3,5,3,4,3,4,4,5,4,4,3,4,4,4,3,4,4,4
"16-08-2023",3,3,3,3,3,4,5,9,6,7,10,6,7,5,6,4,5,6,6,7,7,7,7,6
"17-08-2023",5,3,4,3,3,4,5,3,4,3,3,4,5,7,10,8,5,4,7,5,4,3,3,3
"18-08-2023",3,3,2,3,3,2,6,10,62,7,6,5,10,12,9,6,6,5,7,6,6,8,4,3
"19-08-2023",6,4,4,2,3,3,6,8,7,8,7,9,11,14,8,11,7,8,5,5,3,3,8,5
"20-08-2023",3,3,5,3,2,33,4,5,4,5,5,4,5,7,4,6,5,6,5,6,6,5,8,5
"21-08-2023",3,3,3,3,3,3,7,9,13,12,11,16,21,14,17,14,7,12,12,9,7,11,11,5
"22-08-2023",5,6,9,3,3,5,7,11,13,18,19,18,21,17,14,10,8,10,9,11,10,14,12,5
"23-08-2023",4,3,3,9,3,4,6,7,12,15,11,11,9,15,14,9,6,6,8,5,13,10,6,4
"24-08-2023",4,2,2,3,3,3,3,5,16,10,11,6,6,6,10,7,12,7,7,9,6,4,6,6
"25-08-2023",3,2,2,3,2,3,4,17,7,8,6,4,6,11,5,4,5,12,8,6,13,10,7,3
"26-08-2023",4,5,3,6,2,5,3,6,8,7,5,5,5,6,6,6,6,7,7,6,4,19,5,5
"27-08-2023",5,4,4,3,2,16,15,4,7,4,4,5,10,7,5,7,4,5,4,4,4,3,4,5
"28-08-2023",3,2,3,3,3,3,3,7,8,6,6,6,7,7,7,9,7,10,5,3,3,4,3,8
"29-08-2023",3,4,3,3,3,3,3,9,14,18,4,7,8,7,9,9,7,9,10,10,11,10,18,5
"30-08-2023",4,3,3,3,3,4,6,11,16,15,13,12,11,10,22,17,9,15,8,7,7,15,7,5
"31-08-2023",4,3,3,3,3,3,7,11,20,13,14,13,15,14,10,9,11,10,10,11,10,9,8,6
"01-09-2023",4,5,3,3,3,4,6,14,19,10,10,14,11,15,7,9,7,9,7,7,13,11,9,7
"02-09-2023",4,4,5,3,3,3,7,20,9,12,7,6,6,6,7,8,4,5,10,7,12,9,7,10
"03-09-2023",7,3,4,25,3,6,12,9,12,7,6,5,7,6,5,5,3,5,4,5,5,20,5,4
"04-09-2023",4,3,3,3,3,4,5,7,20,18,17,18,18,13,14,12,16,12,10,11,14,11,11,9
"05-09-2023",7,4,3,13,3,4,10,18,19,20,22,32,19,16,15,13,12,10,8,16,27,16,11,7
"06-09-2023",5,5,4,3,3,5,12,7,16,8,15,15,11,36,29,17,13,13,15,13,18,15,17,9
"07-09-2023",6,5,4,3,4,4,7,12,24,15,34,36,35,25,19,18,17,13,14,14,20,22,13,10
"08-09-2023",10,7,5,4,3,8,8,21,27,24,18,29,21,24,17,17,16,20,14,18,15,19,16,7
"09-09-2023",8,8,6,4,4,12,8,16,15,24,11,12,10,7,8,13,7,8,8,14,9,9,8,9
"10-09-2023",5,7,4,6,5,5,5,5,5,6,6,8,8,9,8,8,6,9,8,7,8,9,10,6
"11-09-2023",6,4,4,4,3,5,7,15,14,17,22,33,25,21,20,18,12,11,13,19,17,13,11,6
"12-09-2023",6,6,4,3,4,4,10,25,45,32,22,19,23,14,10,14,10,13,13,14,24,15,5,5
"13-09-2023",5,6,4,3,3,5,18,40,43,37,25,17,9,7,7,6,9,7,6,7,25,24,12,7
"14-09-2023",4,3,3,2,3,4,4,26,67,31,8,7,12,13,13,5,7,9,9,10,19,23,17,5
"15-09-2023",5,5,3,3,3,3,6,16,22,11,7,7,8,10,4,6,6,5,7,8,9,12,12,10
"16-09-2023",8,6,4,3,3,6,5,18,10,9,13,6,27,10,5,5,9,5,12,5,9,10,13,8
"17-09-2023",4,10,4,5,3,4,19,9,5,7,6,4,6,6,7,5,11,6,5,7,7,4,5,5
"18-09-2023",4,4,3,3,3,4,6,22,48,24,17,13,16,17,14,11,8,10,9,10,10,12,12,7
"19-09-2023",5,5,3,3,3,4,8,10,17,19,19,7,14,18,14,8,7,5,9,11,13,12,14,6
"20-09-2023",4,3,3,3,3,3,8,12,32,25,13,12,16,11,13,13,4,4,5,10,7,8,4,3
"21-09-2023",3,3,3,2,3,3,5,8,22,23,9,8,12,11,5,7,4,4,6,11,11,8,4,4
"22-09-2023",4,3,3,4,3,3,8,14,36,23,14,10,10,8,7,7,4,8,13,15,12,3,23,23
"23-09-2023",10,10,5,8,7,10,17,40,30,25,25,15,16,14,11,5,5,7,10,21,11,14,34,24
"24-09-2023",16,8,10,5,5,5,8,13,9,11,5,12,6,13,8,5,4,4,5,12,12,7,5,5
"25-09-2023",4,3,4,3,3,3,5,15,18,14,18,10,11,8,9,6,8,13,13,13,10,12,9,5
"26-09-2023",4,4,3,3,3,4,10,24,27,25,18,11,8,8,9,10,8,11,12,15,19,15,15,3
"27-09-2023",4,4,3,3,3,4,7,13,11,20,21,21,16,17,25,19,9,11,6,12,14,15,15,12
"28-09-2023",7,5,4,3,3,4,6,21,30,35,24,14,21,21,14,11,8,11,14,21,23,24,14,9
"29-09-2023",5,5,5,4,3,6,24,25,55,43,23,18,19,14,16,14,11,8,5,8,19,25,14,6
"30-09-2023",6,6,5,7,3,4,10,14,9,18,6,8,17,14,8,6,5,7,5,9,25,15,21,9
"01-10-2023",8,7,5,5,4,4,17,10,11,8,8,7,6,7,6,4,7,8,4,6,9,16,9,7
"02-10-2023",6,8,4,4,5,7,19,38,84,48,29,24,19,21,19,8,6,7,7,16,20,22,11,6
"03-10-2023",6,5,4,3,4,4,11,56,85,47,27,10,14,12,16,11,16,9,10,33,23,9,9,7
"04-10-2023",6,4,4,3,3,5,7,14,29,32,25,-9999,-9999,-9999,17,16,11,15,6,13,21,26,18,10
"05-10-2023",4,7,4,4,4,7,13,45,53,30,22,16,14,14,10,9,9,12,6,26,20,6,16,10
"06-10-2023",9,7,5,5,4,9,10,21,31,25,15,9,8,9,8,7,9,17,14,11,20,13,9,8
"07-10-2023",6,6,6,3,3,5,12,12,23,23,21,16,11,12,11,10,11,7,10,12,14,11,14,10
"08-10-2023",7,6,4,4,3,3,4,4,9,7,6,7,7,5,4,4,5,4,10,8,8,10,12,6
"09-10-2023",4,5,4,4,5,6,11,26,59,71,26,25,21,20,14,15,12,13,14,19,12,16,18,7
"10-10-2023",6,7,4,5,3,4,16,49,56,39,54,22,17,10,9,12,8,9,10,25,44,26,29,10
"11-10-2023",4,6,5,3,3,5,17,36,88,63,24,22,21,15,20,13,12,9,13,15,17,15,8,5
"12-10-2023",4,4,4,3,3,5,8,23,32,30,16,19,10,10,18,13,18,13,5,23,23,27,16,8
"13-10-2023",5,4,6,5,4,7,14,71,53,63,24,15,13,6,7,7,8,10,9,20,21,21,19,10
"14-10-2023",8,6,5,3,3,4,7,11,24,16,18,14,15,8,7,4,6,4,10,9,12,16,13,13
"15-10-2023",7,6,5,4,3,4,4,6,6,8,6,6,6,6,4,5,7,6,5,7,8,10,9,7
"16-10-2023",6,4,3,3,3,5,9,23,26,20,13,8,9,9,7,11,7,7,12,16,13,16,21,7
"17-10-2023",6,4,3,3,3,3,8,14,31,30,27,27,21,13,17,15,13,22,27,13,17,16,9,8
"18-10-2023",4,5,3,3,4,5,12,35,54,32,16,12,11,13,10,8,9,17,14,11,39,17,19,10
"19-10-2023",9,7,5,4,4,8,22,54,46,33,36,24,16,22,13,9,6,4,6,12,37,31,21,14
"20-10-2023",9,7,4,4,4,5,29,44,78,83,41,22,16,18,10,10,8,12,27,50,66,39,9,13
"21-10-2023",13,9,11,6,5,6,11,10,20,64,23,20,20,18,20,16,13,12,16,25,21,33,19,14
"22-10-2023",18,9,6,5,5,7,18,12,8,11,16,14,12,11,9,6,6,6,16,13,15,24,51,57
"23-10-2023",43,15,9,8,3,10,27,75,139,95,74,35,24,11,11,10,8,6,13,16,22,18,12,6
"24-10-2023",4,4,5,3,3,4,18,78,75,39,15,15,12,9,11,8,9,12,15,31,41,28,16,9
"25-10-2023",5,5,3,3,3,6,11,34,68,43,38,15,16,12,15,12,9,18,19,13,18,20,10,6
"26-10-2023",5,6,4,3,3,5,6,23,108,64,53,38,45,37,40,33,19,9,33,51,41,33,35,14
"27-10-2023",15,12,5,5,3,8,19,49,56,60,43,11,8,10,22,14,11,11,13,19,18,13,9,6
"28-10-2023",4,4,4,3,3,3,32,9,5,6,9,15,8,7,5,7,6,9,8,5,10,17,17,13
"29-10-2023",8,8,6,4,4,3,3,4,7,7,5,4,4,9,6,4,5,4,9,10,8,9,11,14
"30-10-2023",12,8,8,4,3,3,5,21,57,43,29,26,14,14,11,8,7,9,14,38,28,24,18,12
"31-10-2023",7,6,4,4,3,4,5,18,51,48,29,20,8,11,13,14,11,7,12,34,18,21,17,11
"01-11-2023",6,4,5,5,4,4,4,14,28,35,13,16,12,11,9,12,14,8,12,17,15,17,19,18
"02-11-2023",9,4,3,3,3,3,3,9,7,9,25,24,10,17,9,12,18,17,26,31,22,39,27,7
"03-11-2023",6,5,3,3,4,7,12,46,63,34,18,18,20,15,18,23,15,16,24,36,30,40,14,10
"04-11-2023",12,12,6,5,14,13,6,10,7,9,10,11,13,12,12,7,6,8,8,11,12,11,10,13
"05-11-2023",5,6,5,4,4,4,4,49,54,7,7,9,6,7,6,6,6,7,7,8,7,6,5,5
"06-11-2023",4,3,3,3,3,3,5,21,23,22,20,17,13,25,21,14,9,11,15,16,19,18,12,7
"07-11-2023",4,4,3,4,3,4,12,27,42,20,12,11,9,13,15,12,25,23,36,35,37,37,15,8
"08-11-2023",8,6,4,3,3,6,21,49,66,31,19,14,20,13,18,7,12,23,32,22,23,22,20,6
"09-11-2023",4,7,4,3,3,4,10,26,26,26,16,15,16,11,13,10,9,18,36,42,43,24,19,11
"10-11-2023",8,4,5,3,4,7,11,33,34,25,34,18,17,16,25,19,20,28,46,44,40,79,42,8
"11-11-2023",5,5,4,3,3,3,4,6,8,9,9,11,13,13,9,8,9,8,8,9,9,10,11,10
"12-11-2023",9,6,6,4,3,4,11,8,7,5,8,9,7,9,7,6,7,7,6,7,5,5,6,6
"13-11-2023",5,4,3,3,3,5,7,20,32,34,23,17,17,12,21,14,11,21,22,17,19,25,20,8
"14-11-2023",6,5,5,3,7,14,10,32,36,44,19,20,15,23,23,13,13,19,33,30,28,20,15,8
"15-11-2023",5,5,4,3,3,6,22,41,75,80,42,19,18,21,19,16,11,14,32,25,33,37,23,15
"16-11-2023",6,5,4,4,5,6,16,36,48,50,17,11,11,15,8,6,9,14,32,23,26,40,31,11
"17-11-2023",10,13,3,3,3,7,22,20,34,31,16,14,17,17,18,18,8,6,4,3,3,11,8,10
"18-11-2023",4,4,4,3,4,4,4,7,10,10,10,14,7,17,13,8,7,6,7,8,14,13,16,12
"19-11-2023",9,8,6,5,5,5,7,55,8,9,7,10,11,7,7,7,6,14,11,16,13,11,10,10
"20-11-2023",6,5,5,3,3,6,19,36,58,63,31,19,20,17,15,14,13,18,22,26,17,17,14,6
"21-11-2023",5,5,3,3,3,4,11,34,79,75,26,8,-9999,-9999,-9999,9,9,26,37,54,65,57,15,13
"22-11-2023",11,8,5,3,3,12,11,38,38,56,51,36,38,30,31,40,29,29,52,60,72,62,61,36
"23-11-2023",19,15,10,7,7,8,17,54,165,168,104,36,40,26,19,26,33,51,55,86,65,95,45,30
"24-11-2023",13,10,9,4,5,7,18,58,93,86,38,33,10,12,20,9,24,32,22,42,44,25,15,11
"25-11-2023",12,7,4,4,3,4,4,6,6,10,10,10,17,17,24,7,6,7,6,8,8,8,8,7
"26-11-2023",6,7,4,4,5,5,6,7,5,6,8,10,14,11,9,7,7,7,9,12,12,15,14,14
"27-11-2023",9,7,5,4,4,5,21,40,64,39,26,18,24,15,31,18,17,53,34,63,75,41,23,16
"28-11-2023",6,6,7,3,4,6,8,46,57,54,15,13,19,17,24,14,12,11,14,12,12,10,9,4
"29-11-2023",4,3,3,3,3,3,7,11,26,20,29,42,31,26,25,23,23,15,20,23,37,52,23,11
"30-11-2023",7,7,6,11,4,5,17,9,9,26,19,16,14,18,10,9,9,18,14,25,32,25,20,18
"01-12-2023",7,6,5,5,6,13,24,53,55,43,25,21,28,30,28,31,21,45,63,117,39,55,40,11
"02-12-2023",5,13,14,6,13,13,14,113,58,105,52,28,27,23,17,11,11,12,14,16,13,10,17,15
"03-12-2023",8,5,4,3,4,5,34,14,23,10,12,17,15,9,7,6,6,12,13,10,10,10,13,23
"04-12-2023",5,4,4,3,3,4,9,32,61,24,27,18,16,19,22,18,11,7,45,37,44,94,54,16
"05-12-2023",11,10,5,3,4,11,22,42,56,40,24,18,23,11,28,28,23,30,47,37,25,26,10,8
"06-12-2023",5,7,5,3,3,5,4,19,37,39,31,41,27,25,20,17,16,22,19,18,39,25,30,10
"07-12-2023",5,6,4,4,5,5,16,47,78,75,40,27,28,37,44,17,16,42,28,30,21,26,17,9
"08-12-2023",5,4,5,4,4,5,12,26,55,46,27,28,35,25,30,22,21,41,42,52,35,41,30,26
"09-12-2023",14,17,7,7,5,8,19,89,36,51,50,22,28,27,20,17,18,35,47,39,42,63,46,50
"10-12-2023",39,39,36,13,12,13,69,74,56,26,18,22,18,28,22,14,14,24,23,29,28,23,33,11
"11-12-2023",16,13,11,6,5,9,71,80,-9999,-9999,87,24,31,43,34,38,38,62,84,63,76,34,23,14
"12-12-2023",8,9,6,4,5,5,18,52,123,129,61,36,55,37,34,25,31,62,94,84,78,64,41,25
"13-12-2023",15,12,7,6,5,12,19,48,148,133,28,14,22,27,24,19,51,117,87,91,106,71,73,30
"14-12-2023",25,12,7,4,5,11,20,50,62,68,54,23,21,31,20,29,23,35,20,42,33,34,41,11
"15-12-2023",9,5,5,3,4,17,27,81,102,52,36,51,41,61,31,40,45,66,55,87,80,41,43,29
"16-12-2023",23,13,10,7,8,8,23,44,49,24,25,25,39,27,23,16,9,12,26,22,27,18,21,15
"17-12-2023",14,13,9,7,8,6,9,16,9,11,11,11,13,13,10,9,12,19,21,38,34,32,32,22
"18-12-2023",14,14,9,6,5,9,16,58,91,85,40,31,22,38,50,30,46,61,139,157,155,59,64,33
"19-12-2023",27,21,10,4,5,7,25,76,145,117,74,58,42,32,17,12,46,137,131,158,157,180,120,40
"20-12-2023",24,25,15,8,7,10,31,96,138,91,68,78,65,63,57,43,53,51,67,94,52,93,41,34
"21-12-2023",11,12,9,7,6,10,32,112,98,138,89,18,23,19,23,30,32,46,49,59,55,41,28,13
"22-12-2023",9,6,8,4,5,6,16,23,51,42,25,27,42,24,45,42,31,42,46,71,64,40,27,28
"23-12-2023",28,19,7,4,6,7,12,31,33,58,46,23,23,27,18,16,16,23,29,31,30,31,29,22
"24-12-2023",15,10,10,5,7,5,6,12,24,27,20,11,17,17,14,25,20,34,61,68,63,78,44,26
"25-12-2023",13,9,6,6,5,4,4,5,5,5,10,8,7,8,5,6,8,10,13,16,16,15,14,11
"26-12-2023",11,8,6,6,6,6,5,12,18,14,15,5,5,12,11,6,7,14,36,55,35,28,37,16
"27-12-2023",10,7,6,4,4,6,15,49,57,25,34,23,19,14,16,12,11,33,42,61,74,97,65,43
"28-12-2023",25,21,13,5,6,20,30,54,67,77,67,34,20,16,12,14,16,46,80,61,85,55,35,30
"29-12-2023",22,11,8,5,12,13,16,35,66,66,27,32,30,20,23,15,13,24,48,73,35,42,42,33
"30-12-2023",23,22,9,5,5,7,137,20,42,27,17,14,20,17,13,17,9,15,33,60,45,38,37,24
"31-12-2023",16,12,9,10,11,5,31,16,18,33,24,9,10,12,15,13,10,18,38,61,50,47,48,38

