"01-01-2021",13,5,8,4,6,16,27,42,45,28,27,31,16,16,15,13,9,7,6,107,158,118,87,74
"02-01-2021",40,27,24,18,8,40,59,87,88,94,79,43,93,50,26,24,36,67,120,114,22,9,6,27
"03-01-2021",8,1,1,1,1,2,3,5,3,5,4,7,4,7,7,7,7,7,13,22,16,14,6,6
"04-01-2021",4,1,2,3,6,13,12,8,15,11,15,9,14,11,11,7,14,9,48,56,86,31,10,16
"05-01-2021",4,1,2,14,8,16,50,155,64,67,60,51,42,25,19,36,23,36,100,167,206,242,251,208
"06-01-2021",138,51,33,11,14,40,68,104,119,120,63,40,17,14,6,6,7,5,5,5,6,3,1,17
"07-01-2021",69,47,32,17,15,127,198,280,313,304,327,201,68,41,31,19,20,29,53,90,60,147,13,20
"08-01-2021",38,39,45,14,38,147,233,287,385,342,31,18,17,14,13,17,11,15,15,10,11,10,4,4
"09-01-2021",2,1,1,1,4,7,6,25,39,22,22,14,11,7,26,13,26,16,88,81,102,126,189,218
"10-01-2021",138,105,71,92,91,85,83,110,125,87,32,20,11,7,5,5,6,11,12,12,43,48,31,29
"11-01-2021",48,9,11,11,7,9,14,20,13,17,11,11,14,9,12,13,43,23,22,22,10,27,4,3
"12-01-2021",2,1,1,1,4,5,15,13,13,12,10,13,11,12,22,105,62,53,22,20,40,12,10,7
"13-01-2021",3,2,2,3,2,43,71,112,90,58,36,25,34,24,24,31,34,29,21,26,23,11,12,19
"14-01-2021",8,2,4,2,4,29,23,53,42,34,25,28,21,24,31,27,33,21,53,47,44,45,13,8
"15-01-2021",4,2,3,3,3,18,30,53,46,48,31,33,26,34,41,37,46,49,64,47,44,32,24,17
"16-01-2021",10,3,5,2,3,22,26,36,65,25,28,26,31,22,17,22,16,12,11,11,11,12,6,4
"17-01-2021",2,1,1,1,2,4,7,10,12,15,24,21,14,13,11,12,14,24,32,31,19,35,36,31
"18-01-2021",22,9,6,6,13,63,37,50,91,85,68,106,103,90,99,105,79,45,35,61,48,22,24,17
"19-01-2021",8,2,7,7,19,135,146,236,211,204,103,44,41,37,34,43,30,44,52,46,52,44,19,15
"20-01-2021",16,17,4,12,38,160,228,309,357,311,124,61,32,21,25,29,26,17,189,311,321,301,321,209
"21-01-2021",166,156,65,40,42,178,-9999,357,368,354,-9999,-9999,30,15,15,10,36,23,22,167,299,269,285,236
"22-01-2021",256,271,64,51,49,178,235,330,351,404,210,83,26,33,18,17,18,16,16,16,12,13,5,5
"23-01-2021",1,1,1,1,1,3,4,8,5,9,7,9,8,8,6,9,6,6,6,4,3,3,4,2
"24-01-2021",2,3,4,2,5,26,41,64,94,93,63,14,6,9,11,10,6,5,4,5,3,5,4,1
"25-01-2021",2,1,1,1,1,5,6,14,22,32,40,41,36,42,46,39,47,40,36,46,46,31,15,19
"26-01-2021",54,44,35,20,11,9,9,21,11,10,9,9,11,8,10,7,8,7,8,10,31,21,10,11
"27-01-2021",2,1,1,2,5,18,20,28,36,30,24,47,35,-9999,17,26,19,18,18,24,33,15,9,10
"28-01-2021",3,1,2,2,2,53,134,183,114,91,51,42,30,33,27,28,35,40,93,183,126,138,111,143
"29-01-2021",96,86,48,44,62,146,54,40,185,73,30,21,23,17,18,15,24,142,186,128,233,264,239,256
"30-01-2021",237,189,113,97,15,21,73,218,242,149,85,23,32,17,11,8,10,14,11,39,96,136,147,107
"31-01-2021",67,28,33,28,26,41,64,88,89,76,46,9,7,10,8,6,7,5,5,3,8,3,4,3
"01-02-2021",2,1,1,2,3,7,9,19,65,75,221,135,129,120,99,128,46,18,11,14,32,18,23,16
"02-02-2021",10,29,18,17,12,120,167,271,374,305,120,38,20,11,7,6,6,16,22,28,62,192,156,128
"03-02-2021",74,40,40,19,34,127,217,318,278,225,74,134,80,70,63,57,19,10,16,23,45,98,111,155
"04-02-2021",147,136,211,93,73,125,76,86,80,60,51,41,27,27,31,26,15,15,15,16,39,60,42,114
"05-02-2021",77,42,36,37,41,173,258,326,343,249,114,105,72,64,16,13,54,35,59,46,116,138,181,238
"06-02-2021",138,92,55,31,30,103,126,168,180,126,37,28,10,6,14,15,8,9,10,48,94,127,150,113
"07-02-2021",68,65,42,23,23,70,97,114,169,120,79,17,10,8,9,14,5,9,5,7,4,8,3,-9999
"08-02-2021",4,2,1,1,5,44,53,51,14,16,12,15,14,9,13,15,19,14,14,19,19,10,7,6
"09-02-2021",12,5,11,8,14,89,246,300,351,144,21,14,13,11,12,11,11,8,16,17,21,16,15,21
"10-02-2021",13,11,11,8,24,85,19,97,81,34,29,30,43,27,46,27,20,12,19,21,43,87,85,129
"11-02-2021",91,52,41,22,47,64,27,19,11,9,10,8,8,8,14,22,22,46,17,22,16,12,7,8
"12-02-2021",4,3,7,22,36,20,98,255,219,64,45,49,34,31,34,37,29,10,23,54,43,27,22,12
"13-02-2021",3,3,2,3,2,22,37,61,44,42,30,39,50,45,49,37,43,30,26,29,22,17,18,23
"14-02-2021",11,4,12,6,8,12,9,12,14,16,16,16,13,11,15,12,10,10,9,9,4,7,5,5
"15-02-2021",4,4,4,8,8,13,18,18,21,32,35,22,21,22,22,19,20,17,17,32,33,21,29,17
"16-02-2021",4,6,2,10,16,20,39,35,9,10,15,11,5,7,3,4,5,11,5,6,11,17,12,11
"17-02-2021",2,1,2,2,3,7,21,70,37,27,43,29,32,30,25,36,38,42,81,177,321,258,191,150
"18-02-2021",93,60,52,25,23,117,204,334,313,266,140,116,61,33,31,39,35,41,80,188,144,144,64,110
"19-02-2021",144,104,70,39,42,168,201,314,394,302,111,56,39,41,30,32,33,55,126,131,138,138,132,125
"20-02-2021",68,35,20,15,14,79,121,186,158,119,62,39,23,18,22,13,11,7,50,81,145,123,90,55
"21-02-2021",18,8,4,3,8,11,27,28,36,17,23,20,15,15,11,9,11,16,11,21,28,12,15,11
"22-02-2021",7,5,4,3,13,122,188,313,289,96,34,29,22,15,11,19,28,32,41,82,148,166,136,90
"23-02-2021",42,42,42,18,18,91,174,290,323,197,88,37,39,20,12,7,10,6,71,110,317,315,293,213
"24-02-2021",113,86,66,32,16,91,222,279,240,197,79,44,47,53,28,30,32,22,27,41,28,28,17,20
"25-02-2021",7,6,8,4,7,20,9,22,33,36,23,24,24,26,23,19,24,18,15,18,32,60,33,21
"26-02-2021",6,4,5,5,9,22,71,146,56,26,22,23,22,23,18,19,20,18,26,35,30,48,61,114
"27-02-2021",82,26,8,38,26,105,155,216,127,51,51,20,17,19,6,5,4,6,8,9,17,70,61,87
"28-02-2021",43,35,24,43,35,51,81,70,64,11,17,15,18,15,15,11,15,18,15,9,14,17,16,15
"01-03-2021",5,3,83,12,8,77,75,175,95,59,32,34,22,17,25,31,15,11,15,31,57,48,29,31
"02-03-2021",14,7,2,2,4,22,27,55,60,44,41,51,50,56,43,28,24,20,22,22,18,15,14,12
"03-03-2021",6,2,7,1,7,13,22,32,36,23,21,27,28,33,53,22,17,21,19,24,27,24,40,51
"04-03-2021",32,37,17,9,14,97,169,314,205,89,35,23,13,15,14,11,8,10,15,21,29,99,123,126
"05-03-2021",47,82,48,38,29,79,202,294,138,43,52,38,23,11,11,8,8,10,12,13,25,12,7,16
"06-03-2021",2,2,2,6,1,15,45,103,27,21,29,15,16,17,24,17,10,5,6,5,14,26,35,20
"07-03-2021",5,2,1,1,1,8,9,16,10,13,12,19,21,16,23,14,18,27,23,22,27,41,17,28
"08-03-2021",16,5,5,4,11,35,90,136,36,11,15,12,8,9,8,10,15,12,14,17,11,7,9,9
"09-03-2021",2,1,1,2,15,38,53,69,32,51,40,28,22,19,19,7,15,45,45,41,33,41,19,23
"10-03-2021",9,4,4,3,5,56,86,182,140,82,68,33,25,8,4,11,7,7,7,14,15,10,10,6
"11-03-2021",4,2,1,1,1,18,46,57,26,29,20,24,32,17,19,15,20,23,28,15,19,31,36,11
"12-03-2021",10,243,8,6,9,80,127,231,101,44,28,21,12,9,11,10,9,10,9,16,11,77,87,111
"13-03-2021",76,72,45,20,21,92,169,134,97,31,14,11,17,9,6,9,5,5,8,10,8,21,13,7
"14-03-2021",7,4,6,7,6,27,43,94,85,73,40,43,12,14,11,4,2,3,6,5,1,4,3,53
"15-03-2021",28,5,6,1,4,5,36,136,65,4,5,6,15,11,13,14,10,18,15,16,11,11,5,5
"16-03-2021",4,3,3,4,6,12,23,55,38,24,27,28,24,28,26,29,29,35,14,15,21,19,5,6
"17-03-2021",3,3,1,3,3,55,52,150,56,-9999,-9999,43,39,31,35,30,21,37,17,14,17,11,5,5
"18-03-2021",1,1,1,2,3,46,50,114,39,31,36,27,24,20,9,9,10,11,11,10,37,76,27,8
"19-03-2021",3,1,2,3,14,57,93,163,91,41,34,23,28,37,12,13,7,6,37,49,49,35,33,25
"20-03-2021",8,3,2,3,8,61,42,83,70,52,46,11,14,28,22,9,6,4,5,10,26,24,22,12
"21-03-2021",14,3,2,2,2,14,20,27,25,23,21,20,19,9,16,18,24,28,22,24,33,81,33,80
"22-03-2021",85,76,7,12,16,11,44,62,70,37,27,21,20,15,29,18,26,30,24,26,35,17,9,7
"23-03-2021",2,28,2,2,2,19,23,33,35,28,27,30,33,26,25,27,33,32,33,24,28,33,9,8
"24-03-2021",4,3,1,3,4,16,24,25,24,20,30,28,19,20,29,25,22,23,28,41,37,31,21,17
"25-03-2021",4,1,3,2,4,10,6,18,10,13,9,17,12,9,13,8,11,13,14,20,34,41,15,9
"26-03-2021",5,2,5,6,35,117,172,160,73,49,32,19,17,19,26,16,8,10,9,11,12,8,61,75
"27-03-2021",43,24,11,10,11,102,130,137,46,19,29,39,13,8,6,6,6,7,7,9,10,5,-9999,62
"28-03-2021",74,47,23,7,12,35,75,88,88,38,74,30,19,13,12,4,6,5,3,2,7,19,27,66
"29-03-2021",55,36,7,6,12,111,203,293,261,171,96,53,30,20,21,8,7,5,7,24,39,36,27,16
"30-03-2021",6,3,1,2,6,31,59,76,76,58,45,66,45,45,35,41,38,34,29,38,33,13,20,14
"31-03-2021",5,4,3,3,4,19,48,33,26,25,54,54,42,20,20,15,20,21,28,31,35,34,31,21
"01-04-2021",5,2,2,1,3,39,16,42,32,32,37,29,41,55,75,79,29,26,26,25,51,39,48,50
"02-04-2021",41,15,23,13,17,162,218,329,291,190,57,20,15,11,10,13,11,4,13,14,7,25,8,7
"03-04-2021",2,1,1,2,10,40,50,146,22,24,24,15,12,9,4,6,8,5,4,11,14,6,1,2
"04-04-2021",1,1,2,3,3,5,3,6,3,4,6,6,6,7,7,5,5,7,7,11,15,8,8,17
"05-04-2021",7,1,9,7,7,37,75,163,89,66,66,95,54,71,60,62,58,51,50,60,51,44,29,41
"06-04-2021",8,3,5,2,5,42,95,107,82,73,47,59,41,38,34,28,35,31,35,22,20,32,10,9
"07-04-2021",2,1,1,1,3,8,39,78,57,31,9,15,6,8,8,9,10,19,20,24,18,52,6,12
"08-04-2021",4,1,3,9,3,14,73,90,52,22,28,24,20,21,20,19,16,16,30,34,25,22,11,13
"09-04-2021",7,3,3,3,22,39,47,98,38,39,31,28,35,44,35,26,30,33,48,23,36,21,13,19
"10-04-2021",7,9,12,11,8,73,104,121,93,45,17,18,17,14,9,7,6,3,4,8,9,8,7,7
"11-04-2021",9,10,4,5,10,16,47,83,51,12,19,17,12,9,4,4,5,5,3,6,6,8,3,8
"12-04-2021",15,5,6,9,5,72,157,258,182,82,103,40,33,28,8,14,8,6,10,9,10,11,9,18
"13-04-2021",15,5,10,12,24,77,197,282,206,150,99,43,32,13,12,10,10,7,6,7,7,26,18,24
"14-04-2021",18,33,36,13,13,102,183,302,160,57,39,37,21,12,7,11,10,11,9,3,12,13,7,34
"15-04-2021",3,3,2,8,10,51,162,141,87,47,52,34,22,19,13,12,6,11,7,8,14,15,7,8
"16-04-2021",5,4,17,4,14,40,54,81,76,52,46,63,32,21,16,12,11,11,27,41,47,27,19,16
"17-04-2021",5,5,1,1,1,14,18,41,34,41,32,26,25,16,12,9,14,14,10,28,34,21,18,17
"18-04-2021",6,3,2,2,7,11,17,80,80,36,14,28,21,11,13,10,3,8,8,9,11,55,37,73
"19-04-2021",105,67,41,45,7,54,114,144,137,73,53,31,11,7,14,14,14,38,11,9,17,28,7,14
"20-04-2021",10,1,2,7,6,10,43,66,33,27,27,33,28,36,23,37,23,5,14,23,27,35,14,19
"21-04-2021",3,1,1,2,3,25,71,143,76,43,27,27,25,27,31,23,15,15,21,15,12,18,4,46
"22-04-2021",4,7,3,19,21,84,135,184,186,118,106,37,20,16,16,10,21,13,10,27,12,10,6,11
"23-04-2021",10,2,7,3,46,82,90,44,24,15,30,32,13,12,11,9,7,7,7,13,21,46,17,17
"24-04-2021",4,3,3,1,1,17,25,49,36,31,34,52,42,46,40,26,38,27,22,26,23,16,12,29
"25-04-2021",7,10,6,5,9,5,7,11,9,7,10,13,12,10,12,8,12,14,12,12,12,10,3,15
"26-04-2021",12,19,29,9,7,47,95,217,123,59,39,51,24,30,12,9,9,8,11,30,79,35,25,42
"27-04-2021",6,3,13,7,9,60,112,150,104,147,100,28,15,12,13,15,8,10,16,9,12,12,13,9
"28-04-2021",7,6,5,14,9,62,114,327,220,22,17,18,15,17,10,11,12,10,6,9,13,11,17,85
"29-04-2021",86,106,37,87,40,138,244,142,213,147,107,98,69,35,17,50,19,31,30,13,54,75,115,61
"30-04-2021",59,14,12,17,51,144,176,182,90,161,82,20,18,16,8,10,8,4,6,13,13,17,55,170
"01-05-2021",100,89,129,220,160,179,117,409,170,160,80,67,49,56,50,39,12,10,9,10,12,9,10,28
"02-05-2021",23,11,61,56,18,40,61,119,162,76,79,29,31,23,11,5,5,6,5,4,6,84,44,34
"03-05-2021",16,6,30,85,16,176,300,136,80,43,24,22,22,17,8,14,9,3,8,10,19,11,25,25
"04-05-2021",84,36,45,66,71,82,92,38,11,15,11,9,17,10,4,4,5,14,14,27,24,17,19,20
"05-05-2021",8,8,9,1,13,66,87,282,186,100,86,15,11,11,9,12,7,5,6,8,7,9,12,7
"06-05-2021",5,1,3,2,2,11,60,57,46,48,57,28,33,62,54,47,59,12,8,9,14,7,36,32
"07-05-2021",203,100,90,60,113,193,237,198,177,203,131,42,32,-9999,-9999,14,11,18,20,28,8,39,25,15
"08-05-2021",12,9,4,42,22,49,108,154,76,69,55,48,32,45,29,26,61,49,66,41,38,22,15,45
"09-05-2021",17,3,1,1,1,5,10,9,12,10,15,16,15,21,18,15,15,16,15,17,24,24,16,14
"10-05-2021",12,96,1,2,2,13,35,60,28,28,27,28,25,33,36,51,23,21,18,15,30,20,18,40
"11-05-2021",6,9,8,4,7,22,28,89,74,27,31,30,39,39,41,32,29,69,67,57,64,54,37,25
"12-05-2021",8,4,2,2,18,58,149,284,249,76,29,63,37,19,19,8,8,5,6,4,8,10,11,10
"13-05-2021",3,2,6,2,10,51,123,165,95,84,78,59,58,20,13,12,7,9,9,9,21,42,10,16
"14-05-2021",4,1,1,9,21,17,67,74,39,72,67,56,38,65,59,86,9,9,8,10,17,9,4,14
"15-05-2021",15,2,4,13,8,45,163,165,79,101,63,29,83,15,8,9,17,13,12,23,30,20,93,114
"16-05-2021",17,5,11,3,5,17,59,37,54,35,31,42,34,27,13,23,16,26,22,38,37,74,19,11
"17-05-2021",4,4,12,10,34,94,116,155,90,70,57,71,20,12,14,13,9,5,5,7,11,8,6,18
"18-05-2021",29,6,4,3,11,43,77,124,80,50,41,45,33,24,56,10,19,27,33,28,29,48,20,32
"19-05-2021",88,95,57,74,31,60,235,199,224,115,62,54,31,14,11,13,9,10,8,6,13,43,10,24
"20-05-2021",12,2,4,1,2,5,41,81,50,37,32,38,35,36,52,47,31,34,35,43,25,17,7,21
"21-05-2021",11,4,5,11,11,16,34,57,30,24,32,46,32,48,50,51,23,27,37,28,10,10,7,41
"22-05-2021",10,1,2,2,8,51,97,71,37,97,59,23,18,9,9,5,5,7,6,5,8,9,12,8
"23-05-2021",5,1,11,5,5,11,19,80,60,51,25,25,29,23,5,6,5,8,6,8,10,17,21,37
"24-05-2021",90,67,106,130,188,140,162,220,310,232,159,157,85,33,7,12,28,34,10,1,140,78,135,180
"25-05-2021",185,129,359,107,185,320,359,92,39,30,29,25,58,55,25,71,95,72,113,54,172,156,23,19
"26-05-2021",15,71,108,111,78,137,68,304,244,73,74,29,56,44,20,5,13,20,78,71,146,32,8,27
"27-05-2021",12,8,23,21,54,121,74,190,174,71,43,10,9,31,8,10,8,5,10,12,14,15,10,14
"28-05-2021",25,9,12,4,7,24,82,148,121,117,43,38,29,12,11,11,9,10,7,6,5,10,12,27
"29-05-2021",30,9,12,14,7,26,80,63,13,15,11,13,7,6,6,5,5,4,3,13,8,5,5,9
"30-05-2021",4,16,14,11,2,22,12,37,28,13,20,34,58,74,14,8,8,6,5,16,11,13,4,9
"31-05-2021",7,10,3,21,9,45,82,157,36,60,42,44,56,41,29,10,9,6,4,2,8,6,8,10
"01-06-2021",5,3,1,3,6,14,45,61,26,23,31,19,44,31,15,10,7,6,5,6,6,18,18,21
"02-06-2021",11,22,13,2,10,30,49,99,45,40,33,25,32,24,26,19,9,7,9,5,9,10,5,6
"03-06-2021",2,1,28,33,26,21,84,98,61,81,88,25,32,12,7,5,8,6,7,8,9,9,6,7
"04-06-2021",15,13,24,9,9,41,88,138,89,48,39,25,30,24,16,16,12,12,17,45,31,29,37,43
"05-06-2021",22,5,2,3,3,41,72,62,31,26,35,25,9,5,7,6,6,6,9,8,6,5,6,7
"06-06-2021",11,12,7,6,3,27,74,69,146,123,28,41,7,5,9,5,4,3,4,5,8,15,11,6
"07-06-2021",2,12,17,3,7,64,136,188,145,148,95,68,176,13,18,14,8,10,4,12,14,16,12,10
"08-06-2021",3,41,11,3,3,36,130,102,99,72,36,65,34,11,10,15,10,5,11,9,38,45,26,25
"09-06-2021",13,4,3,11,16,38,43,45,37,31,27,32,48,60,43,119,64,34,33,64,26,34,7,25
"10-06-2021",7,6,3,1,3,7,24,71,32,30,29,28,42,43,25,33,46,53,25,6,8,41,21,69
"11-06-2021",50,29,33,14,74,111,164,159,139,55,57,25,47,38,52,73,36,24,120,58,36,210,136,184
"12-06-2021",121,95,35,44,34,113,182,157,78,66,15,21,17,8,7,9,11,26,23,10,11,23,49,37
"13-06-2021",27,18,6,7,20,38,70,58,50,69,63,18,9,6,3,3,5,5,2,7,11,13,24,9
"14-06-2021",17,17,8,2,3,14,43,107,52,33,30,35,38,57,25,29,11,15,18,24,22,31,15,51
"15-06-2021",12,12,8,4,14,19,58,115,86,40,22,33,20,45,30,31,15,22,21,14,9,16,11,19
"16-06-2021",22,47,14,24,39,73,162,157,79,47,36,43,40,25,45,26,7,8,10,8,9,20,28,92
"17-06-2021",78,31,18,32,54,79,214,162,89,157,181,120,49,8,13,15,9,5,1,24,19,14,58,105
"18-06-2021",35,10,1,9,27,51,141,205,177,303,95,27,20,7,5,10,9,4,8,8,12,21,16,11
"19-06-2021",30,28,46,59,59,127,107,153,138,69,61,100,87,44,34,12,4,7,4,4,4,3,8,13
"20-06-2021",27,16,45,53,64,53,68,130,94,79,100,42,20,34,7,3,2,3,6,3,7,16,8,60
"21-06-2021",6,15,72,13,110,159,121,83,91,84,55,56,17,13,6,8,6,6,5,6,10,8,16,10
"22-06-2021",7,9,1,5,12,8,52,132,77,60,16,11,-9999,-9999,16,15,11,12,20,20,13,15,27,11
"23-06-2021",3,3,5,11,5,25,12,31,71,-9999,-9999,-9999,-9999,-9999,-9999,-9999,-9999,-9999,-9999,-9999,-9999,-9999,-9999,-9999
"24-06-2021",-9999,-9999,-9999,-9999,-9999,-9999,-9999,-9999,-9999,-9999,-9999,53,38,29,12,14,34,19,11,11,14,20,5,10
"25-06-2021",25,86,171,150,39,87,154,188,250,245,191,147,56,14,8,12,9,14,23,17,14,20,12,158
"26-06-2021",212,241,357,213,324,146,238,366,64,54,88,33,38,36,8,6,5,7,27,36,36,25,65,89
"27-06-2021",162,42,20,71,21,8,23,34,28,17,79,67,62,29,6,6,6,8,41,90,37,56,41,66
"28-06-2021",38,12,32,103,21,75,90,87,76,58,45,40,36,19,32,39,20,21,66,96,30,61,31,63
"29-06-2021",16,65,18,10,16,45,67,62,83,67,67,44,21,12,9,10,10,13,13,20,5,11,5,9
"30-06-2021",12,18,80,14,29,79,90,213,105,103,63,56,61,40,71,24,8,12,12,26,11,20,13,15
"01-07-2021",9,26,76,122,164,321,417,504,230,46,12,11,11,14,14,13,9,12,9,61,38,111,29,21
"02-07-2021",9,9,6,10,37,58,195,236,78,83,82,54,83,92,83,77,23,15,21,38,26,23,18,49
"03-07-2021",90,24,24,17,10,26,72,41,21,28,24,26,18,46,71,11,8,8,5,7,5,12,11,5
"04-07-2021",4,37,31,10,14,56,83,172,25,38,34,48,31,6,4,5,8,5,5,4,5,7,5,4
"05-07-2021",8,3,2,3,1,12,59,128,98,103,19,30,21,8,7,8,8,5,4,8,10,6,13,22
"06-07-2021",109,95,117,105,95,128,150,161,41,22,21,35,20,8,20,9,9,7,23,13,11,42,18,41
"07-07-2021",27,50,17,26,37,67,139,117,158,141,71,44,79,73,65,69,59,13,-9999,47,43,43,44,35
"08-07-2021",42,61,38,9,21,29,40,48,50,85,67,59,69,54,51,43,40,71,58,75,51,43,17,32
"09-07-2021",17,13,6,5,8,50,62,47,42,42,58,51,56,30,23,22,25,37,42,43,24,18,23,13
"10-07-2021",13,6,2,9,9,29,27,20,25,13,20,25,31,24,17,19,20,10,12,19,21,30,25,26
"11-07-2021",39,42,11,8,14,18,33,61,14,11,18,13,12,9,11,15,12,8,19,11,19,28,40,67
"12-07-2021",34,26,25,30,74,118,182,89,84,30,32,37,44,46,34,35,34,28,41,48,57,50,37,63
"13-07-2021",48,11,11,10,17,96,120,131,74,53,50,78,64,49,41,53,67,37,50,94,57,62,45,44
"14-07-2021",28,73,112,48,96,181,85,144,83,38,25,56,64,36,50,43,38,38,38,45,45,43,28,30
"15-07-2021",16,12,3,19,96,92,150,141,82,38,23,39,59,47,46,55,39,34,42,125,69,89,51,39
"16-07-2021",30,98,36,176,140,77,153,303,126,104,45,46,40,25,55,13,10,14,31,91,10,28,22,26
"17-07-2021",33,20,30,16,69,138,118,188,126,126,70,57,16,15,52,8,5,8,7,3,6,15,20,31
"18-07-2021",10,27,36,24,20,71,65,136,128,148,59,29,14,4,5,5,2,3,8,5,2,4,16,5
"19-07-2021",10,11,11,15,15,52,29,64,64,78,72,10,11,9,13,7,6,8,8,11,12,13,10,16
"20-07-2021",11,4,11,38,14,34,89,76,31,45,63,25,23,13,6,12,10,10,13,3,5,4,2,15
"21-07-2021",14,21,12,5,24,97,159,146,32,18,18,23,23,19,13,17,8,9,15,18,29,57,43,31
"22-07-2021",5,9,2,2,4,12,22,36,34,28,36,62,63,37,35,47,40,41,30,59,45,30,26,39
"23-07-2021",15,13,7,9,13,40,44,44,37,28,36,42,58,48,52,30,40,46,34,55,43,41,19,26
"24-07-2021",24,9,4,6,5,25,43,47,31,15,12,18,20,18,17,20,22,17,12,23,24,14,21,32
"25-07-2021",50,22,25,29,17,15,21,23,13,10,13,8,6,10,15,10,10,8,8,15,27,13,15,62
"26-07-2021",13,46,32,22,27,34,60,44,53,46,31,38,25,19,24,22,22,32,47,67,49,39,58,46
"27-07-2021",57,31,91,59,59,69,89,149,20,39,51,60,65,64,54,69,70,66,81,102,65,72,59,32
"28-07-2021",18,8,4,5,6,48,43,37,28,52,49,59,45,48,47,86,65,52,110,50,15,17,21,25
"29-07-2021",16,4,5,2,3,25,30,111,65,73,76,60,47,39,38,48,37,8,17,125,144,215,266,313
"30-07-2021",107,185,262,251,261,511,584,744,569,307,165,86,49,78,64,77,12,12,36,107,55,10,15,123
"31-07-2021",403,521,436,215,90,303,321,293,407,250,109,29,19,132,107,11,52,23,13,8,5,5,60,110
"01-08-2021",188,257,238,454,295,235,154,185,179,51,70,50,26,12,17,16,8,26,48,56,56,50,105,109
"02-08-2021",55,412,414,214,229,270,505,280,151,287,116,47,44,51,19,9,4,5,8,11,5,27,80,390
"03-08-2021",389,484,571,232,158,120,382,350,162,126,88,13,13,21,11,11,13,62,48,67,49,75,49,101
"04-08-2021",120,57,96,414,110,280,228,484,224,138,129,41,66,67,42,15,10,10,62,56,23,14,75,163
"05-08-2021",112,352,300,408,189,880,791,391,209,94,166,26,51,28,11,17,10,46,11,13,14,17,2,108
"06-08-2021",8,19,16,277,66,104,143,137,80,116,49,-9999,-9999,26,27,38,34,38,36,55,36,79,61,27
"07-08-2021",12,11,5,4,6,17,26,46,35,15,14,22,19,19,17,22,15,16,36,35,24,27,29,29
"08-08-2021",31,27,28,27,44,63,86,84,42,27,16,22,13,7,15,18,6,4,19,45,20,44,65,27
"09-08-2021",49,112,68,17,104,204,237,97,195,78,23,55,43,30,10,9,6,7,8,9,6,5,8,88
"10-08-2021",56,48,56,150,188,212,165,301,89,151,75,44,19,31,20,11,11,8,24,74,25,11,4,118
"11-08-2021",100,203,80,127,227,233,212,285,233,153,42,123,8,7,7,26,13,9,64,37,43,50,61,59
"12-08-2021",24,4,2,4,17,53,136,108,21,75,26,22,36,37,41,43,34,32,42,33,32,21,19,14
"13-08-2021",20,26,16,5,7,25,30,30,26,37,45,57,33,31,35,35,34,31,30,46,35,31,42,26
"14-08-2021",8,10,4,8,5,24,26,33,26,22,24,14,15,7,8,13,11,8,16,17,13,13,13,17
"15-08-2021",24,11,14,11,4,7,15,13,14,10,10,9,9,9,9,9,12,8,13,16,18,17,28,43
"16-08-2021",8,15,20,12,7,21,33,71,21,19,14,15,13,27,21,22,27,20,6,43,39,28,36,35
"17-08-2021",27,1,2,12,17,134,137,145,133,160,74,69,26,12,5,11,6,6,8,6,5,13,36,9
"18-08-2021",6,4,4,45,150,124,150,140,132,23,15,31,42,28,10,9,12,16,9,8,18,33,32,76
"19-08-2021",87,36,77,25,43,147,70,41,57,67,27,30,30,17,19,7,12,36,35,25,19,17,18,19
"20-08-2021",18,4,14,3,3,23,49,31,37,28,27,35,26,27,24,23,28,23,39,33,30,26,39,43
"21-08-2021",18,24,8,10,7,32,53,45,27,12,23,25,17,13,13,20,14,7,10,10,13,13,16,11
"22-08-2021",10,21,15,6,12,15,18,22,11,10,9,9,10,7,6,10,11,10,11,22,18,11,12,27
"23-08-2021",11,16,3,15,9,38,53,39,22,22,17,17,12,15,16,24,25,16,11,14,21,23,22,51
"24-08-2021",31,38,6,10,8,24,35,46,22,21,21,19,15,16,21,50,48,30,9,28,25,35,48,28
"25-08-2021",24,15,16,17,18,118,166,208,121,85,26,18,82,92,9,5,7,3,5,6,12,9,13,9
"26-08-2021",3,2,9,51,47,55,117,183,119,96,75,13,12,11,10,13,3,2,9,13,11,12,9,10
"27-08-2021",46,86,57,38,25,32,78,120,62,109,110,27,11,5,8,12,6,9,11,7,3,53,29,44
"28-08-2021",10,21,10,16,42,36,32,58,68,35,60,21,42,32,41,7,7,6,6,4,3,7,8,37
"29-08-2021",13,11,7,7,14,30,68,79,33,27,48,23,24,20,21,28,15,5,6,5,5,28,40,17
"30-08-2021",39,22,21,17,40,74,42,50,30,59,39,20,19,15,25,25,8,7,8,4,9,14,28,43
"31-08-2021",42,41,56,56,75,96,148,186,46,29,33,21,17,15,23,8,7,6,10,11,9,21,10,12
"01-09-2021",31,28,16,27,27,72,104,161,107,55,29,22,38,23,30,12,8,8,5,8,8,14,15,41
"02-09-2021",17,17,16,3,5,9,16,20,46,47,50,34,59,32,26,26,27,28,53,46,51,39,31,34
"03-09-2021",15,26,7,9,27,20,39,40,46,45,45,48,47,37,37,34,43,59,43,56,42,34,35,29
"04-09-2021",23,12,9,22,19,81,55,66,37,38,21,22,24,9,34,15,6,14,29,25,32,37,22,28
"05-09-2021",14,4,20,7,7,6,20,19,22,23,18,17,22,14,9,4,10,20,20,20,35,14,37,32
"06-09-2021",11,16,11,8,7,13,15,30,39,41,21,33,39,36,39,37,43,26,25,33,29,16,14,20
"07-09-2021",14,5,4,2,2,14,30,41,47,45,45,52,43,38,30,23,56,39,31,20,11,12,21,18
"08-09-2021",9,7,5,2,12,49,81,70,74,70,49,54,30,22,19,16,17,37,11,17,16,10,10,23
"09-09-2021",20,6,6,9,6,17,27,57,28,27,28,25,23,21,22,21,26,28,22,19,29,25,17,20
"10-09-2021",15,8,5,15,5,20,48,61,49,34,27,42,30,33,28,31,9,8,11,18,12,9,11,6
"11-09-2021",51,34,44,24,44,74,134,143,91,42,23,13,12,18,6,6,5,9,6,6,4,21,29,74
"12-09-2021",42,33,17,10,15,27,33,57,27,41,20,22,16,19,16,16,19,21,21,28,31,13,17,19
"13-09-2021",10,17,23,10,2,20,41,78,28,22,26,48,40,22,39,35,22,20,25,26,21,17,17,14
"14-09-2021",16,5,4,53,9,10,21,81,38,21,18,28,36,42,26,36,38,23,34,33,13,17,25,21
"15-09-2021",30,10,17,17,14,96,225,124,187,91,117,84,70,117,34,11,8,7,17,27,45,21,13,72
"16-09-2021",28,38,19,12,12,83,168,272,246,182,137,22,15,14,12,10,8,9,10,7,9,23,58,69
"17-09-2021",58,48,22,16,27,88,201,257,272,91,40,30,16,11,11,14,9,7,14,12,15,6,12,13
"18-09-2021",7,3,7,5,18,57,105,147,142,92,83,41,29,44,39,36,30,31,20,44,45,70,14,13
"19-09-2021",8,17,11,16,12,20,88,165,33,89,46,39,7,12,4,3,8,9,7,9,23,91,97,28
"20-09-2021",7,15,36,13,35,139,177,143,181,149,69,53,71,59,108,88,18,35,47,40,28,24,9,33
"21-09-2021",4,2,2,18,15,22,117,277,108,133,92,20,18,33,33,26,10,12,11,24,32,36,33,33
"22-09-2021",13,9,3,4,4,25,55,61,82,62,60,37,21,12,9,13,11,13,11,10,21,34,32,26
"23-09-2021",20,4,3,4,3,17,36,21,23,27,31,30,25,27,22,35,30,35,25,30,41,33,53,47
"24-09-2021",18,12,6,16,23,88,206,246,255,101,26,42,29,28,32,22,20,13,15,14,17,18,70,121
"25-09-2021",86,62,41,33,26,88,137,136,98,94,73,49,15,19,20,15,6,9,6,7,11,11,7,44
"26-09-2021",110,74,33,20,28,42,109,81,56,32,19,19,25,14,45,18,8,4,22,40,40,71,59,27
"27-09-2021",71,95,57,14,43,83,217,200,238,127,106,21,45,55,76,106,16,16,32,85,84,55,10,53
"28-09-2021",42,32,24,10,7,58,94,81,124,77,56,57,49,54,17,16,10,42,49,94,48,35,41,33
"29-09-2021",21,4,4,4,3,38,77,98,99,80,71,53,62,86,57,65,46,46,45,45,40,30,24,20
"30-09-2021",20,4,3,3,3,38,57,54,77,58,62,64,76,69,56,30,28,37,28,21,15,12,18,20
"01-10-2021",15,44,7,4,5,16,35,50,58,50,48,51,73,75,69,54,43,71,42,39,37,25,21,18
"02-10-2021",19,12,4,4,4,17,38,59,51,51,27,25,23,22,22,11,12,10,11,19,13,10,9,16
"03-10-2021",13,10,11,14,11,14,45,47,51,34,20,15,11,14,12,17,11,11,13,13,28,14,34,27
"04-10-2021",29,32,9,5,6,17,50,56,44,31,23,23,27,37,49,75,43,19,17,29,29,29,54,57
"05-10-2021",53,13,7,4,9,31,60,76,62,80,29,27,33,77,81,84,88,69,62,58,51,32,35,20
"06-10-2021",19,8,6,3,7,26,50,57,61,47,28,33,52,46,41,64,33,31,40,52,59,35,31,16
"07-10-2021",15,8,7,5,8,32,68,92,82,80,63,76,43,22,10,11,7,14,20,94,49,62,41,54
"08-10-2021",25,13,9,8,9,65,117,156,175,121,36,24,35,40,39,25,78,116,122,89,67,58,46,69
"09-10-2021",15,20,6,7,33,51,73,125,64,43,23,15,9,9,7,8,12,6,9,9,4,24,38,53
"10-10-2021",45,24,17,12,8,28,59,61,62,50,19,39,21,11,5,8,4,11,11,16,33,46,60,62
"11-10-2021",53,37,3,12,14,15,16,122,135,99,139,106,19,24,21,9,8,21,53,62,109,122,140,105
"12-10-2021",92,88,76,90,49,99,201,142,91,93,55,68,47,54,54,54,30,43,29,51,77,52,96,80
"13-10-2021",43,40,26,19,34,115,164,236,285,193,100,22,17,17,14,15,6,16,7,25,27,23,40,48
"14-10-2021",7,10,9,13,6,53,106,128,29,109,157,124,45,28,117,157,147,135,159,195,185,128,119,78
"15-10-2021",36,18,8,4,3,4,20,56,146,24,12,7,12,13,19,10,9,16,22,15,9,11,12,8
"16-10-2021",4,3,3,3,3,10,52,84,119,114,35,18,26,22,27,30,36,41,29,49,39,34,14,24
"17-10-2021",37,16,18,29,27,35,44,84,44,54,31,22,30,12,27,13,6,8,28,37,44,40,58,37
"18-10-2021",34,23,13,15,14,83,109,135,161,102,84,68,63,48,53,101,55,77,83,68,98,51,45,39
"19-10-2021",40,17,13,17,13,93,120,190,165,105,81,50,71,63,74,87,78,76,81,80,60,49,57,92
"20-10-2021",65,31,21,11,16,63,147,96,204,204,75,49,56,46,32,41,33,32,87,89,61,61,46,59
"21-10-2021",32,17,9,7,17,75,166,224,372,205,51,32,23,15,13,14,11,11,14,14,11,99,106,84
"22-10-2021",72,71,65,57,73,99,213,292,366,210,78,43,24,22,33,18,12,11,12,15,27,29,9,14
"23-10-2021",14,27,43,19,41,70,145,168,188,135,55,44,21,26,32,29,6,8,8,19,38,19,28,46
"24-10-2021",30,37,39,51,63,76,109,115,120,87,41,19,57,55,17,28,14,20,29,26,24,19,12,13
"25-10-2021",13,12,3,2,2,14,44,41,69,48,48,55,59,75,77,62,54,47,37,37,16,18,12,15
"26-10-2021",8,11,6,6,8,39,73,109,122,108,85,75,78,48,48,46,69,76,75,64,46,23,19,35
"27-10-2021",11,4,4,4,5,50,77,202,114,41,56,31,43,35,32,20,-9999,-9999,68,78,53,54,15,15
"28-10-2021",10,6,12,15,19,27,52,49,36,22,18,18,17,21,20,24,22,25,23,27,18,19,11,24
"29-10-2021",10,8,15,12,33,57,131,187,279,118,63,71,91,40,38,25,20,26,43,44,15,16,14,14
"30-10-2021",7,4,6,3,7,11,17,78,15,17,14,13,16,15,14,21,40,27,32,44,33,18,21,26
"31-10-2021",20,9,4,5,6,10,11,27,67,38,34,42,37,31,29,32,34,37,49,51,50,50,18,38
"01-11-2021",18,23,9,14,21,87,208,309,220,54,48,42,28,29,21,27,11,15,20,14,42,50,86,62
"02-11-2021",60,23,11,7,8,8,10,11,11,10,12,9,13,19,12,20,12,90,77,45,83,92,42,32
"03-11-2021",60,32,6,10,26,122,211,300,210,129,85,37,31,18,20,16,8,10,19,44,118,184,213,165
"04-11-2021",75,35,25,31,28,120,215,289,301,132,11,11,10,12,13,11,12,21,18,22,31,49,144,135
"05-11-2021",90,39,21,22,153,89,257,296,250,49,12,21,14,16,26,16,15,8,12,6,22,24,15,57
"06-11-2021",43,38,76,72,57,117,124,145,124,77,106,62,68,50,36,59,58,58,106,131,136,231,269,247
"07-11-2021",196,236,155,56,47,52,21,58,19,16,13,12,9,12,9,13,11,20,22,49,61,44,95,126
"08-11-2021",91,49,31,30,24,95,178,244,242,155,35,26,15,17,10,17,10,17,16,22,35,34,34,55
"09-11-2021",43,61,21,20,13,99,184,227,169,141,101,92,62,72,117,72,101,110,86,121,62,89,72,51
"10-11-2021",20,4,6,4,5,19,24,41,70,48,48,71,58,73,64,58,52,47,43,25,32,35,11,12
"11-11-2021",10,6,3,4,6,17,29,33,-9999,32,40,32,39,37,32,17,16,19,15,19,22,13,15,15
"12-11-2021",6,4,4,4,5,19,38,148,45,36,51,34,31,46,57,37,41,42,55,60,90,89,101,81
"13-11-2021",47,35,25,17,18,64,80,104,79,70,46,13,13,13,17,12,7,15,36,102,101,85,66,75
"14-11-2021",62,33,24,19,18,25,72,127,84,70,41,17,15,6,13,7,5,12,45,56,59,56,44,53
"15-11-2021",31,23,9,8,7,35,60,106,122,91,76,74,81,89,104,98,94,62,74,75,41,38,29,25
"16-11-2021",9,4,4,2,8,21,48,55,85,56,52,92,83,73,98,83,79,55,80,65,49,47,38,24
"17-11-2021",19,25,13,8,15,37,93,110,121,88,126,88,105,74,67,68,94,99,80,63,59,62,35,44
"18-11-2021",28,12,10,8,15,37,95,110,132,131,121,42,57,37,18,23,19,17,12,59,49,86,64,46
"19-11-2021",25,9,11,11,7,46,60,115,144,105,100,86,89,123,116,134,47,61,48,36,38,30,16,17
"20-11-2021",16,5,4,9,16,14,21,42,24,25,17,17,21,11,25,22,23,18,19,32,24,11,13,20
"21-11-2021",11,10,11,10,12,14,24,51,24,17,25,20,8,9,15,18,21,16,40,127,128,133,138,125
"22-11-2021",129,73,59,51,39,140,241,301,393,277,147,33,20,14,20,20,14,14,13,9,6,7,5,7
"23-11-2021",2,1,2,2,4,11,90,229,271,143,92,60,28,30,15,18,16,56,88,143,236,84,39,38
"24-11-2021",28,17,5,14,23,41,59,228,107,85,69,75,82,76,81,67,51,76,60,42,44,36,20,22
"25-11-2021",14,5,8,5,10,47,105,116,153,113,86,91,53,98,56,100,118,151,148,84,87,90,71,75
"26-11-2021",48,26,23,13,23,86,149,165,192,213,133,37,31,23,37,103,158,247,346,361,296,308,213,254
"27-11-2021",191,126,67,68,57,115,128,219,112,14,13,14,12,10,12,10,9,8,8,16,23,5,6,5
"28-11-2021",3,2,5,5,4,9,75,157,114,77,52,13,8,7,7,5,6,5,5,5,6,6,8,5
"29-11-2021",6,4,2,5,9,8,68,23,46,20,29,26,15,21,20,25,15,15,29,36,27,20,6,5
"30-11-2021",2,6,6,6,4,7,15,39,22,32,52,52,38,38,43,73,62,34,38,27,27,48,30,28
"01-12-2021",26,27,23,42,43,43,79,159,48,38,65,48,48,42,57,48,41,73,33,34,34,33,11,20
"02-12-2021",14,6,4,4,7,154,117,315,386,255,66,29,37,45,47,19,27,40,25,15,14,30,32,21
"03-12-2021",6,47,64,29,47,100,158,23,32,34,19,10,12,12,15,13,8,6,10,8,6,6,4,3
"04-12-2021",2,2,1,7,18,76,94,142,28,22,10,22,35,37,28,20,76,27,82,113,133,84,57,67
"05-12-2021",41,56,56,63,56,62,91,164,108,87,39,17,23,15,10,8,3,29,43,64,74,53,54,52
"06-12-2021",158,124,125,45,37,121,139,321,181,42,17,11,11,13,9,13,7,10,8,7,6,5,2,2
"07-12-2021",1,1,1,1,3,3,7,8,15,65,147,113,43,41,58,70,55,61,32,23,35,36,16,13
"08-12-2021",8,21,4,21,10,22,52,98,92,71,48,43,52,43,40,44,30,49,35,29,45,59,14,32
"09-12-2021",20,10,21,3,5,100,207,367,444,329,192,58,22,17,16,13,9,7,10,8,6,6,7,3
"10-12-2021",2,1,1,1,1,3,4,37,68,67,57,48,30,22,27,31,18,11,20,27,18,21,14,5
"11-12-2021",5,2,2,1,2,3,2,4,4,5,4,6,6,5,5,5,4,3,3,4,4,4,10,10
"12-12-2021",12,1,6,12,7,14,45,6,19,54,48,54,34,41,15,8,8,15,10,70,51,49,72,72
"13-12-2021",38,34,58,57,27,34,33,42,54,41,40,40,52,53,62,74,98,97,99,77,41,32,41,28
"14-12-2021",10,9,7,4,6,23,43,74,39,35,37,30,44,33,27,36,27,38,27,20,22,19,11,14
"15-12-2021",12,4,4,2,6,14,29,57,135,166,96,90,91,105,84,43,29,28,37,33,45,67,65,117
"16-12-2021",70,47,41,15,12,27,95,308,101,86,46,72,39,41,30,33,66,86,71,119,128,51,45,38
"17-12-2021",32,14,19,21,9,20,66,81,80,70,65,61,33,29,33,31,48,40,59,72,132,84,50,35
"18-12-2021",33,8,6,5,6,8,10,56,17,33,44,52,80,38,43,35,30,29,20,20,25,21,15,14
"19-12-2021",8,8,4,12,9,14,12,21,16,18,17,16,19,12,21,15,14,29,23,33,17,41,27,62
"20-12-2021",58,77,46,39,35,149,270,458,489,390,238,102,88,64,86,109,133,198,343,312,216,217,175,214
"21-12-2021",163,76,24,8,12,68,88,100,174,82,148,53,45,43,44,103,131,125,133,126,118,90,71,41
"22-12-2021",31,16,11,7,10,43,90,172,225,137,137,121,86,42,26,62,94,100,133,86,92,88,49,21
"23-12-2021",19,9,24,4,11,21,41,98,77,50,42,42,26,30,53,46,75,-9999,171,162,118,135,139,115
"24-12-2021",124,54,34,29,39,166,269,341,344,339,123,63,55,53,41,37,24,26,35,44,31,38,18,26
"25-12-2021",21,22,45,50,36,104,99,149,151,146,29,29,20,10,10,16,24,22,97,213,181,209,188,151
"26-12-2021",150,158,98,73,55,66,78,118,126,140,91,22,15,14,19,11,4,7,6,7,3,17,6,2
"27-12-2021",9,26,9,13,6,43,87,212,43,23,28,12,16,13,12,10,13,10,82,109,158,61,5,6
"28-12-2021",4,1,1,5,5,20,12,13,10,11,15,17,14,18,16,16,13,12,15,11,17,20,13,11
"29-12-2021",6,4,25,13,14,99,177,315,305,210,145,96,122,54,75,55,65,72,59,45,72,55,63,126
"30-12-2021",56,152,110,44,30,95,140,67,31,33,35,46,30,27,27,17,19,28,18,17,21,23,33,92
"31-12-2021",32,8,6,5,3,12,16,33,45,45,36,35,55,52,34,33,16,12,19,19,19,40,25,8
"01-01-2022",9,19,9,4,31,80,79,78,83,48,53,28,23,12,9,13,6,19,69,133,211,141,100,122
"02-01-2022",113,100,79,52,21,31,26,219,57,26,19,24,22,22,16,22,49,83,84,133,163,136,61,131
"03-01-2022",116,62,41,36,38,108,212,273,381,345,115,33,40,36,43,28,14,11,20,27,17,8,7,29
"04-01-2022",16,12,25,25,34,147,195,275,314,295,163,43,103,46,50,56,77,117,95,86,86,58,13,9
"05-01-2022",4,2,4,4,6,10,54,67,43,40,21,35,43,53,18,8,6,21,22,55,129,153,250,240
"06-01-2022",231,192,180,163,133,112,143,191,149,128,60,16,10,12,8,11,10,10,13,13,15,9,16,13
"07-01-2022",10,3,2,8,16,109,180,134,157,86,31,19,15,17,12,19,15,19,38,60,59,97,122,85
"08-01-2022",57,15,4,3,6,46,63,109,111,136,108,19,19,74,43,15,8,40,56,111,120,115,86,99
"09-01-2022",55,27,4,3,6,13,37,61,45,61,58,57,46,29,35,33,25,88,60,65,92,44,44,82
"10-01-2022",82,75,55,34,28,99,201,328,357,241,259,194,157,200,180,124,38,29,72,61,25,31,86,92
"11-01-2022",37,6,1,2,3,37,134,237,166,122,126,135,89,104,104,147,134,83,71,32,61,19,14,14
"12-01-2022",10,7,6,3,4,16,18,27,-9999,-9999,138,-9999,-9999,61,54,46,53,52,46,38,46,34,32,20
"13-01-2022",14,4,7,7,9,33,38,66,62,62,46,44,52,39,23,33,33,29,29,29,21,21,15,9
"14-01-2022",6,3,9,9,4,21,38,118,61,27,34,28,26,33,34,30,39,53,89,78,128,121,257,315
"15-01-2022",253,177,149,116,60,111,149,213,211,217,31,34,44,43,52,49,37,39,55,48,76,66,66,59
"16-01-2022",46,24,15,7,8,11,21,41,33,39,48,37,29,37,36,36,38,45,50,117,91,91,87,116
"17-01-2022",81,62,58,40,34,143,210,348,360,326,186,63,59,39,13,22,20,39,152,138,289,218,246,320
"18-01-2022",319,165,144,67,61,59,28,59,78,59,47,30,55,48,55,68,38,31,37,49,80,62,46,35
"19-01-2022",11,4,3,5,6,12,23,55,108,103,86,78,72,114,73,71,42,67,99,121,157,176,138,135
"20-01-2022",67,62,40,30,29,159,270,412,418,339,157,53,19,17,17,16,14,15,65,282,154,53,40,64
"21-01-2022",90,49,49,63,76,129,247,249,435,401,365,82,29,31,54,25,37,85,134,90,95,49,14,44
"22-01-2022",63,52,7,6,4,13,25,28,25,19,26,46,17,14,14,20,14,14,14,13,22,26,20,27
"23-01-2022",30,20,14,11,3,4,9,18,8,10,11,9,10,9,9,10,10,18,17,45,75,51,34,95
"24-01-2022",98,27,7,5,4,13,18,29,22,20,17,22,23,10,12,21,19,12,9,4,6,5,3,3
"25-01-2022",2,1,1,1,1,2,3,2,19,14,10,15,16,26,25,13,8,15,27,24,6,7,14,14
"26-01-2022",25,19,3,13,15,19,24,14,18,14,12,17,16,18,18,18,18,16,26,37,54,36,14,21
"27-01-2022",34,8,6,5,8,19,51,126,107,46,39,23,28,26,28,35,28,67,88,35,112,126,102,112
"28-01-2022",65,34,24,10,43,143,202,323,327,234,111,45,24,22,34,40,19,10,25,113,350,400,311,310
"29-01-2022",213,153,96,39,23,71,92,110,96,107,107,64,23,28,27,29,18,13,26,21,18,15,27,18
"30-01-2022",17,7,4,8,6,7,14,22,9,13,13,15,11,15,11,15,12,22,33,65,156,157,96,82
"31-01-2022",200,162,69,36,29,137,129,238,286,66,42,23,46,52,20,16,16,17,22,13,10,6,7,4
"01-02-2022",3,1,2,1,3,7,10,17,58,48,19,15,12,12,12,15,12,10,11,8,7,10,6,13
"02-02-2022",5,1,3,1,3,10,39,14,13,10,12,9,13,25,20,12,27,67,20,24,33,15,11,10
"03-02-2022",7,5,4,2,1,10,13,21,33,26,27,54,42,37,30,26,23,25,28,60,67,18,14,18
"04-02-2022",20,27,21,17,19,22,33,58,96,59,33,31,33,30,27,35,23,12,30,30,40,212,243,282
"05-02-2022",266,201,154,124,93,141,180,236,270,219,48,20,15,13,6,12,8,11,37,135,240,269,219,181
"06-02-2022",94,108,96,77,83,67,136,211,106,54,19,19,13,9,10,8,8,13,16,34,34,114,183,178
"07-02-2022",142,101,71,44,51,173,199,353,366,240,85,92,52,48,76,14,44,52,52,28,10,31,25,8
"08-02-2022",6,6,3,5,6,10,28,22,21,21,24,30,26,27,32,29,35,29,18,21,17,20,13,10
"09-02-2022",6,5,3,3,5,9,27,56,34,35,25,26,27,27,30,24,26,33,30,36,28,126,75,96
"10-02-2022",43,40,20,18,31,106,216,391,305,210,66,33,45,37,23,39,23,58,126,74,111,196,113,59
"11-02-2022",57,42,31,41,32,112,267,362,364,216,82,47,19,38,12,10,13,16,21,34,78,238,281,295
"12-02-2022",192,104,94,88,66,140,193,201,215,189,51,21,20,13,8,6,11,10,19,54,70,73,70,65
"13-02-2022",29,13,14,16,25,25,18,44,28,24,29,25,19,12,8,9,11,13,35,48,47,61,55,40
"14-02-2022",39,26,45,32,27,83,194,162,144,135,78,51,34,30,17,20,16,14,11,19,32,30,22,62
"15-02-2022",113,290,70,52,42,163,238,296,297,173,56,45,26,27,21,17,19,17,24,30,69,137,189,202
"16-02-2022",107,85,69,49,55,132,221,307,295,231,103,65,32,22,19,14,14,14,16,13,20,14,17,11
"17-02-2022",6,4,8,12,12,96,105,208,169,124,63,35,26,21,15,21,17,18,22,22,93,91,96,192
"18-02-2022",177,143,136,132,128,222,320,244,162,119,56,39,22,25,46,28,23,27,34,85,124,118,69,100
"19-02-2022",83,33,17,30,53,159,132,90,79,53,45,26,16,12,11,10,11,11,12,16,15,19,71,100
"20-02-2022",73,86,78,70,95,114,117,124,137,104,49,46,31,27,18,22,21,22,17,30,34,32,11,14
"21-02-2022",21,13,10,21,18,84,134,152,205,133,68,51,42,24,23,23,22,21,24,25,30,50,63,29
"22-02-2022",21,31,22,16,19,48,66,125,128,48,31,25,21,18,16,18,17,26,31,45,49,49,27,30
"23-02-2022",41,26,22,19,16,28,24,44,34,23,17,16,14,15,15,14,14,17,12,11,23,16,9,6
"24-02-2022",6,3,2,3,3,6,9,12,13,13,9,10,19,26,14,19,14,9,11,11,9,8,8,5
"25-02-2022",7,14,4,6,5,18,42,98,37,25,25,18,14,15,19,22,17,30,27,17,20,23,49,66
"26-02-2022",43,32,28,27,22,58,61,85,96,58,24,16,13,11,9,11,8,9,7,12,10,9,17,27
"27-02-2022",25,17,13,8,4,6,4,4,4,4,4,4,4,5,13,16,13,12,15,20,27,30,15,21
"28-02-2022",23,16,21,11,10,28,47,70,37,26,29,23,18,17,15,29,29,43,37,31,29,24,20,17
"01-03-2022",9,4,5,4,4,12,38,63,66,57,49,46,47,52,45,51,51,51,44,37,32,28,17,14
"02-03-2022",7,5,4,2,3,8,15,20,27,24,26,28,37,33,26,25,14,7,7,7,6,6,5,5
"03-03-2022",30,9,10,3,3,21,20,48,39,21,13,13,12,10,15,12,7,7,8,11,14,13,9,6
"04-03-2022",9,14,12,8,11,48,76,108,122,62,34,24,28,17,12,10,9,7,12,20,17,36,67,75
"05-03-2022",60,44,42,31,38,63,88,87,61,47,37,28,23,15,16,12,9,13,30,34,45,39,46,38
"06-03-2022",32,31,22,17,21,27,36,79,59,34,22,18,18,14,11,13,10,12,10,9,17,9,9,30
"07-03-2022",13,10,13,16,11,15,20,41,15,23,14,10,7,8,8,12,17,12,6,7,9,12,26,27
"08-03-2022",21,18,13,12,5,11,29,43,15,13,12,11,9,9,9,21,16,11,21,24,21,18,12,10
"09-03-2022",6,4,3,3,5,17,23,34,33,29,32,26,11,10,18,15,9,9,11,10,16,7,6,5
"10-03-2022",5,3,3,2,2,6,12,31,19,19,15,14,16,28,20,25,24,16,16,13,9,12,15,13
"11-03-2022",8,12,6,4,3,13,21,30,21,23,22,24,23,24,34,27,20,22,38,33,20,15,9,10
"12-03-2022",10,8,7,4,6,10,15,29,25,19,11,9,9,17,18,12,11,12,10,12,10,11,9,11
"13-03-2022",12,12,10,9,10,17,28,24,11,7,3,7,7,5,4,3,4,3,3,6,8,30,23,25
"14-03-2022",24,14,8,6,10,22,30,38,38,29,22,21,21,27,23,12,16,21,24,29,35,39,33,16
"15-03-2022",6,5,11,12,15,13,32,37,23,15,16,18,14,11,9,9,11,14,14,23,30,70,60,51
"16-03-2022",38,22,15,13,10,36,72,93,107,71,28,15,12,8,6,5,5,5,7,8,8,8,5,5
"17-03-2022",3,6,13,14,16,29,67,90,67,29,20,22,15,10,8,25,19,19,19,18,15,13,10,11
"18-03-2022",7,2,2,2,2,5,12,17,16,15,20,15,16,14,18,20,22,16,16,14,12,12,9,12
"19-03-2022",7,4,-9999,2,3,7,10,9,13,9,10,11,9,9,9,11,9,8,7,12,11,9,8,11
"20-03-2022",6,6,3,3,3,5,6,6,5,6,7,5,7,7,6,6,6,6,5,6,6,7,4,3
"21-03-2022",3,3,2,1,2,6,12,9,11,7,6,4,6,7,10,7,5,10,5,6,11,8,4,7
"22-03-2022",2,6,3,3,4,12,27,47,35,18,14,18,14,16,15,8,7,7,6,9,9,7,7,5
"23-03-2022",4,2,3,2,1,7,10,11,14,12,17,21,22,18,12,9,7,9,14,9,7,10,10,6
"24-03-2022",5,3,1,3,1,3,7,11,7,8,5,13,14,10,6,5,9,12,18,14,30,51,53,21
"25-03-2022",41,57,43,36,31,26,52,74,36,17,13,12,12,10,10,10,12,10,9,9,14,10,4,10
"26-03-2022",27,31,32,15,6,20,11,-9999,5,11,10,9,7,4,4,4,4,3,5,5,4,4,3,8
"27-03-2022",15,12,21,28,25,26,37,41,-9999,11,17,14,21,11,7,4,4,4,5,4,5,6,9,7
"28-03-2022",19,17,15,21,18,28,45,60,54,63,44,28,24,11,8,8,10,6,9,7,9,9,11,28
"29-03-2022",25,14,7,4,9,33,72,122,77,35,28,24,14,19,16,22,10,8,5,6,21,14,16,12
"30-03-2022",28,26,19,11,14,50,82,89,76,45,27,25,12,9,9,5,4,4,4,5,6,6,5,5
"31-03-2022",5,3,4,4,2,5,6,8,7,7,7,5,6,7,9,7,8,6,6,7,8,8,7,10
"01-04-2022",11,11,6,6,3,6,5,9,7,6,7,6,5,6,5,4,6,5,4,5,11,13,5,4
"02-04-2022",4,4,3,3,4,9,18,57,19,15,8,7,10,6,4,6,7,5,6,7,13,13,6,8
"03-04-2022",3,4,2,2,1,2,8,40,13,21,7,4,11,8,5,5,5,4,4,7,11,9,5,10
"04-04-2022",7,4,5,4,4,11,20,39,36,49,33,21,16,22,12,11,7,5,4,12,18,15,12,16
"05-04-2022",12,8,6,3,3,6,11,23,21,23,20,31,18,13,11,8,18,15,19,18,19,21,15,12
"06-04-2022",9,4,5,6,6,7,15,42,25,18,20,14,10,9,6,5,4,5,4,4,5,3,4,4
"07-04-2022",3,4,3,4,4,9,18,14,12,13,12,11,8,7,10,18,12,10,7,7,11,11,6,5
"08-04-2022",4,3,2,2,3,3,13,14,13,15,-9999,36,32,36,43,55,13,10,4,6,4,24,49,63
"09-04-2022",10,6,4,2,3,8,40,77,52,57,32,59,31,8,15,8,7,8,7,9,12,12,2,4
"10-04-2022",11,6,4,5,8,16,31,56,37,59,19,5,6,5,4,12,22,19,10,12,16,13,20,6
"11-04-2022",5,18,6,4,9,18,39,31,22,17,19,32,21,22,24,44,31,34,46,45,55,48,34,44
"12-04-2022",20,32,29,33,22,100,98,187,100,69,51,27,14,17,13,12,10,9,11,10,8,5,7,18
"13-04-2022",16,10,16,10,12,60,160,227,231,42,34,29,15,16,9,14,8,8,5,11,11,12,1,5
"14-04-2022",4,3,19,15,20,88,142,247,132,57,20,30,38,30,22,9,10,10,6,13,14,26,15,26
"15-04-2022",51,34,30,13,20,82,98,262,147,60,63,59,56,56,66,64,34,62,142,74,72,11,25,20
"16-04-2022",19,9,8,27,19,78,71,143,127,105,60,33,24,14,5,10,9,8,25,39,25,70,30,34
"17-04-2022",17,12,7,8,5,12,18,22,21,20,28,23,18,14,38,28,29,20,9,19,12,7,4,16
"18-04-2022",10,13,9,9,12,36,67,86,108,82,66,68,69,80,85,68,69,60,53,49,60,32,27,24
"19-04-2022",16,28,8,14,14,34,36,39,48,46,37,38,40,58,21,16,9,12,12,14,16,18,14,10
"20-04-2022",20,3,3,33,49,131,209,196,106,98,36,16,12,12,11,10,13,5,4,13,27,20,7,17
"21-04-2022",16,3,3,14,13,107,200,221,152,88,85,28,52,88,23,12,6,9,9,13,1,6,4,15
"22-04-2022",13,9,16,12,18,98,124,146,96,13,10,6,13,6,6,3,5,5,11,6,6,1,7,11
"23-04-2022",7,6,3,5,7,46,99,260,40,92,60,21,23,36,14,13,7,6,6,3,3,4,12,27
"24-04-2022",22,67,99,64,60,118,127,57,148,92,34,17,74,83,5,2,2,3,3,3,3,17,24,21
"25-04-2022",40,77,23,16,33,38,32,90,38,54,71,38,5,3,6,4,1,2,8,8,13,7,21,20
"26-04-2022",27,20,26,51,79,96,157,174,92,116,57,46,34,6,7,5,12,10,8,5,10,4,33,64
"27-04-2022",136,91,177,113,80,195,269,287,225,195,51,48,38,52,34,26,8,35,31,63,64,88,22,54
"28-04-2022",83,56,48,66,64,86,125,303,154,233,154,73,46,37,32,30,23,64,49,46,52,41,26,32
"29-04-2022",17,6,33,16,45,18,23,63,22,17,19,18,17,21,14,19,19,13,9,19,20,15,11,14
"30-04-2022",9,6,4,3,3,13,18,32,19,21,19,12,12,12,14,16,13,8,13,20,30,35,20,33
"01-05-2022",24,18,6,22,8,13,27,24,22,18,17,18,19,15,17,14,20,15,17,24,26,24,15,7
"02-05-2022",6,15,3,3,7,6,15,38,43,27,30,15,12,13,10,9,10,20,34,43,28,18,10,25
"03-05-2022",17,5,15,26,11,30,49,222,47,28,45,26,45,55,23,19,10,3,11,18,32,32,29,28
"04-05-2022",10,3,5,5,3,31,66,74,103,68,71,54,41,53,44,36,18,22,17,14,10,12,4,15
"05-05-2022",11,19,13,28,38,70,171,230,196,240,193,136,23,51,9,7,8,7,7,8,10,12,29,81
"06-05-2022",75,49,29,23,11,94,119,98,109,64,58,63,77,71,36,76,30,45,52,77,59,35,18,26
"07-05-2022",17,5,7,5,6,20,26,24,15,13,18,32,25,28,28,24,15,30,29,27,36,25,14,15
"08-05-2022",16,10,10,13,14,28,30,76,24,50,22,8,5,30,18,7,4,7,5,19,12,28,15,26
"09-05-2022",17,32,8,18,5,18,27,57,27,25,31,36,56,32,16,60,39,31,39,59,72,51,36,24
"10-05-2022",18,55,31,6,9,36,28,134,48,34,18,19,40,53,32,43,32,15,7,34,23,29,27,35
"11-05-2022",23,33,8,26,23,21,65,219,67,34,14,34,20,43,48,39,11,16,10,107,92,60,38,39
"12-05-2022",32,108,56,11,12,77,267,353,208,139,79,54,48,94,47,27,17,7,8,12,44,27,27,53
"13-05-2022",43,56,18,14,28,109,68,151,178,271,159,108,40,69,42,11,9,17,9,7,8,13,18,17
"14-05-2022",6,1,1,1,4,12,48,124,6,23,10,18,20,11,7,6,6,5,7,11,5,4,14,37
"15-05-2022",37,16,59,90,90,80,78,91,186,111,47,91,15,5,7,9,4,4,8,6,18,17,16,17
"16-05-2022",96,3,20,25,7,56,151,144,150,126,169,75,55,48,11,27,13,12,11,9,8,39,5,4
"17-05-2022",2,2,38,112,79,150,215,98,165,39,25,14,44,58,16,13,7,6,8,9,7,8,12,13
"18-05-2022",29,51,41,21,6,46,101,133,156,109,39,14,17,13,14,13,6,4,9,8,7,15,13,13
"19-05-2022",8,3,2,2,3,12,21,20,36,36,35,40,48,48,42,41,48,71,28,38,26,13,11,11
"20-05-2022",6,4,2,2,1,11,15,33,19,18,24,38,44,41,46,51,36,40,35,41,32,12,20,17
"21-05-2022",15,11,24,9,12,24,22,73,34,22,26,28,31,20,49,20,22,10,45,60,54,56,16,8
"22-05-2022",12,32,25,32,71,117,134,115,104,339,90,4,7,12,8,7,2,5,4,13,54,95,73,65
"23-05-2022",90,82,94,68,42,150,202,309,152,127,62,111,98,83,61,7,8,13,9,7,9,3,16,1
"24-05-2022",2,10,15,10,12,48,114,104,135,148,45,27,99,63,12,15,17,22,9,4,6,31,18,59
"25-05-2022",54,18,37,28,3,19,169,297,118,41,11,6,78,28,13,12,4,5,9,8,8,18,49,63
"26-05-2022",22,5,10,58,58,131,285,188,176,195,75,15,8,22,13,13,10,10,10,9,10,50,214,446
"27-05-2022",260,144,98,39,112,98,146,253,174,115,42,75,78,36,33,43,21,7,6,7,7,6,4,42
"28-05-2022",39,43,24,24,39,12,6,87,138,76,62,14,19,11,10,8,3,3,2,12,12,16,12,16
"29-05-2022",12,5,5,11,5,7,19,12,7,5,9,6,3,4,5,3,5,42,37,38,46,45,12,8
"30-05-2022",4,15,15,8,18,24,43,91,67,68,52,62,124,103,75,8,8,12,5,8,8,13,7,10
"31-05-2022",37,7,15,28,61,106,144,179,168,146,101,51,13,28,25,9,10,17,14,40,17,22,9,37
"01-06-2022",107,119,185,46,19,157,241,295,193,185,97,35,29,41,26,49,5,6,12,72,55,27,25,25
"02-06-2022",41,43,33,39,27,87,105,136,43,56,34,-9999,-9999,72,31,24,19,27,49,48,28,40,27,65
"03-06-2022",23,7,6,2,2,9,41,26,34,35,44,53,50,45,48,74,52,48,33,41,19,16,10,9
"04-06-2022",13,29,7,16,20,19,22,39,18,23,27,41,44,44,24,18,22,20,11,14,18,22,35,41
"05-06-2022",79,70,67,19,12,33,44,158,73,17,7,11,9,13,9,7,7,5,9,15,33,129,18,30
"06-06-2022",107,5,136,195,336,366,534,674,309,201,70,82,76,51,94,105,8,9,10,12,20,17,14,17
"07-06-2022",30,11,21,4,8,22,46,85,54,62,71,33,21,16,14,11,32,39,55,57,25,43,25,19
"08-06-2022",10,8,14,33,6,28,79,130,103,50,21,9,12,16,13,8,4,7,4,7,3,13,7,6
"09-06-2022",4,1,1,2,7,4,16,86,129,77,60,22,15,13,15,4,6,6,7,3,4,18,27,33
"10-06-2022",22,15,75,25,18,20,26,15,19,33,19,17,15,12,14,10,12,14,18,9,8,10,12,14
"11-06-2022",34,46,18,6,41,60,45,89,70,49,23,26,15,30,19,28,35,92,19,54,18,10,20,11
"12-06-2022",8,11,7,17,16,9,88,127,26,23,11,14,12,10,13,9,37,23,4,5,18,65,15,27
"13-06-2022",10,61,17,8,8,10,32,18,16,16,14,20,15,16,15,26,22,26,21,18,20,22,50,48
"14-06-2022",70,55,131,15,9,22,49,37,29,64,59,40,33,48,48,51,50,81,57,79,62,96,67,104
"15-06-2022",86,150,101,67,81,21,39,79,19,23,20,25,32,29,36,43,28,114,172,109,48,33,18,20
"16-06-2022",19,14,19,75,6,65,92,149,42,39,38,74,53,48,38,55,32,43,52,55,50,43,22,17
"17-06-2022",160,77,11,8,11,86,151,141,47,43,14,21,14,17,19,9,9,18,22,25,35,97,34,37
"18-06-2022",7,18,67,18,8,12,14,16,15,10,10,11,14,10,18,14,8,13,17,12,10,10,8,7
"19-06-2022",8,8,7,2,5,5,11,9,11,10,8,9,11,13,9,10,16,16,18,14,19,16,17,19
"20-06-2022",15,27,10,21,24,17,55,85,17,21,29,45,42,34,15,11,8,8,7,10,7,8,5,8
"21-06-2022",5,14,2,2,36,46,107,190,78,48,61,64,49,40,34,23,8,13,9,10,4,11,45,70
"22-06-2022",145,193,173,32,27,64,219,356,164,124,36,9,51,57,10,8,6,5,3,9,14,10,27,22
"23-06-2022",20,21,19,23,37,104,181,281,202,136,88,39,29,14,18,19,9,9,14,8,9,9,9,26
"24-06-2022",5,15,7,2,5,24,51,58,55,45,42,47,8,15,32,48,34,44,33,38,58,48,32,66
"25-06-2022",60,91,5,41,166,87,122,381,193,47,8,18,8,9,4,5,7,5,2,2,4,10,9,20
"26-06-2022",6,2,26,14,48,58,190,196,26,29,13,8,6,10,9,10,38,19,19,8,10,27,29,30
"27-06-2022",13,32,15,69,14,33,44,91,55,39,99,56,31,14,20,9,11,14,11,38,21,42,33,9
"28-06-2022",3,268,37,48,89,336,267,176,52,51,54,58,36,34,17,36,31,21,36,54,31,26,33,19
"29-06-2022",15,5,4,4,12,8,32,75,38,17,20,20,15,21,22,21,16,12,16,16,28,21,19,14
"30-06-2022",10,8,52,55,37,85,111,38,33,21,25,21,40,38,34,38,29,34,28,21,19,50,27,47
"01-07-2022",34,11,16,21,73,21,35,56,33,23,39,62,57,47,42,54,57,82,64,30,32,35,29,32
"02-07-2022",48,19,11,14,22,22,55,148,36,21,13,14,26,36,29,33,25,25,31,20,27,22,12,10
"03-07-2022",9,8,7,4,6,4,9,10,8,15,7,10,7,9,7,9,7,5,9,11,8,11,10,12
"04-07-2022",8,9,3,2,3,9,21,24,19,24,20,23,26,23,16,22,17,22,10,15,14,17,20,10
"05-07-2022",12,9,4,6,5,12,22,74,18,29,30,26,20,17,19,18,15,25,18,31,20,34,20,15
"06-07-2022",46,10,18,13,6,17,82,87,28,26,16,8,8,24,20,9,19,22,35,14,23,46,25,37
"07-07-2022",8,50,99,109,167,114,127,20,23,23,27,33,43,38,26,21,5,11,15,16,11,20,21,26
"08-07-2022",11,12,27,27,64,74,62,32,52,23,96,78,44,8,9,7,9,8,9,9,17,17,45,57
"09-07-2022",20,8,10,23,8,12,27,14,24,14,9,12,7,15,11,14,9,7,9,11,16,10,12,21
"10-07-2022",5,3,9,5,7,8,27,48,13,15,11,9,11,9,10,13,10,12,23,25,35,59,46,44
"11-07-2022",43,32,28,18,18,82,131,105,47,46,22,29,30,26,22,44,13,10,26,38,40,49,22,30
"12-07-2022",13,18,9,18,21,88,159,82,39,30,24,28,21,25,9,12,8,7,13,29,7,25,25,42
"13-07-2022",22,7,7,20,25,31,30,24,27,25,16,25,35,22,25,30,40,46,24,32,19,14,11,12
"14-07-2022",5,7,4,2,2,8,15,21,17,24,35,41,40,42,16,21,22,30,33,39,21,9,9,11
"15-07-2022",13,5,4,4,3,18,25,51,27,40,30,28,25,22,22,19,29,18,23,27,23,20,11,22
"16-07-2022",21,16,65,47,123,55,57,57,25,21,19,18,19,36,21,38,13,13,15,12,17,26,16,43
"17-07-2022",14,6,11,11,15,31,50,32,23,16,18,17,19,19,19,19,25,19,28,23,31,25,11,14
"18-07-2022",10,17,7,3,11,31,55,60,57,60,29,60,37,39,41,33,38,29,29,37,27,26,19,12
"19-07-2022",11,9,5,2,2,12,25,29,38,51,46,54,44,25,26,22,25,20,44,41,43,17,15,16
"20-07-2022",18,10,6,8,2,9,15,14,21,23,14,19,21,40,25,31,31,24,37,22,19,16,11,15
"21-07-2022",9,3,6,14,4,8,19,49,22,20,22,36,47,31,28,34,40,46,53,71,30,16,10,11
"22-07-2022",11,91,108,71,248,97,224,124,78,46,32,31,48,81,104,34,16,24,130,207,168,58,58,166
"23-07-2022",129,73,12,11,27,37,73,34,49,39,39,31,29,47,30,35,22,15,21,15,16,36,38,106
"24-07-2022",44,34,42,94,241,454,458,293,43,36,30,11,33,26,69,33,10,23,171,68,79,154,125,151
"25-07-2022",8,107,105,202,143,85,244,118,187,139,46,38,30,32,19,21,23,29,37,92,164,49,31,51
"26-07-2022",50,55,116,61,155,65,36,130,30,24,25,40,42,56,28,43,13,13,36,145,103,64,82,155
"27-07-2022",74,5,20,67,150,94,245,264,122,78,43,46,45,54,47,55,34,47,56,43,44,40,31,53
"28-07-2022",33,36,67,66,4,29,73,93,32,109,64,23,12,33,13,10,17,20,20,29,22,22,22,83
"29-07-2022",39,26,27,37,8,34,45,39,31,35,26,27,22,21,24,24,17,31,24,33,56,37,17,108
"30-07-2022",19,29,27,13,17,25,32,73,37,42,53,47,68,56,15,40,21,15,4,37,40,72,46,37
"31-07-2022",5,3,4,3,3,30,117,28,16,20,82,170,61,89,4,5,3,4,11,6,32,57,39,66
"01-08-2022",40,53,33,72,10,32,55,84,103,55,40,48,40,28,58,20,39,32,36,28,33,42,32,20
"02-08-2022",22,75,32,25,29,30,43,37,23,34,19,28,22,22,20,29,24,23,31,48,59,35,22,24
"03-08-2022",7,12,4,9,4,13,18,24,27,19,14,25,22,20,16,12,14,19,32,31,19,16,14,20
"04-08-2022",5,9,3,4,3,14,39,74,27,24,23,26,20,36,18,26,17,16,35,48,22,18,18,10
"05-08-2022",6,14,8,7,5,23,47,72,27,15,20,29,20,20,23,19,18,26,21,28,17,16,10,15
"06-08-2022",5,6,8,3,2,6,14,12,18,15,13,14,17,15,13,15,10,12,19,22,10,15,12,12
"07-08-2022",12,8,4,7,5,13,16,17,17,25,15,9,10,8,9,6,7,10,13,17,13,10,13,12
"08-08-2022",3,7,7,2,2,11,24,27,23,27,21,35,37,27,25,27,34,27,36,19,12,18,18,57
"09-08-2022",7,4,6,3,2,13,31,25,26,36,30,31,46,35,33,29,27,26,45,33,31,16,11,26
"10-08-2022",11,10,1,6,4,10,19,20,28,22,26,20,24,23,15,26,23,15,18,16,21,12,8,11
"11-08-2022",7,4,1,2,2,30,21,22,29,31,34,21,51,63,35,35,33,36,83,90,61,55,29,29
"12-08-2022",33,4,4,21,16,29,37,48,22,24,15,30,28,33,39,34,34,36,49,37,46,61,27,37
"13-08-2022",17,9,18,6,12,16,38,44,53,46,72,48,75,71,72,15,13,5,10,4,2,11,7,6
"14-08-2022",4,38,9,68,44,67,25,115,20,35,79,30,20,25,4,5,4,4,5,3,5,38,15,12
"15-08-2022",9,14,1,1,14,8,12,39,24,13,12,8,28,41,15,4,3,2,3,6,3,4,8,13
"16-08-2022",6,2,6,9,32,65,38,137,80,67,59,14,20,49,8,7,3,3,2,4,1,7,16,5
"17-08-2022",5,19,16,35,44,77,83,190,81,38,23,11,22,40,79,7,6,8,45,56,43,22,26,22
"18-08-2022",16,51,28,60,100,286,272,174,224,96,17,14,17,19,17,20,13,19,24,20,44,67,127,56
"19-08-2022",13,17,193,189,41,128,215,187,133,180,116,66,51,55,13,9,4,6,9,13,7,56,22,59
"20-08-2022",88,128,341,126,283,341,122,122,191,77,67,148,77,43,8,8,7,4,7,2,3,9,33,60
"21-08-2022",58,54,57,104,142,99,94,117,64,14,16,11,8,21,54,11,37,13,24,21,24,27,28,26
"22-08-2022",11,22,14,13,42,76,119,87,69,59,30,62,74,26,49,27,14,6,10,6,9,12,8,5
"23-08-2022",3,3,6,19,8,36,46,64,85,71,51,54,59,9,7,17,9,12,22,17,37,61,30,49
"24-08-2022",91,40,41,27,47,63,63,76,72,65,27,14,16,22,17,56,41,29,57,35,11,15,4,40
"25-08-2022",16,11,9,4,24,71,79,94,54,32,24,23,13,9,16,43,48,73,79,53,40,34,23,34
"26-08-2022",38,37,14,32,25,45,123,176,55,49,23,26,34,12,10,3,5,8,11,7,8,8,5,3
"27-08-2022",4,7,35,29,28,73,76,102,85,54,30,14,20,13,6,6,5,6,6,6,5,7,11,3
"28-08-2022",2,5,40,33,21,19,65,87,76,23,104,40,26,13,34,14,3,3,7,8,8,6,10,42
"29-08-2022",27,23,45,20,26,98,102,134,77,119,50,51,60,99,216,48,10,8,12,24,40,22,13,66
"30-08-2022",15,88,82,71,45,60,140,157,93,41,37,32,45,47,31,10,8,5,8,11,7,11,22,52
"31-08-2022",30,28,11,21,31,29,84,83,56,69,91,49,44,41,45,10,15,67,56,64,48,89,51,87
"01-09-2022",53,31,23,14,33,78,183,235,189,209,83,31,52,19,11,10,8,9,5,9,6,11,14,10
"02-09-2022",5,1,20,33,28,79,111,163,135,112,133,39,39,13,9,10,9,11,12,11,9,26,4,35
"03-09-2022",38,63,18,33,18,36,28,31,47,21,16,17,70,56,27,8,8,6,9,6,10,15,11,6
"04-09-2022",7,7,14,16,36,49,76,100,35,44,73,75,50,101,7,11,6,7,17,41,25,57,40,37
"05-09-2022",22,14,13,4,4,25,45,41,43,47,41,40,40,37,33,35,69,39,22,19,17,19,16,18
"06-09-2022",12,4,6,3,10,35,68,47,30,28,28,54,36,29,20,18,32,40,21,22,19,16,10,24
"07-09-2022",22,11,6,3,4,30,36,49,29,20,21,31,38,30,29,29,20,32,18,36,18,16,18,27
"08-09-2022",27,14,13,3,3,19,20,33,46,28,30,21,26,28,33,25,32,31,19,24,32,33,52,44
"09-09-2022",44,35,26,19,38,141,192,281,158,220,139,52,60,32,19,7,22,16,16,8,12,14,9,42
"10-09-2022",23,43,62,55,79,145,136,185,124,57,96,72,20,13,7,6,5,8,7,7,11,19,42,41
"11-09-2022",62,17,44,78,126,44,109,167,116,56,97,85,44,16,11,11,10,6,4,4,4,16,7,17
"12-09-2022",9,15,11,8,27,34,35,27,55,69,35,32,42,32,36,41,38,89,48,56,57,48,31,37
"13-09-2022",16,8,4,16,18,17,30,30,66,46,39,21,24,16,18,30,11,17,12,26,16,50,60,23
"14-09-2022",23,17,30,9,17,57,119,158,152,56,23,65,88,102,55,50,7,3,10,11,10,12,16,19
"15-09-2022",31,41,27,13,15,77,159,204,213,60,18,22,18,10,11,7,12,10,17,10,4,11,15,12
"16-09-2022",8,6,11,20,29,119,200,216,158,116,41,33,16,15,14,16,11,15,9,3,13,7,6,11
"17-09-2022",5,5,14,7,28,104,128,153,100,150,96,20,19,11,8,8,10,6,8,2,6,9,9,12
"18-09-2022",10,13,11,6,11,10,38,97,56,63,36,24,25,30,29,18,33,21,27,19,32,27,40,28
"19-09-2022",15,23,11,3,5,17,57,49,44,53,26,41,43,26,21,13,11,6,12,9,4,13,10,12
"20-09-2022",17,33,13,16,6,36,124,123,109,46,47,31,33,15,7,9,13,16,65,64,42,52,31,34
"21-09-2022",12,5,7,1,2,9,32,60,42,45,52,37,26,11,16,9,29,38,55,37,21,20,7,10
"22-09-2022",7,5,6,3,12,22,37,86,58,55,27,27,59,83,81,49,52,65,60,66,47,60,41,38
"23-09-2022",23,6,11,14,12,54,72,77,87,87,54,48,37,32,32,38,40,96,55,139,72,77,64,49
"24-09-2022",40,21,31,28,17,68,108,177,164,87,29,18,31,29,21,18,5,5,5,5,13,18,18,80
"25-09-2022",61,40,24,25,20,43,90,111,115,46,16,29,18,14,4,5,5,3,6,8,8,20,16,39
"26-09-2022",44,90,34,19,18,99,176,269,254,161,61,24,20,9,13,12,18,10,10,6,5,12,6,42
"27-09-2022",75,119,54,27,18,24,85,193,136,121,10,9,8,13,20,26,23,14,14,37,33,71,30,25
"28-09-2022",54,41,18,49,50,96,151,128,118,74,50,42,23,43,12,9,8,9,10,47,64,60,34,12
"29-09-2022",25,6,22,9,30,57,102,256,115,90,52,47,16,8,9,3,8,9,17,17,6,19,8,9
"30-09-2022",12,52,17,21,48,125,167,226,254,101,162,63,57,53,24,11,16,11,11,17,14,58,45,163
"01-10-2022",172,116,83,47,47,78,178,256,221,125,21,25,10,8,11,13,12,13,16,13,23,16,14,14
"02-10-2022",30,32,17,41,17,5,23,39,32,18,17,18,8,11,13,8,10,12,16,32,18,36,24,53
"03-10-2022",42,27,33,48,58,70,97,190,104,77,46,49,16,20,19,20,11,9,9,9,8,42,33,35
"04-10-2022",21,12,2,1,4,15,21,52,59,62,33,38,34,35,29,25,26,34,35,57,49,59,32,32
"05-10-2022",14,5,4,4,5,25,56,82,82,75,63,56,66,60,55,74,65,62,32,46,47,29,30,11
"06-10-2022",15,10,15,12,11,20,18,50,43,40,24,35,31,52,25,26,19,36,28,23,14,16,13,11
"07-10-2022",9,4,3,2,2,9,18,39,81,63,50,34,33,43,41,30,26,29,23,26,21,26,18,12
"08-10-2022",11,9,9,6,9,25,28,81,25,26,26,27,35,33,33,16,22,22,15,28,52,72,66,80
"09-10-2022",54,38,21,25,16,64,106,142,145,78,72,96,25,17,10,10,5,5,1,7,15,13,14,62
"10-10-2022",42,28,16,7,10,61,97,266,231,105,65,57,58,60,46,57,107,34,16,53,55,31,27,33
"11-10-2022",22,12,6,9,8,29,38,59,69,63,33,23,17,19,11,12,12,11,8,7,8,49,66,36
"12-10-2022",30,19,9,15,11,60,77,153,192,92,44,28,19,31,49,59,15,42,43,66,65,72,41,34
"13-10-2022",34,24,10,5,3,58,88,109,61,86,55,25,29,25,16,26,29,12,32,73,51,54,48,49
"14-10-2022",40,12,6,5,3,36,65,79,87,94,75,39,58,67,66,66,65,46,45,61,31,37,26,47
"15-10-2022",47,20,25,15,11,24,37,35,16,14,23,25,27,17,16,34,36,31,18,18,15,13,9,9
"16-10-2022",8,5,5,10,4,5,14,49,20,18,14,16,18,30,35,14,10,10,11,13,19,14,9,8
"17-10-2022",7,18,7,4,2,35,24,31,24,37,25,37,28,35,28,25,22,14,18,25,25,23,9,6
"18-10-2022",7,2,1,2,7,13,19,28,31,24,31,21,32,19,22,33,24,22,17,17,19,15,11,7
"19-10-2022",7,3,46,19,14,27,34,43,53,45,29,23,27,20,29,30,10,12,16,23,51,54,129,99
"20-10-2022",71,25,22,12,21,82,173,257,245,149,47,49,59,54,33,46,72,49,64,67,50,83,38,41
"21-10-2022",24,16,15,12,5,30,53,70,122,79,49,58,55,46,42,38,23,21,40,42,36,82,42,40
"22-10-2022",27,10,12,6,21,15,18,48,29,28,14,17,22,15,11,20,22,9,6,9,111,109,120,140
"23-10-2022",132,102,58,39,43,58,85,141,152,122,43,81,13,7,5,7,5,8,6,14,41,161,144,154
"24-10-2022",181,110,69,56,43,157,257,286,440,374,177,36,12,48,196,19,10,12,17,24,19,26,130,211
"25-10-2022",131,94,69,54,50,108,182,350,309,229,188,112,57,31,25,5,8,8,12,5,17,56,171,186
"26-10-2022",121,107,105,53,52,144,190,321,440,330,161,79,171,190,26,8,15,8,8,44,71,31,20,103
"27-10-2022",101,97,46,34,68,75,204,322,315,219,61,55,-9999,54,58,65,64,56,59,51,51,61,33,31
"28-10-2022",38,11,17,10,9,11,14,64,15,17,27,28,16,16,12,5,7,6,11,15,15,9,9,15
"29-10-2022",11,5,7,3,6,12,19,27,19,24,16,19,17,15,17,15,13,7,12,16,13,16,21,24
"30-10-2022",19,14,4,8,5,7,25,30,46,12,14,8,13,15,15,15,14,10,13,14,20,40,72,90
"31-10-2022",29,58,50,34,22,47,122,220,304,140,68,99,56,64,66,101,78,72,57,43,34,57,78,116
"01-11-2022",48,16,11,13,8,23,38,80,57,37,48,23,22,60,76,82,59,34,38,38,78,65,61,54
"02-11-2022",37,18,52,18,20,70,216,320,255,173,37,30,25,35,40,32,6,30,47,16,99,148,244,232
"03-11-2022",151,97,105,72,78,163,240,350,309,161,117,87,50,18,10,15,14,20,21,43,120,210,270,269
"04-11-2022",171,137,110,85,87,146,267,322,309,220,57,36,36,17,23,13,17,23,14,25,38,75,71,80
"05-11-2022",116,52,40,36,30,87,86,119,98,36,11,7,8,10,8,6,6,5,7,10,6,4,2,5
"06-11-2022",4,4,3,1,8,18,6,7,4,8,13,11,69,50,16,6,8,15,49,92,52,48,61,45
"07-11-2022",37,17,9,7,10,47,100,104,94,37,27,20,25,19,28,30,28,24,28,42,30,90,115,121
"08-11-2022",122,43,47,24,32,108,197,193,311,129,48,36,28,27,34,28,47,39,35,90,135,128,118,125
"09-11-2022",101,76,45,12,5,41,92,128,70,26,23,30,25,20,9,12,21,76,45,22,13,43,48,19
"10-11-2022",23,25,50,24,35,96,136,139,172,65,50,40,49,24,13,18,79,114,113,87,71,83,89,87
"11-11-2022",80,88,92,65,61,136,182,199,143,71,33,38,34,24,29,29,31,51,46,40,93,42,83,53
"12-11-2022",29,32,24,27,9,30,49,63,48,44,31,21,36,53,44,29,26,27,18,36,31,50,50,111
"13-11-2022",93,69,70,49,68,60,82,130,95,43,17,30,74,57,78,59,38,59,29,33,36,71,54,76
"14-11-2022",89,113,89,51,41,57,90,140,246,98,49,22,18,24,27,36,25,23,28,30,52,46,42,52
"15-11-2022",72,63,33,30,37,86,148,285,269,132,45,35,24,27,28,36,62,45,19,15,18,69,79,93
"16-11-2022",13,5,12,12,9,97,167,259,316,180,57,46,59,61,22,17,13,17,25,141,180,112,114,91
"17-11-2022",155,87,110,52,37,84,99,234,142,65,13,12,13,19,12,12,11,11,13,9,65,83,94,83
"18-11-2022",108,128,167,65,63,144,205,314,278,168,60,65,41,14,14,20,33,53,69,37,12,80,67,131
"19-11-2022",107,47,47,60,161,90,109,181,196,152,28,45,58,22,30,24,6,6,7,11,25,7,7,3
"20-11-2022",2,1,2,4,8,11,8,11,9,9,8,6,6,7,5,5,6,6,4,6,4,7,8,4
"21-11-2022",3,3,5,3,4,6,53,57,54,40,40,38,41,32,58,64,45,89,46,44,-9999,-9999,-9999,-9999
"22-11-2022",-9999,-9999,-9999,-9999,-9999,-9999,-9999,-9999,-9999,-9999,-9999,-9999,-9999,-9999,-9999,-9999,-9999,-9999,-9999,-9999,-9999,-9999,-9999,-9999
"23-11-2022",-9999,-9999,-9999,-9999,-9999,-9999,-9999,-9999,-9999,-9999,-9999,-9999,-9999,-9999,-9999,-9999,-9999,-9999,-9999,-9999,-9999,-9999,-9999,-9999
"24-11-2022",-9999,-9999,-9999,-9999,-9999,-9999,-9999,-9999,-9999,-9999,-9999,-9999,-9999,-9999,-9999,-9999,-9999,-9999,-9999,-9999,-9999,-9999,-9999,-9999
"25-11-2022",-9999,-9999,-9999,-9999,-9999,-9999,-9999,-9999,-9999,-9999,-9999,-9999,-9999,-9999,-9999,-9999,-9999,-9999,-9999,-9999,-9999,-9999,-9999,-9999
"26-11-2022",-9999,-9999,-9999,-9999,-9999,-9999,-9999,-9999,-9999,-9999,-9999,-9999,-9999,-9999,-9999,-9999,-9999,-9999,-9999,-9999,-9999,-9999,-9999,-9999
"27-11-2022",-9999,-9999,-9999,-9999,-9999,-9999,-9999,-9999,-9999,-9999,-9999,-9999,-9999,-9999,-9999,-9999,-9999,-9999,-9999,-9999,-9999,-9999,-9999,-9999
"28-11-2022",-9999,-9999,-9999,-9999,-9999,-9999,-9999,-9999,-9999,-9999,-9999,-9999,-9999,-9999,-9999,-9999,-9999,-9999,-9999,-9999,-9999,-9999,-9999,-9999
"29-11-2022",-9999,-9999,-9999,-9999,-9999,-9999,-9999,-9999,-9999,-9999,-9999,-9999,-9999,-9999,-9999,-9999,-9999,-9999,-9999,-9999,-9999,-9999,-9999,-9999
"30-11-2022",-9999,-9999,-9999,-9999,-9999,-9999,-9999,-9999,-9999,-9999,-9999,-9999,-9999,-9999,-9999,-9999,-9999,-9999,-9999,-9999,-9999,-9999,-9999,-9999
"01-12-2022",-9999,-9999,-9999,-9999,-9999,-9999,-9999,-9999,-9999,-9999,-9999,-9999,-9999,-9999,-9999,-9999,-9999,-9999,-9999,-9999,-9999,-9999,-9999,-9999
"02-12-2022",-9999,-9999,-9999,-9999,-9999,-9999,-9999,-9999,-9999,-9999,-9999,67,64,45,39,11,17,53,93,97,96,80,68,61
"03-12-2022",31,18,19,9,10,63,68,108,72,52,50,40,41,56,50,59,53,42,43,37,48,36,36,43
"04-12-2022",38,25,25,26,36,56,87,128,110,66,55,42,27,27,41,35,49,33,36,39,40,43,31,32
"05-12-2022",31,14,7,9,5,31,57,103,98,77,69,85,51,42,64,48,92,93,91,60,58,63,39,43
"06-12-2022",28,15,9,12,20,77,85,142,134,102,76,40,49,53,42,40,12,15,16,18,53,46,13,16
"07-12-2022",10,8,7,4,23,102,153,264,239,213,55,20,14,6,8,8,9,11,31,21,19,13,13,14
"08-12-2022",15,8,15,11,19,102,199,235,274,236,99,14,9,10,11,8,9,27,29,36,29,22,14,11
"09-12-2022",7,11,8,14,38,132,154,217,253,200,13,10,9,11,8,8,21,7,14,14,6,14,15,8
"10-12-2022",5,7,95,191,204,208,216,214,212,213,209,214,212,215,208,204,205,206,203,205,204,203,202,199
"11-12-2022",184,205,211,224,207,215,195,200,196,191,195,203,213,225,215,214,220,223,220,218,233,215,222,194
"12-12-2022",202,182,187,183,185,204,224,301,254,255,278,285,225,193,221,209,218,201,202,200,194,226,193,189
"13-12-2022",-9999,-9999,-9999,-9999,-9999,-9999,-9999,-9999,-9999,-9999,-9999,-9999,-9999,-9999,-9999,-9999,-9999,-9999,-9999,-9999,-9999,-9999,-9999,-9999
"14-12-2022",-9999,-9999,-9999,-9999,-9999,-9999,-9999,-9999,-9999,-9999,-9999,-9999,-9999,-9999,-9999,-9999,10,18,20,17,20,13,16,13
"15-12-2022",8,1,1,3,10,15,24,38,55,19,60,54,14,29,32,28,40,65,72,86,187,219,274,265
"16-12-2022",205,107,101,86,75,166,281,489,455,397,175,80,17,26,19,16,15,43,34,36,21,27,23,20
"17-12-2022",12,10,8,79,82,133,144,187,128,32,19,13,10,8,12,15,24,17,18,28,20,32,27,42
"18-12-2022",29,86,66,44,68,81,89,211,150,86,79,92,72,33,36,69,47,43,59,51,51,67,44,73
"19-12-2022",41,10,6,53,20,25,38,65,74,64,52,45,44,46,46,46,44,36,38,55,50,29,22,10
"20-12-2022",13,5,5,5,5,18,17,26,25,34,36,27,30,26,18,15,20,19,22,19,19,15,14,11
"21-12-2022",14,7,14,14,14,39,54,186,79,40,24,28,24,22,23,29,31,21,37,31,42,68,58,117
"22-12-2022",85,38,31,13,17,90,162,299,345,298,104,53,25,31,19,22,13,17,16,101,302,293,259,213
"23-12-2022",166,118,75,40,30,98,163,289,369,223,190,80,45,43,43,43,23,85,215,230,257,278,272,195
"24-12-2022",169,137,155,70,61,138,166,220,217,180,95,49,30,16,19,14,12,24,23,209,249,312,293,290
"25-12-2022",228,174,117,67,57,54,68,56,41,42,12,9,14,34,9,12,18,27,49,124,83,133,82,33
"26-12-2022",53,87,68,30,63,80,88,94,88,86,52,33,17,10,7,7,8,10,15,94,173,238,278,232
"27-12-2022",194,143,100,49,56,140,245,301,353,294,127,98,63,44,32,30,16,16,25,17,102,303,315,254
"28-12-2022",224,173,91,47,49,117,221,233,165,151,72,48,71,60,56,49,57,55,75,162,156,175,172,190
"29-12-2022",115,117,90,38,50,116,266,314,366,270,105,72,66,34,20,13,15,21,29,30,124,241,192,174
"30-12-2022",167,184,150,84,84,157,247,315,313,323,149,63,51,18,20,16,17,23,20,62,120,163,214,177
"31-12-2022",147,127,88,55,30,105,168,218,195,170,76,56,25,29,25,19,54,31,93,94,115,112,95,52
"01-01-2023",114,82,48,85,86,100,99,104,100,75,47,23,36,22,22,18,36,46,60,75,58,49,70,94
"02-01-2023",100,96,52,24,28,79,133,216,232,166,116,78,55,34,54,19,10,17,76,227,198,221,216,204
"03-01-2023",132,80,73,87,66,172,246,312,270,220,105,65,57,28,19,13,17,42,106,170,206,314,275,249
"04-01-2023",228,146,102,64,47,169,237,331,338,251,203,114,30,21,15,8,11,41,116,88,107,91,114,159
"05-01-2023",148,102,114,110,41,113,300,413,387,277,155,35,24,63,54,42,60,28,18,67,235,300,302,304
"06-01-2023",291,183,113,87,91,108,144,164,147,79,36,25,17,14,16,17,24,20,24,34,117,170,158,147
"07-01-2023",134,108,93,47,38,112,149,180,232,183,85,40,24,25,28,16,9,15,116,126,108,109,83,135
"08-01-2023",113,67,38,35,39,76,106,130,166,128,84,58,37,25,23,17,5,7,28,85,148,99,74,81
"09-01-2023",49,37,35,29,48,204,253,354,368,283,183,59,34,18,13,14,16,20,14,18,17,39,190,155
"10-01-2023",15,19,1,1,1,5,6,10,11,12,47,55,25,32,50,61,30,14,43,16,7,10,8,23
"11-01-2023",9,6,10,18,25,149,127,284,287,244,52,29,21,25,43,38,39,37,37,61,86,91,36,57
"12-01-2023",42,41,15,6,18,28,98,139,88,76,69,51,39,41,37,66,66,50,53,61,64,59,21,26
"13-01-2023",11,9,7,5,6,17,33,38,26,29,28,32,38,35,21,48,24,40,41,51,56,58,28,39
"14-01-2023",65,52,63,25,19,57,99,173,180,146,69,25,17,17,24,19,44,42,67,80,142,97,99,129
"15-01-2023",94,98,83,65,39,50,56,79,-9999,-9999,71,15,12,11,15,19,15,24,23,34,48,59,103,197
"16-01-2023",143,97,36,25,22,118,178,340,369,279,124,26,32,20,9,13,21,26,27,21,11,9,6,6
"17-01-2023",4,2,1,2,2,6,9,11,15,16,13,14,8,10,11,9,9,7,6,6,7,5,6,3
"18-01-2023",4,2,2,1,3,7,9,13,14,16,14,9,13,9,8,11,11,10,8,7,6,4,5,5
"19-01-2023",2,1,2,3,6,12,7,14,11,12,12,-9999,-9999,12,11,12,10,8,8,11,11,6,5,3
"20-01-2023",2,2,1,2,2,4,8,18,32,33,44,23,52,31,48,70,27,30,57,56,76,64,47,15
"21-01-2023",14,43,67,35,5,5,5,6,7,6,8,7,8,8,7,9,10,8,8,8,7,6,4,7
"22-01-2023",16,6,5,16,40,63,70,95,86,58,27,8,10,9,8,4,9,3,10,18,20,27,22,9
"23-01-2023",6,5,2,1,9,75,84,202,253,157,23,13,12,9,7,10,7,13,18,19,18,29,29,123
"24-01-2023",14,7,5,4,10,69,144,288,285,188,129,100,43,35,24,20,11,21,76,86,71,49,24,18
"25-01-2023",8,4,5,2,4,17,42,71,71,62,63,66,68,52,49,62,44,59,57,49,34,31,25,17
"26-01-2023",17,8,10,7,6,37,62,129,115,92,42,37,96,69,62,90,123,119,80,106,100,149,166,150
"27-01-2023",64,71,24,13,9,54,138,171,201,111,61,49,57,54,38,27,41,17,95,203,174,149,89,64
"28-01-2023",34,25,17,15,30,51,39,94,50,60,39,34,30,20,15,24,21,13,12,80,113,104,76,53
"29-01-2023",25,12,16,5,11,43,42,34,33,23,21,23,17,13,17,17,19,14,19,34,37,24,17,16
"30-01-2023",24,21,12,5,13,58,114,133,126,100,34,25,28,53,54,39,34,39,91,95,151,208,172,158
"31-01-2023",110,60,50,43,53,101,119,231,91,80,51,41,36,34,48,47,28,59,37,31,40,32,33,12
"01-02-2023",12,7,3,3,8,15,20,55,29,23,24,31,33,28,31,50,40,28,34,87,89,158,168,155
"02-02-2023",183,166,101,63,56,165,248,351,397,276,47,47,48,49,52,34,44,59,40,62,54,52,16,46
"03-02-2023",81,30,34,42,53,125,194,342,329,412,104,40,55,49,40,38,34,68,79,84,67,70,51,57
"04-02-2023",125,165,93,48,59,117,188,242,234,272,273,164,72,23,31,30,34,51,29,42,132,47,19,43
"05-02-2023",23,12,9,8,8,6,7,11,10,10,19,20,18,14,13,16,14,22,12,13,13,20,17,11
"06-02-2023",8,9,9,10,5,9,13,20,20,21,37,20,24,20,24,23,25,17,29,44,27,21,18,14
"07-02-2023",15,8,7,17,16,22,51,68,44,43,35,35,35,32,26,23,24,28,28,29,30,34,37,37
"08-02-2023",43,21,11,6,31,31,68,73,98,98,60,53,50,62,50,40,38,47,53,56,42,30,38,24
"09-02-2023",13,6,6,20,8,31,37,49,56,47,66,54,70,51,59,59,35,53,48,62,43,53,29,25
"10-02-2023",17,13,7,4,5,21,37,66,53,57,45,55,78,60,56,44,40,57,42,43,32,26,27,26
"11-02-2023",24,11,10,15,8,41,40,93,43,57,26,27,21,21,15,19,17,21,24,26,37,29,24,27
"12-02-2023",31,49,75,64,66,62,89,109,69,61,34,26,20,18,10,13,21,13,15,43,43,26,30,50
"13-02-2023",15,8,10,3,5,27,37,64,52,35,32,49,43,41,37,54,30,26,22,32,41,19,19,16
"14-02-2023",8,7,4,2,5,15,24,101,59,35,31,33,27,28,24,38,30,34,54,123,160,101,68,89
"15-02-2023",61,16,4,10,14,19,30,42,49,43,43,43,40,40,43,53,40,40,41,37,78,125,182,139
"16-02-2023",164,137,154,45,43,142,200,310,296,183,121,46,44,28,13,12,14,14,20,21,21,143,240,262
"17-02-2023",211,148,120,80,71,141,224,385,360,273,109,42,23,29,12,17,10,13,9,15,50,49,18,114
"18-02-2023",117,141,95,70,78,128,142,195,146,145,64,39,32,33,20,11,13,9,19,24,9,67,15,15
"19-02-2023",10,4,5,7,15,54,38,112,48,34,22,32,36,22,20,22,27,22,25,32,35,30,5,6
"20-02-2023",4,3,4,10,19,68,101,237,193,49,26,20,26,24,24,32,17,28,34,116,142,158,132,106
"21-02-2023",71,59,74,53,33,106,205,286,370,267,65,42,17,18,14,12,11,22,25,41,30,32,17,22
"22-02-2023",58,48,14,18,16,91,246,370,311,146,79,-9999,-9999,32,29,9,23,10,8,13,18,28,32,94
"23-02-2023",59,47,72,65,84,137,276,388,311,105,122,37,30,24,15,12,10,14,11,15,29,23,43,134
"24-02-2023",144,79,51,83,46,99,156,268,124,119,56,39,48,33,9,11,11,16,15,7,19,26,44,65
"25-02-2023",47,33,24,12,26,155,173,184,93,63,44,17,13,11,10,5,9,13,16,15,13,14,10,9
"26-02-2023",6,3,2,2,2,5,5,7,6,5,6,10,6,7,8,6,5,6,7,7,6,7,7,5
"27-02-2023",9,3,3,7,6,8,7,5,6,5,5,9,5,7,5,5,7,9,11,12,12,10,21,15
"28-02-2023",11,16,9,9,13,35,86,158,128,67,66,82,149,109,90,95,71,72,88,99,96,89,54,55
"01-03-2023",25,10,30,27,18,169,154,223,225,123,86,49,24,18,13,18,8,27,65,58,60,55,44,28
"02-03-2023",24,9,32,4,6,32,74,72,91,71,65,72,65,15,17,58,87,58,56,77,103,63,54,42
"03-03-2023",46,14,46,12,32,58,80,117,118,79,51,51,49,37,18,12,9,15,20,17,25,34,22,41
"04-03-2023",55,29,23,11,4,7,7,8,10,10,7,8,8,7,7,8,10,8,15,14,24,19,25,113
"05-03-2023",112,88,60,68,67,80,79,109,70,63,48,38,32,20,17,16,25,24,12,14,19,29,13,43
"06-03-2023",73,20,5,15,19,30,112,179,70,54,46,27,20,32,28,11,8,16,11,14,28,32,15,15
"07-03-2023",15,14,25,14,12,38,76,188,85,52,27,16,15,15,15,62,64,60,62,43,58,43,20,38
"08-03-2023",32,21,13,12,22,40,101,129,92,62,29,21,17,18,14,16,14,14,7,18,20,20,20,8
"09-03-2023",7,4,2,3,20,59,85,119,74,-9999,71,67,25,10,11,11,12,14,14,17,34,36,11,12
"10-03-2023",28,16,42,24,10,31,71,257,118,25,19,19,9,11,7,8,25,15,16,16,53,10,10,3
"11-03-2023",7,3,2,2,2,4,28,107,49,46,49,38,35,22,26,18,39,28,26,27,35,30,11,10
"12-03-2023",7,8,22,27,24,39,92,103,52,45,68,18,13,10,16,23,17,24,23,23,22,35,16,13
"13-03-2023",12,4,5,3,5,14,23,61,53,34,60,53,52,35,33,26,16,21,17,20,27,13,11,14
"14-03-2023",11,9,7,7,5,22,46,76,58,45,46,37,39,54,22,9,12,11,17,15,17,16,16,6
"15-03-2023",14,16,25,25,25,78,222,352,177,35,18,18,17,17,29,90,44,43,70,40,24,15,77,148
"16-03-2023",121,87,41,25,30,84,184,216,145,47,38,-9999,20,57,43,22,25,23,24,20,32,30,20,10
"17-03-2023",8,4,4,4,8,20,36,47,45,45,35,36,49,58,62,80,39,49,45,44,27,27,18,18
"18-03-2023",16,18,11,11,12,53,74,177,28,36,34,35,44,25,23,16,25,22,35,38,36,30,12,13
"19-03-2023",21,24,15,22,33,28,15,19,11,10,12,10,10,10,10,18,14,18,19,22,48,63,70,73
"20-03-2023",45,33,49,23,28,84,186,243,171,127,79,59,61,38,26,9,10,14,19,13,17,14,33,62
"21-03-2023",77,84,63,38,63,140,178,261,236,201,93,134,254,152,70,72,103,49,94,90,150,214,111,137
"22-03-2023",111,122,87,78,71,142,148,210,175,110,82,37,49,17,13,13,28,16,18,60,58,50,36,37
"23-03-2023",22,17,15,11,25,100,191,188,117,36,46,36,41,41,44,56,38,38,40,63,45,36,32,25
"24-03-2023",16,28,80,27,21,72,121,73,46,70,72,54,45,51,14,9,14,11,86,102,90,76,48,67
"25-03-2023",86,115,106,75,43,71,104,156,56,52,7,24,15,7,12,5,6,3,4,11,13,28,7,7
"26-03-2023",4,11,30,66,7,28,-9999,100,65,28,44,28,40,25,29,23,96,21,8,9,20,12,15,50
"27-03-2023",91,73,62,113,57,95,212,261,134,84,85,17,14,19,15,10,10,47,29,24,38,31,14,5
"28-03-2023",3,3,2,5,3,9,25,43,49,36,31,32,40,50,42,40,23,19,24,40,32,14,14,27
"29-03-2023",13,8,4,2,4,21,32,58,53,60,110,25,26,28,26,28,37,31,27,21,61,108,136,112
"30-03-2023",98,50,76,60,50,81,104,174,119,80,73,87,57,36,51,18,21,12,9,12,17,19,16,64
"31-03-2023",55,55,13,3,5,8,65,46,44,46,40,34,33,20,12,11,8,8,16,15,36,26,11,16
"01-04-2023",6,4,4,2,4,6,31,42,77,40,53,39,7,9,8,5,3,7,71,37,40,36,8,33
"02-04-2023",8,6,10,6,12,8,11,83,79,99,68,35,73,81,35,49,116,20,15,9,26,34,21,76
"03-04-2023",49,19,25,10,14,32,115,96,113,93,44,68,54,15,11,49,23,11,10,9,4,10,6,2
"04-04-2023",3,1,1,1,1,2,4,7,28,60,50,29,34,48,31,36,40,19,31,29,47,50,26,11
"05-04-2023",5,7,3,3,3,7,41,50,45,45,39,52,37,31,31,36,17,12,27,32,29,43,19,18
"06-04-2023",4,3,1,13,6,25,99,163,93,56,49,43,47,36,27,19,10,47,46,31,65,32,29,60
"07-04-2023",25,10,9,14,7,42,68,132,103,104,64,44,34,22,26,61,12,10,13,11,8,14,17,29
"08-04-2023",14,16,38,17,22,92,116,232,206,46,15,18,25,11,9,6,4,7,7,11,8,13,23,41
"09-04-2023",28,25,39,28,22,30,78,57,38,19,25,16,14,12,13,8,8,4,6,29,38,40,46,29
"10-04-2023",8,6,11,13,16,31,46,73,46,33,44,27,29,32,39,36,44,38,43,52,34,42,15,30
"11-04-2023",14,7,7,5,6,9,19,17,22,28,23,32,27,27,23,22,28,34,40,61,66,106,31,49
"12-04-2023",20,15,30,18,30,40,31,82,47,96,70,59,48,51,32,45,52,40,18,14,25,17,20,46
"13-04-2023",9,21,43,7,19,57,104,188,195,126,101,52,20,16,15,12,9,8,8,11,17,13,11,19
"14-04-2023",13,9,5,9,21,63,55,47,18,15,15,14,15,14,8,9,10,8,7,5,8,1,4,6
"15-04-2023",4,4,12,24,6,35,70,88,49,48,28,65,32,35,24,10,8,3,7,9,9,5,3,3
"16-04-2023",7,5,2,3,10,17,28,59,62,28,10,7,3,6,4,1,3,2,3,7,7,6,8,4
"17-04-2023",6,3,1,4,3,5,14,24,41,28,40,22,19,65,14,6,7,8,8,7,12,15,10,12
"18-04-2023",7,3,7,10,3,32,23,57,135,98,63,31,36,19,14,16,9,13,12,18,19,26,30,16
"19-04-2023",38,24,5,4,8,65,106,122,34,50,41,34,38,40,29,13,32,15,17,18,37,13,12,39
"20-04-2023",69,35,29,14,22,40,160,199,108,75,31,16,26,11,10,13,5,8,8,8,14,13,13,17
"21-04-2023",29,33,21,8,32,93,116,176,98,90,-9999,-9999,32,9,9,6,5,5,7,9,16,8,5,7
"22-04-2023",9,2,8,8,35,50,96,144,77,28,16,25,24,15,7,7,9,17,21,28,29,22,11,19
"23-04-2023",17,15,14,18,24,11,61,35,13,13,15,42,18,57,59,10,15,7,8,5,17,61,20,4
"24-04-2023",18,40,17,15,19,94,150,217,122,107,53,57,33,13,13,12,12,9,7,9,6,12,6,7
"25-04-2023",18,7,5,4,9,30,75,106,106,45,48,45,41,40,54,34,12,11,5,8,24,26,12,11
"26-04-2023",10,4,3,4,5,20,71,57,100,67,73,49,61,23,22,54,62,42,28,28,15,24,13,18
"27-04-2023",11,11,9,4,6,18,22,56,39,32,25,28,21,22,21,41,35,34,40,39,41,33,35,25
"28-04-2023",26,11,8,6,13,57,32,46,44,34,34,30,29,28,32,27,10,8,5,16,13,13,33,34
"29-04-2023",29,33,47,21,20,59,116,126,54,47,32,23,12,11,8,8,7,8,6,7,4,4,8,10
"30-04-2023",6,4,5,7,6,6,23,37,17,3,4,4,4,6,7,3,3,6,5,6,6,13,8,4
"01-05-2023",3,2,2,4,7,10,48,52,15,10,7,8,7,5,6,6,3,7,10,4,4,14,60,70
"02-05-2023",36,30,18,3,4,92,131,193,87,154,86,47,37,29,48,12,28,73,68,44,16,25,42,32
"03-05-2023",14,4,6,7,5,48,125,142,128,81,31,57,17,12,12,9,3,9,8,11,8,17,20,12
"04-05-2023",10,5,2,5,22,77,120,204,137,27,15,48,43,20,13,13,17,23,14,17,13,16,14,21
"05-05-2023",21,7,3,4,8,32,96,133,80,75,38,26,35,68,61,62,42,26,19,29,21,15,17,9
"06-05-2023",13,9,3,2,5,8,20,39,20,17,14,20,19,13,15,18,12,13,12,14,18,13,12,23
"07-05-2023",14,7,10,9,4,8,30,52,20,17,14,15,20,18,14,20,15,6,14,71,136,85,47,35
"08-05-2023",25,19,41,59,48,113,250,300,132,305,103,109,60,66,62,11,10,10,12,27,16,17,22,14
"09-05-2023",23,19,14,12,34,82,47,88,62,46,54,71,42,34,90,70,59,49,48,70,43,55,24,21
"10-05-2023",11,5,4,5,4,23,63,69,72,59,53,40,61,44,41,51,54,43,61,46,35,41,22,22
"11-05-2023",12,6,6,4,22,37,72,50,47,46,45,37,55,34,58,76,50,25,19,22,27,21,20,21
"12-05-2023",14,29,11,5,9,17,58,69,42,49,30,21,25,28,38,12,14,13,15,23,24,35,43,30
"13-05-2023",36,21,14,18,30,37,91,80,71,29,19,49,22,11,5,15,14,12,10,8,7,12,15,21
"14-05-2023",18,10,6,18,28,33,50,84,66,84,88,188,103,33,9,6,7,7,10,63,34,10,12,25
"15-05-2023",55,103,120,163,127,207,242,300,130,57,122,30,26,49,18,15,35,6,37,156,42,67,120,191
"16-05-2023",150,127,90,74,81,130,243,245,107,170,111,35,26,57,35,12,14,12,47,132,36,23,19,16
"17-05-2023",41,17,28,12,21,49,96,181,78,81,51,47,39,39,45,55,16,30,40,36,28,55,35,9
"18-05-2023",8,8,9,7,5,20,132,189,145,84,60,46,77,86,62,30,11,12,12,16,14,19,20,55
"19-05-2023",21,29,21,7,11,33,88,73,46,35,32,31,24,22,28,19,12,11,7,11,12,11,14,46
"20-05-2023",173,45,42,66,100,124,105,107,273,91,31,25,33,24,24,30,27,23,30,27,42,32,23,18
"21-05-2023",10,7,5,11,6,19,47,65,24,24,24,21,20,21,32,23,25,16,9,12,25,11,26,18
"22-05-2023",16,12,13,17,9,19,33,53,38,39,31,22,41,33,27,12,13,16,25,25,16,16,13,16
"23-05-2023",9,6,2,2,4,27,46,166,26,25,25,36,53,45,38,42,30,30,26,38,31,60,45,27
"24-05-2023",35,4,4,2,86,80,264,213,220,250,95,-9999,-9999,30,8,14,10,9,12,14,29,44,38,42
"25-05-2023",73,52,17,9,15,93,219,204,81,236,81,63,63,39,9,6,6,3,5,8,24,19,33,33
"26-05-2023",52,58,24,144,276,265,100,187,62,35,45,37,39,42,54,49,-9999,-9999,117,144,60,27,16,37
"27-05-2023",17,12,9,24,50,29,26,30,25,22,30,28,26,16,18,18,18,22,35,28,32,23,20,18
"28-05-2023",10,8,11,16,37,37,26,29,31,28,22,18,15,13,27,8,11,12,10,14,33,29,18,13
"29-05-2023",33,14,5,9,18,26,37,47,27,23,32,29,23,29,27,20,23,16,25,17,26,31,40,29
"30-05-2023",11,16,5,5,28,41,92,145,132,89,33,38,14,15,30,11,8,3,9,6,11,9,7,11
"31-05-2023",9,29,12,10,16,77,90,130,93,52,50,64,25,10,70,70,115,85,72,39,6,65,93,31
"01-06-2023",18,93,59,75,31,129,165,163,45,36,44,48,50,63,54,52,74,74,50,62,28,32,22,33
"02-06-2023",35,140,91,23,40,87,128,84,151,114,73,55,27,11,14,19,15,9,3,12,11,8,9,18
"03-06-2023",28,18,26,39,52,98,141,228,211,110,17,22,63,72,49,12,8,6,5,10,25,13,40,25
"04-06-2023",24,16,13,7,15,41,74,135,315,188,193,149,103,68,39,7,8,17,9,65,48,83,20,20
"05-06-2023",24,47,44,17,13,35,78,40,29,37,26,33,19,17,23,21,28,19,31,30,38,44,49,22
"06-06-2023",20,22,18,15,15,29,37,37,25,25,18,34,60,36,31,23,21,46,80,97,49,36,27,24
"07-06-2023",33,37,20,20,30,165,107,127,37,66,30,36,40,24,15,32,26,71,83,92,91,95,25,76
"08-06-2023",90,98,57,20,27,24,56,113,48,46,38,24,43,53,19,19,41,37,50,83,36,86,65,39
"09-06-2023",7,12,7,6,37,59,184,109,191,96,40,11,52,63,14,21,7,8,8,12,7,7,5,26
"10-06-2023",33,88,74,136,225,220,162,146,97,17,15,70,88,23,11,8,18,6,7,9,8,13,123,73
"11-06-2023",26,84,121,47,98,69,69,52,34,6,25,128,79,63,19,20,23,26,55,81,53,120,106,120
"12-06-2023",33,76,128,67,126,149,146,179,146,129,75,33,43,26,37,44,36,25,14,5,43,49,30,40
"13-06-2023",50,37,6,22,18,61,56,103,44,40,44,19,30,25,29,60,68,56,27,50,31,37,48,29
"14-06-2023",26,20,6,9,19,67,152,162,68,44,73,132,109,45,12,14,10,9,15,17,11,10,12,18
"15-06-2023",23,49,27,51,79,73,94,131,151,196,91,44,58,39,10,16,8,46,39,32,18,15,30,51
"16-06-2023",67,62,72,53,24,75,154,101,81,81,98,56,42,35,41,37,13,9,39,22,32,30,57,91
"17-06-2023",66,55,23,33,20,41,89,123,96,170,65,76,71,34,21,36,11,50,55,45,30,20,14,40
"18-06-2023",12,14,23,18,11,21,58,53,34,23,38,33,23,14,17,15,16,19,13,12,17,38,29,27
"19-06-2023",38,96,72,30,28,93,136,145,128,52,39,34,42,45,90,54,9,10,8,7,5,5,6,20
"20-06-2023",24,178,19,7,38,85,256,178,75,240,100,47,57,24,9,7,7,10,9,7,10,9,17,59
"21-06-2023",26,54,32,18,24,164,272,184,82,64,60,49,39,18,10,6,15,6,13,54,67,114,34,23
"22-06-2023",29,133,109,18,14,65,181,216,260,157,-9999,-9999,-9999,-9999,18,25,34,22,18,22,18,16,20,18
"23-06-2023",10,18,27,75,19,32,59,62,34,25,21,27,21,20,16,17,17,30,26,19,21,15,19,9
"24-06-2023",13,27,12,14,83,109,44,36,62,38,8,17,13,15,15,4,14,6,5,18,11,17,51,26
"25-06-2023",2,8,9,10,33,23,61,39,15,134,78,46,59,41,3,6,5,4,20,5,42,31,19,10
"26-06-2023",4,3,4,5,7,15,54,69,61,62,12,12,9,10,-9999,5,2,7,34,56,50,46,13,6
"27-06-2023",9,6,2,2,3,22,42,45,27,20,12,13,21,22,15,14,9,7,17,25,17,15,15,16
"28-06-2023",22,33,24,13,39,36,63,51,62,89,47,81,62,51,9,6,6,7,6,4,5,8,6,4
"29-06-2023",13,15,5,3,5,28,129,86,49,66,28,18,19,6,6,4,15,17,18,25,21,31,15,8
"30-06-2023",7,8,4,3,3,8,27,25,35,29,23,16,9,8,8,17,14,12,12,8,11,9,5,8
"01-07-2023",18,37,8,33,44,67,96,64,98,66,25,15,15,5,9,9,7,6,6,5,7,6,11,13
"02-07-2023",13,3,2,2,3,19,32,7,82,28,30,16,12,8,5,4,4,6,6,4,3,7,7,10
"03-07-2023",35,24,16,8,13,22,48,79,61,30,33,39,35,14,8,10,10,9,10,11,10,16,15,15
"04-07-2023",74,34,22,41,21,82,118,121,58,136,47,37,34,39,16,28,10,5,12,45,67,61,28,102
"05-07-2023",30,135,79,15,97,86,103,221,58,36,36,39,43,54,96,134,14,7,10,15,38,33,20,43
"06-07-2023",50,10,9,4,9,18,19,47,36,32,38,22,29,23,18,20,19,20,30,11,12,13,31,63
"07-07-2023",355,44,27,25,8,75,173,278,172,56,52,27,20,22,27,22,6,13,14,21,26,12,8,126
"08-07-2023",4,23,74,52,135,20,55,97,40,24,15,19,21,23,19,25,19,12,22,25,21,38,4,19
"09-07-2023",16,13,11,7,3,15,18,26,17,39,159,34,40,9,4,8,6,9,9,12,58,55,54,8
"10-07-2023",8,38,41,74,61,60,132,131,43,33,45,50,51,26,21,11,35,20,19,17,75,75,48,53
"11-07-2023",39,67,29,30,41,130,313,317,164,214,78,33,24,7,16,23,11,5,4,6,10,30,13,54
"12-07-2023",57,60,123,138,39,164,209,243,78,243,119,92,29,16,18,32,9,10,9,13,4,20,86,187
"13-07-2023",307,387,267,133,176,255,342,286,489,341,171,80,117,25,74,11,6,8,6,4,16,11,21,260
"14-07-2023",256,294,310,370,296,290,294,543,230,257,107,61,105,132,59,9,6,11,7,23,68,80,10,270
"15-07-2023",33,119,412,396,291,292,249,393,64,34,67,45,22,20,23,20,46,48,29,17,19,35,17,20
"16-07-2023",14,16,8,61,66,118,140,36,33,25,24,20,24,19,21,23,18,19,23,22,33,27,21,14
"17-07-2023",15,11,28,81,74,20,78,67,41,65,39,45,35,35,38,43,18,23,23,31,37,16,15,34
"18-07-2023",15,10,22,3,1,12,18,32,21,18,16,29,31,19,20,32,25,23,25,45,52,44,29,67
"19-07-2023",21,38,12,15,12,42,71,267,39,24,34,37,48,39,34,33,19,21,25,35,33,20,18,54
"20-07-2023",69,117,22,20,67,183,326,334,103,-9999,-9999,85,63,61,67,50,6,6,10,48,10,7,12,37
"21-07-2023",34,197,411,249,373,291,221,209,128,43,102,63,47,35,7,7,53,58,121,135,79,35,55,161
"22-07-2023",52,182,64,172,155,381,416,517,303,155,15,9,51,92,18,23,8,5,9,5,8,14,34,244
"23-07-2023",203,227,13,49,109,116,160,289,358,174,216,70,8,14,5,7,6,5,6,28,37,6,40,8
"24-07-2023",24,67,263,146,34,59,90,102,87,62,45,39,40,31,19,19,6,24,5,18,51,67,21,75
"25-07-2023",5,8,18,101,145,114,142,133,231,51,23,25,14,11,16,12,11,12,11,13,8,11,32,34
"26-07-2023",15,24,18,26,20,137,242,360,432,275,63,26,40,7,10,7,5,3,15,20,19,4,33,19
"27-07-2023",8,12,68,59,14,100,62,92,31,31,30,34,20,19,21,64,18,9,23,59,48,34,34,52
"28-07-2023",14,27,34,68,11,32,34,46,49,72,47,43,19,8,15,15,11,12,14,13,11,11,7,18
"29-07-2023",7,5,5,7,13,54,79,91,37,118,119,74,47,24,8,7,7,7,19,11,18,21,28,25
"30-07-2023",23,55,37,64,15,109,103,82,36,46,28,67,206,218,66,13,15,5,4,20,41,46,68,87
"31-07-2023",68,50,15,42,110,141,165,179,82,194,84,71,67,-9999,-9999,46,31,39,38,46,48,40,36,27
"01-08-2023",20,5,15,6,4,29,58,86,59,67,40,48,35,44,16,15,26,7,13,21,9,9,8,14
"02-08-2023",6,6,6,29,36,80,119,213,103,-9999,51,18,19,6,5,5,5,6,10,5,4,10,7,5
"03-08-2023",12,29,50,12,69,137,177,168,112,92,67,72,67,70,15,11,7,6,8,12,10,11,9,51
"04-08-2023",32,91,94,116,103,143,170,109,205,180,60,37,42,28,6,16,6,8,6,6,14,15,12,77
"05-08-2023",47,70,32,28,96,122,127,235,137,161,78,20,8,10,9,7,5,5,10,9,11,16,11,10
"06-08-2023",33,42,28,15,10,17,27,75,87,66,37,47,26,31,29,19,24,30,22,21,21,26,30,58
"07-08-2023",35,23,47,20,17,32,85,61,64,64,64,66,20,19,19,6,5,7,11,5,12,9,6,7
"08-08-2023",54,93,66,46,32,100,149,156,35,31,27,13,19,24,23,23,9,38,44,40,26,18,10,17
"09-08-2023",7,7,9,4,3,15,22,27,28,37,46,25,21,19,14,26,18,23,18,32,29,20,43,40
"10-08-2023",15,15,29,11,13,58,66,115,105,58,83,23,20,31,18,8,3,3,4,9,22,9,8,34
"11-08-2023",40,46,15,6,28,64,35,22,29,16,17,13,12,16,23,31,35,36,24,42,51,40,38,29
"12-08-2023",24,9,9,6,3,15,18,33,24,16,18,19,22,23,13,11,14,13,12,20,7,17,21,15
"13-08-2023",12,16,22,9,5,19,15,33,19,14,11,11,13,13,11,11,11,14,12,10,18,19,11,36
"14-08-2023",18,11,16,45,20,34,32,35,29,14,22,23,14,19,21,9,5,8,14,14,17,16,19,29
"15-08-2023",14,13,34,23,17,14,27,39,16,13,14,29,17,9,16,8,3,4,4,5,7,5,4,2
"16-08-2023",31,52,46,35,23,149,93,259,47,45,16,14,23,44,33,8,7,6,13,19,4,7,14,12
"17-08-2023",29,69,101,121,67,92,53,48,48,30,16,17,19,13,16,13,11,12,10,14,15,15,19,41
"18-08-2023",8,25,26,55,51,25,38,52,23,18,16,16,10,7,10,10,13,9,13,16,15,12,10,19
"19-08-2023",21,14,11,3,4,15,33,28,16,16,11,13,15,10,12,9,7,11,12,9,21,19,16,19
"20-08-2023",10,9,11,49,10,14,20,12,17,15,13,9,9,8,10,7,9,6,9,13,23,23,12,55
"21-08-2023",19,9,9,11,4,18,34,16,46,39,-9999,-9999,-9999,-9999,8,12,7,6,10,10,10,9,5,5
"22-08-2023",49,3,14,45,50,114,40,19,32,44,22,15,16,14,10,13,12,15,29,33,37,34,73,52
"23-08-2023",33,57,20,40,16,55,78,85,42,24,25,17,26,31,28,27,17,26,31,29,58,94,80,12
"24-08-2023",9,5,14,3,5,27,18,43,28,24,18,32,29,39,28,24,27,41,41,42,77,30,21,34
"25-08-2023",25,101,139,105,116,102,117,63,43,24,15,17,24,33,31,30,29,26,37,48,69,66,54,25
"26-08-2023",38,18,52,23,12,10,41,78,16,44,30,25,24,16,14,13,13,20,17,72,32,29,20,12
"27-08-2023",12,11,6,5,18,10,23,119,92,17,26,14,24,13,11,20,19,18,26,34,87,108,66,128
"28-08-2023",59,78,57,42,25,202,405,199,121,166,52,12,6,8,7,8,7,6,8,7,4,8,9,11
"29-08-2023",9,7,4,23,21,69,102,133,70,67,75,11,16,14,6,7,6,6,8,9,14,9,16,36
"30-08-2023",11,17,13,8,18,23,64,122,73,79,63,65,50,34,31,60,9,7,16,5,8,41,22,42
"31-08-2023",8,8,11,10,9,15,59,64,86,93,51,61,48,45,42,52,41,62,11,22,33,38,34,13
"01-09-2023",13,12,13,18,18,60,116,120,47,76,69,27,28,20,33,58,63,66,49,69,71,93,78,143
"02-09-2023",72,98,36,15,33,92,69,98,14,10,13,23,27,-9999,8,6,7,15,15,18,19,22,27,52
"03-09-2023",18,40,10,7,2,5,7,9,12,10,8,7,7,4,6,4,13,12,13,13,18,30,34,11
"04-09-2023",17,59,62,36,13,28,56,101,64,56,54,43,52,57,25,26,22,22,22,23,25,13,17,26
"05-09-2023",17,7,9,12,36,49,89,56,80,116,43,119,73,92,83,63,75,42,48,52,45,41,28,23
"06-09-2023",11,12,8,8,8,33,59,50,53,47,84,109,49,67,139,201,82,23,101,57,36,34,43,34
"07-09-2023",17,8,29,15,11,59,83,190,110,90,76,52,60,38,63,43,14,12,15,19,22,16,18,7
"08-09-2023",4,5,3,2,3,11,33,27,47,30,20,16,24,18,36,30,35,35,19,22,20,15,13,6
"09-09-2023",10,7,3,2,11,37,14,28,14,7,9,22,14,7,11,8,7,8,9,11,6,9,9,22
"10-09-2023",10,7,5,2,4,11,10,6,8,7,4,4,6,10,12,14,12,17,13,17,20,17,10,13
"11-09-2023",21,21,8,5,2,19,13,14,12,11,13,16,17,12,10,8,6,8,8,9,6,12,8,5
"12-09-2023",14,4,4,4,9,26,58,94,26,18,20,11,15,11,15,13,25,19,9,11,15,16,15,15
"13-09-2023",7,6,6,2,4,5,9,19,41,25,26,20,25,23,19,16,10,7,4,4,17,41,25,43
"14-09-2023",37,28,18,13,23,55,100,107,104,69,32,27,27,27,18,38,26,22,7,11,13,23,7,1
"15-09-2023",26,30,45,45,57,43,63,138,135,86,65,29,72,35,38,13,11,6,6,15,30,19,49,44
"16-09-2023",68,33,81,23,28,44,65,169,110,88,72,27,4,14,18,29,36,35,19,17,23,20,14,15
"17-09-2023",19,21,18,44,45,33,9,6,7,7,8,9,9,6,6,9,6,4,5,6,11,10,13,10
"18-09-2023",7,5,3,3,5,9,14,19,17,14,11,12,9,10,12,15,9,11,6,10,13,11,8,5
"19-09-2023",14,7,2,1,2,11,19,24,13,11,10,12,10,9,12,11,11,10,10,12,20,30,16,38
"20-09-2023",25,12,8,2,10,38,80,88,126,65,-9999,-9999,-9999,-9999,24,15,14,6,37,50,54,30,19,56
"21-09-2023",26,11,23,15,28,28,44,100,34,30,28,-9999,-9999,61,26,60,48,9,11,9,9,11,12,15
"22-09-2023",24,36,41,34,36,91,160,276,216,318,183,88,77,57,21,80,10,15,17,19,44,27,56,20
"23-09-2023",49,71,65,97,82,137,337,386,270,115,356,405,330,214,38,11,5,5,27,11,13,40,102,108
"24-09-2023",245,189,164,138,128,171,179,169,230,342,176,110,29,15,53,18,5,11,13,36,17,100,27,90
"25-09-2023",56,28,73,58,42,85,131,321,199,180,68,47,23,61,99,13,23,36,40,29,27,28,16,57
"26-09-2023",38,37,38,33,27,20,34,53,67,52,42,40,45,66,55,63,49,37,54,39,35,49,26,15
"27-09-2023",17,6,4,7,7,27,45,52,84,100,80,29,47,25,23,34,35,49,42,30,57,43,18,14
"28-09-2023",27,38,32,15,32,30,57,137,63,36,35,25,25,21,20,20,31,30,22,32,39,23,26,23
"29-09-2023",20,12,26,12,21,80,82,104,127,78,29,29,45,32,41,48,14,19,18,55,82,98,86,48
"30-09-2023",68,102,92,55,36,69,118,65,86,49,39,39,43,31,20,19,16,13,19,25,59,59,26,47
"01-10-2023",55,32,105,91,67,75,79,100,81,56,25,19,17,15,17,13,21,26,22,18,64,42,40,167
"02-10-2023",51,87,97,63,62,77,116,114,61,32,14,29,27,27,41,33,24,17,48,52,66,60,23,32
"03-10-2023",27,12,4,5,23,22,40,92,66,51,56,32,29,36,29,22,24,26,32,21,37,24,31,25
"04-10-2023",32,22,10,4,9,20,58,121,56,54,34,27,36,21,11,18,44,27,32,34,45,81,75,47
"05-10-2023",77,65,23,17,18,95,172,268,251,131,33,30,33,22,8,16,10,33,23,32,41,89,65,53
"06-10-2023",106,60,18,21,32,105,122,165,241,134,43,37,13,50,61,24,18,16,28,25,22,31,30,32
"07-10-2023",27,29,31,23,8,11,24,45,23,35,12,14,15,14,13,14,12,14,17,13,24,14,19,22
"08-10-2023",16,21,26,24,29,27,87,144,122,68,26,49,20,77,26,27,4,7,8,6,15,11,56,82
"09-10-2023",87,107,82,91,66,173,80,186,58,76,39,50,53,38,31,56,69,68,49,49,41,32,26,27
"10-10-2023",26,13,18,11,22,70,139,221,248,139,87,31,29,14,9,11,10,7,25,53,36,49,32,40
"11-10-2023",32,19,7,3,6,29,53,90,69,87,47,45,46,44,40,56,53,35,32,16,25,25,16,10
"12-10-2023",13,8,4,8,6,59,90,173,129,46,25,35,35,29,27,28,31,35,17,25,35,53,35,68
"13-10-2023",60,32,33,18,29,87,184,230,263,178,66,27,101,166,148,108,33,11,10,8,13,16,32,107
"14-10-2023",161,116,67,31,33,91,110,155,179,127,57,72,92,98,153,147,9,9,11,10,23,16,16,89
"15-10-2023",85,66,32,32,20,43,73,127,124,83,39,58,73,13,10,6,9,8,12,10,13,12,37,33
"16-10-2023",66,79,65,46,48,111,171,214,282,195,51,49,71,71,140,113,12,27,46,35,26,35,13,20
"17-10-2023",13,5,4,3,6,20,37,70,95,56,54,-9999,-9999,14,16,12,11,12,11,11,18,15,16,12
"18-10-2023",5,8,14,16,37,77,82,126,93,109,52,35,42,28,33,55,48,73,45,45,33,24,18,16
"19-10-2023",17,7,8,10,13,36,68,114,121,88,56,25,21,13,10,9,14,11,14,17,12,13,15,12
"20-10-2023",11,3,2,34,38,119,232,240,309,263,21,13,15,11,9,14,7,13,18,7,28,16,73,125
"21-10-2023",139,81,32,30,28,48,57,22,20,17,19,11,15,5,6,7,6,7,16,15,23,16,16,16
"22-10-2023",10,10,7,4,5,5,24,17,25,12,11,8,9,9,12,5,9,5,11,18,25,21,91,101
"23-10-2023",78,39,16,28,45,100,173,171,293,151,105,62,41,15,10,10,10,12,12,13,24,8,14,16
"24-10-2023",8,80,64,44,56,133,162,197,258,213,174,74,26,21,65,26,15,17,6,12,16,22,40,76
"25-10-2023",70,51,63,37,57,100,195,298,330,266,157,70,45,17,14,14,17,13,12,10,8,16,28,35
"26-10-2023",42,31,54,47,27,101,173,172,208,237,184,54,15,40,26,17,10,12,15,21,41,62,109,156
"27-10-2023",130,102,92,113,112,150,197,234,204,96,69,33,62,37,21,20,14,9,17,15,27,32,40,29
"28-10-2023",26,15,16,29,13,17,13,90,63,51,72,46,83,21,8,6,7,7,9,14,21,9,18,29
"29-10-2023",19,18,14,53,62,56,79,74,93,56,40,37,61,75,131,77,89,9,19,25,59,48,76,78
"30-10-2023",130,48,42,51,66,139,173,257,159,96,89,81,103,57,112,27,20,9,58,94,78,60,70,154
"31-10-2023",113,62,30,35,31,111,165,195,124,172,102,46,79,20,13,11,12,18,11,16,16,61,79,46
"01-11-2023",25,34,10,29,7,76,133,205,96,149,37,29,36,53,76,105,73,31,13,43,52,21,20,13
"02-11-2023",6,4,3,10,10,54,115,229,83,121,73,43,86,65,34,28,94,84,87,79,70,47,46,63
"03-11-2023",43,26,22,58,54,86,216,246,145,40,23,19,17,13,13,14,11,10,14,22,15,18,11,14
"04-11-2023",6,4,8,10,4,11,8,10,8,11,8,14,13,11,34,35,25,16,30,21,31,31,17,27
"05-11-2023",9,7,29,10,31,55,37,107,118,55,62,90,142,65,61,80,122,146,66,57,53,29,21,21
"06-11-2023",14,8,6,6,22,113,162,254,307,104,115,109,89,45,67,11,15,15,36,47,59,52,54,92
"07-11-2023",102,51,27,31,21,86,164,201,228,90,76,42,47,55,35,29,25,21,22,25,20,66,189,221
"08-11-2023",148,88,55,68,62,127,169,267,316,175,82,22,18,18,19,16,12,23,48,67,175,140,60,49
"09-11-2023",47,90,102,52,30,115,170,204,142,73,52,64,40,67,85,90,103,87,63,44,39,33,28,23
"10-11-2023",23,21,9,7,12,41,75,151,145,126,43,61,21,21,42,35,43,74,112,154,185,155,146,166
"11-11-2023",188,133,86,95,92,91,95,38,20,45,47,11,18,13,25,26,27,23,47,32,32,19,9,20
"12-11-2023",23,8,9,31,57,41,104,197,214,155,47,18,28,20,12,11,15,11,23,16,29,13,10,10
"13-11-2023",20,50,50,23,18,71,102,207,93,108,57,42,31,20,26,34,46,57,39,58,47,66,99,107
"14-11-2023",100,57,22,27,22,86,153,237,225,148,96,48,27,21,14,13,44,76,89,53,34,51,18,15
"15-11-2023",8,20,28,20,27,52,48,175,98,56,43,47,49,46,37,43,42,53,45,42,26,20,21,14
"16-11-2023",15,24,59,51,35,73,135,126,141,101,-9999,-9999,25,42,36,47,48,81,63,81,75,57,52,39
"17-11-2023",39,27,13,11,16,62,90,203,244,118,22,34,44,94,100,57,15,31,80,133,157,245,224,91
"18-11-2023",53,3,9,2,5,29,40,33,15,17,12,13,13,14,19,14,14,18,20,17,38,9,8,9
"19-11-2023",5,4,6,5,11,8,7,9,12,15,19,17,14,18,30,23,24,29,67,62,60,140,155,164
"20-11-2023",184,117,73,35,39,119,225,335,314,237,144,70,32,24,19,41,13,20,41,117,230,308,283,212
"21-11-2023",178,112,128,47,38,146,234,336,425,296,110,96,87,46,52,17,16,24,38,130,209,309,243,153
"22-11-2023",103,48,24,31,24,122,150,207,291,240,12,13,14,18,14,17,15,10,11,12,15,17,12,44
"23-11-2023",67,39,19,13,11,86,157,246,248,244,51,20,17,19,13,15,17,50,34,96,86,112,108,114
"24-11-2023",88,40,27,20,24,122,198,222,290,210,55,26,12,21,9,6,14,18,17,23,21,49,51,28
"25-11-2023",55,45,21,6,5,70,65,162,95,13,14,33,41,34,21,8,6,7,6,4,4,4,9,8
"26-11-2023",6,6,4,3,5,5,6,32,42,24,33,39,20,48,36,31,19,37,28,23,27,19,17,19
"27-11-2023",29,35,33,12,17,86,195,298,252,259,133,61,56,48,52,85,65,115,136,232,262,212,185,128
"28-11-2023",96,56,37,17,27,28,10,34,68,31,20,22,23,17,21,25,11,18,10,11,12,10,5,5
"29-11-2023",3,1,1,2,2,8,67,178,216,211,51,63,36,19,22,32,54,50,57,34,26,95,34,14
"30-11-2023",7,5,6,22,23,60,169,269,426,217,56,54,43,20,11,11,11,11,23,65,96,76,54,33
"01-12-2023",20,45,33,8,21,65,125,171,215,49,37,75,22,18,18,18,16,52,193,259,327,251,358,339
"02-12-2023",317,220,198,155,105,141,177,234,195,208,168,27,11,14,16,12,9,9,5,7,5,6,6,8
"03-12-2023",6,6,4,1,5,12,44,112,192,93,15,12,10,13,9,8,10,7,12,15,20,27,16,34
"04-12-2023",69,51,28,17,37,96,150,243,219,205,86,104,131,105,103,95,81,59,54,52,40,34,26,20
"05-12-2023",18,6,7,7,11,35,69,167,125,73,88,32,12,38,34,20,27,23,70,84,81,106,79,56
"06-12-2023",35,11,10,4,14,48,70,184,294,166,131,81,44,29,24,33,35,48,46,40,33,84,24,12
"07-12-2023",15,8,8,32,61,117,207,313,251,234,98,59,43,53,56,82,69,105,83,110,88,59,24,31
"08-12-2023",18,31,34,19,31,26,36,92,58,41,35,25,35,39,33,31,33,23,56,43,35,47,23,34
"09-12-2023",27,12,19,17,10,14,31,67,33,40,45,37,36,31,26,19,21,38,31,62,54,39,56,93
"10-12-2023",93,37,25,23,32,77,100,154,139,133,68,13,13,13,11,10,14,35,128,48,167,153,136,75
"11-12-2023",52,57,26,29,25,60,128,117,113,68,48,53,53,50,45,43,73,106,154,205,248,283,257,267
"12-12-2023",274,214,218,198,178,212,279,394,469,428,122,61,77,91,95,132,138,137,116,158,198,243,253,269
"13-12-2023",190,96,83,58,56,179,259,433,504,402,150,109,26,27,18,20,27,28,57,138,71,51,98,154
"14-12-2023",168,143,162,98,119,230,289,361,569,508,492,232,38,33,24,23,23,20,17,15,12,13,15,13
"15-12-2023",34,5,5,16,17,77,149,310,257,28,16,19,18,21,16,20,17,22,34,24,18,14,15,12
"16-12-2023",13,34,32,12,8,37,49,70,47,69,56,27,31,26,22,19,19,24,19,17,40,32,30,22
"17-12-2023",17,7,8,13,7,6,11,13,20,24,40,48,40,44,25,18,17,21,24,32,24,24,23,15
"18-12-2023",8,10,10,9,5,22,43,70,58,100,88,106,50,35,42,32,34,44,58,68,55,72,115,109
"19-12-2023",30,30,23,23,26,157,235,181,430,510,248,143,118,188,136,143,110,204,316,284,280,296,335,276
"20-12-2023",186,126,127,75,61,155,236,375,532,471,290,104,25,63,101,55,92,205,34,19,23,15,15,17
"21-12-2023",11,13,14,15,15,85,119,193,248,196,159,108,102,74,58,59,55,68,57,74,81,119,115,296
"22-12-2023",257,187,143,94,131,244,157,138,159,119,91,63,111,105,82,79,73,56,87,54,41,37,12,43
"23-12-2023",42,32,13,31,53,119,162,235,123,130,27,48,42,27,19,21,37,54,23,26,46,31,13,12
"24-12-2023",7,4,7,11,15,10,22,70,19,63,47,34,43,52,78,74,72,76,54,62,79,119,195,263
"25-12-2023",252,275,204,143,119,132,105,103,105,97,69,61,37,33,14,7,6,25,66,78,73,180,181,188
"26-12-2023",188,174,171,131,115,117,142,126,146,92,79,37,26,44,29,9,12,11,17,23,101,60,62,116
"27-12-2023",39,19,21,12,29,148,249,305,394,385,190,-9999,-9999,74,63,61,81,119,136,162,206,236,245,200
"28-12-2023",239,225,93,73,70,157,232,407,309,329,189,84,54,92,60,45,44,60,136,234,258,336,309,265
"29-12-2023",161,113,109,93,81,141,225,346,359,252,96,60,62,45,24,17,18,64,99,139,109,63,71,244
"30-12-2023",221,179,81,71,61,103,166,179,197,167,119,67,49,53,65,58,73,71,57,109,152,210,142,133
"31-12-2023",186,108,88,92,78,66,111,123,106,108,85,115,92,33,30,11,15,44,46,59,91,104,92,114

