"01-01-2021",27,46,30,47,33,34,25,14,11,21,31,41,51,50,51,50,44,53,43,7,8,9,9,10
"02-01-2021",6,5,4,6,12,6,3,1,4,5,9,16,7,12,26,22,17,7,3,3,39,32,33,21
"03-01-2021",39,58,58,59,61,63,59,58,56,52,57,55,63,62,64,69,65,60,46,35,50,43,62,57
"04-01-2021",63,77,79,74,72,63,65,62,56,57,58,70,67,71,70,71,60,57,20,7,4,18,46,44
"05-01-2021",61,63,56,54,41,36,18,5,13,18,22,29,36,47,49,34,46,31,6,4,5,6,6,7
"06-01-2021",7,4,3,5,3,3,3,2,3,4,9,17,35,48,67,65,62,65,62,65,59,61,61,29
"07-01-2021",7,6,5,6,13,4,-9999,6,4,4,4,5,9,14,23,38,36,23,19,7,14,5,46,38
"08-01-2021",11,3,3,10,6,3,3,2,3,4,28,47,54,57,58,57,59,56,52,59,46,53,62,61
"09-01-2021",68,67,68,66,61,55,50,34,23,35,38,46,53,56,31,37,18,19,4,5,4,4,5,5
"10-01-2021",5,5,3,3,2,2,2,2,3,3,13,25,37,44,52,56,56,48,44,39,22,22,18,8
"11-01-2021",6,32,16,18,37,48,38,33,38,37,47,48,48,55,50,47,29,36,32,36,47,32,43,59
"12-01-2021",62,61,60,57,59,50,43,48,54,53,57,59,59,53,42,8,19,19,33,38,26,56,57,57
"13-01-2021",59,62,58,58,53,17,14,7,11,22,32,35,41,51,49,39,37,33,44,39,31,45,47,39
"14-01-2021",33,40,45,68,61,43,37,25,28,34,38,46,49,49,43,45,42,37,13,14,21,18,45,46
"15-01-2021",69,68,54,55,61,50,33,24,27,28,36,35,35,27,26,27,22,19,15,20,22,22,26,28
"16-01-2021",38,40,37,39,37,29,28,18,13,24,21,24,24,33,35,33,40,44,42,39,37,41,47,50
"17-01-2021",52,55,54,54,54,53,51,46,48,45,44,50,61,63,65,64,60,41,33,37,31,32,20,21
"18-01-2021",18,24,27,22,23,15,26,11,8,10,16,18,17,19,20,17,19,19,27,18,19,23,31,31
"19-01-2021",37,47,35,25,10,4,5,5,5,6,14,32,40,48,48,41,44,36,24,25,22,18,35,35
"20-01-2021",28,14,25,10,5,4,4,4,4,5,8,18,32,50,52,44,44,33,13,5,7,7,8,10
"21-01-2021",11,10,5,4,4,4,-9999,3,4,4,3,11,30,48,52,60,34,28,23,14,7,8,10,10
"22-01-2021",8,5,3,3,2,2,3,3,3,3,3,6,17,27,38,36,39,38,34,40,36,33,43,40
"23-01-2021",59,69,74,75,76,71,62,55,60,55,62,62,64,65,66,66,66,67,64,69,72,73,72,77
"24-01-2021",65,44,45,43,33,13,7,5,5,8,18,49,63,61,52,56,64,66,66,65,64,63,75,81
"25-01-2021",81,84,82,82,80,73,63,47,49,42,34,31,45,36,33,31,28,24,23,15,15,24,21,14
"26-01-2021",4,3,4,4,18,56,50,37,53,60,59,62,63,67,64,66,71,69,68,62,31,29,26,33
"27-01-2021",59,71,74,59,52,43,43,35,33,37,49,37,39,-9999,52,49,50,48,47,39,34,46,58,61
"28-01-2021",66,65,66,68,58,15,4,5,5,10,29,43,52,49,56,53,44,35,13,6,7,7,7,10
"29-01-2021",8,8,5,5,4,3,19,24,9,24,37,45,47,58,63,60,45,5,4,4,4,4,5,7
"30-01-2021",7,7,4,8,40,37,20,3,3,5,14,42,40,49,60,64,58,48,44,20,5,4,5,8
"31-01-2021",7,6,6,6,5,5,5,4,5,8,24,58,64,63,66,64,63,65,64,67,67,69,70,68
"01-02-2021",68,67,67,62,64,56,42,27,10,9,3,5,4,5,5,5,17,43,39,39,13,30,25,29
"02-02-2021",35,6,8,6,6,5,4,5,5,5,7,26,44,58,66,69,63,53,38,25,11,5,6,5
"03-02-2021",4,3,4,4,3,3,3,3,4,5,9,8,16,19,22,28,48,40,30,27,11,4,3,3
"04-02-2021",6,5,5,5,4,4,6,10,8,16,23,33,48,49,44,42,47,41,34,39,23,13,12,7
"05-02-2021",5,3,4,4,3,3,4,4,4,4,6,10,17,23,49,47,21,22,7,5,3,4,4,4
"06-02-2021",5,5,5,5,4,4,4,4,5,6,22,30,59,66,45,51,63,64,39,17,4,4,4,6
"07-02-2021",6,5,5,4,3,4,3,3,4,5,8,34,54,59,44,44,61,63,60,62,63,58,64,-9999
"08-02-2021",65,65,68,69,66,31,25,21,49,49,55,54,53,49,47,48,51,54,46,39,34,44,52,56
"09-02-2021",19,26,18,25,17,4,4,4,4,9,45,58,60,67,66,67,69,64,47,47,51,44,24,23
"10-02-2021",34,20,15,10,8,7,24,6,10,29,40,38,37,44,29,37,45,47,33,28,16,13,5,5
"11-02-2021",4,4,4,4,4,12,30,40,45,53,57,65,66,64,53,47,48,28,46,35,46,53,69,68
"12-02-2021",69,69,62,41,37,43,9,5,5,22,30,35,45,51,49,42,46,59,42,22,24,34,40,50
"13-02-2021",59,62,67,63,58,41,26,16,20,24,29,29,22,21,19,20,19,25,23,27,32,32,32,29
"14-02-2021",41,42,27,35,47,41,42,37,31,33,37,39,46,46,44,48,52,52,57,59,60,59,60,63
"15-02-2021",61,59,52,44,52,52,48,46,46,43,39,45,49,52,56,55,58,55,49,29,28,44,40,39
"16-02-2021",58,58,65,49,43,39,23,20,59,44,40,46,60,61,74,68,62,51,69,67,48,31,46,44
"17-02-2021",68,56,56,61,57,49,36,19,36,44,44,57,55,59,64,50,47,38,9,6,9,12,12,11
"18-02-2021",11,8,7,5,5,4,5,5,5,5,7,7,20,37,46,43,38,28,9,5,6,6,6,6
"19-02-2021",6,5,5,4,4,4,3,3,4,4,9,22,38,39,48,47,39,25,7,4,5,5,5,5
"20-02-2021",5,5,6,7,9,4,4,4,4,7,17,29,43,52,48,57,60,56,21,8,5,5,6,7
"21-02-2021",24,42,44,47,35,30,19,28,28,44,46,53,57,64,71,73,70,56,54,44,38,53,46,54
"22-02-2021",54,52,57,29,15,5,4,4,5,11,29,41,55,64,70,57,43,32,7,6,5,5,5,5
"23-02-2021",4,4,3,5,3,1,1,1,1,1,9,27,28,44,58,60,62,62,13,1,1,1,2,2
"24-02-2021",1,1,1,1,2,1,1,1,1,2,15,32,38,37,59,52,44,45,41,28,30,41,46,41
"25-02-2021",39,49,43,46,42,37,44,39,32,35,47,50,54,54,53,58,56,51,53,46,29,6,24,40
"26-02-2021",55,55,47,51,36,27,9,3,14,39,46,50,50,47,54,53,47,48,35,23,30,15,7,1
"27-02-2021",1,2,7,1,3,1,1,1,1,11,18,39,51,57,78,73,76,53,62,62,46,4,3,1
"28-02-2021",1,1,1,1,1,1,1,1,8,43,49,46,45,51,52,55,50,46,48,55,48,48,45,46
"01-03-2021",55,45,31,22,36,1,1,1,3,18,34,36,47,51,47,42,54,52,42,28,13,13,21,19
"02-03-2021",19,37,61,58,56,35,28,18,19,28,33,30,29,29,36,46,49,46,42,41,33,43,50,46
"03-03-2021",47,61,57,61,45,39,35,29,31,49,51,51,50,49,38,59,63,55,54,46,44,38,23,3
"04-03-2021",2,4,5,22,21,4,1,1,1,8,35,44,59,59,67,77,70,64,59,57,28,3,1,1
"05-03-2021",1,1,1,1,1,2,1,1,3,24,28,40,53,70,83,79,78,69,60,49,10,51,54,48
"06-03-2021",62,60,63,49,77,48,17,6,34,48,48,64,61,60,55,60,62,86,82,79,56,28,27,39
"07-03-2021",53,68,66,66,56,48,46,41,45,47,49,44,46,48,44,50,42,35,33,34,29,21,30,29
"08-03-2021",29,37,41,43,34,17,6,1,15,47,51,59,68,72,70,66,67,64,60,52,60,61,61,59
"09-03-2021",69,71,68,41,23,8,3,5,15,17,28,43,52,53,55,73,58,30,22,30,30,32,39,37
"10-03-2021",55,68,58,57,53,18,1,1,6,12,21,44,51,87,91,80,95,94,84,64,29,21,32,42
"11-03-2021",47,66,70,69,71,58,38,21,36,36,44,43,43,50,52,50,47,45,42,53,50,44,31,45
"12-03-2021",52,34,48,55,39,10,2,1,9,27,42,52,62,76,77,79,79,70,62,54,51,5,1,1
"13-03-2021",1,1,1,1,5,1,1,1,3,28,47,56,61,73,74,66,82,81,74,68,67,47,27,39
"14-03-2021",32,25,17,7,8,7,6,1,2,5,16,37,56,49,62,74,82,78,54,71,75,61,55,15
"15-03-2021",9,31,49,64,46,40,6,3,37,75,77,75,56,59,56,58,63,53,53,48,47,52,57,51
"16-03-2021",60,67,60,58,56,51,42,26,35,49,49,52,54,51,54,49,49,43,52,48,36,52,62,57
"17-03-2021",68,72,61,66,57,33,17,4,23,24,-9999,-9999,-9999,63,50,53,59,44,51,49,48,57,72,83
"18-03-2021",86,88,89,82,77,34,17,18,35,53,56,67,67,72,86,93,93,89,79,67,31,10,20,55
"19-03-2021",43,68,68,67,35,5,1,1,8,26,40,55,52,46,83,89,87,85,31,10,17,31,28,36
"20-03-2021",48,53,54,49,44,13,8,5,8,12,12,55,51,40,57,85,92,86,72,55,18,25,17,19
"21-03-2021",25,42,45,45,56,47,39,34,37,38,49,58,48,67,59,55,45,39,33,20,12,6,12,4
"22-03-2021",1,2,12,13,26,52,18,14,18,43,50,66,74,85,73,75,58,52,50,43,30,60,81,79
"23-03-2021",85,62,81,82,78,55,52,41,42,38,36,36,40,44,44,40,36,40,41,48,48,47,62,52
"24-03-2021",61,64,67,67,67,54,45,44,52,65,61,63,77,78,69,66,74,75,62,42,39,46,53,60
"25-03-2021",80,88,89,88,82,62,70,59,69,63,83,73,91,88,88,91,84,72,73,51,36,32,57,57
"26-03-2021",63,70,43,22,16,2,2,3,13,36,54,72,80,82,81,91,100,94,78,70,69,76,25,2
"27-03-2021",3,2,10,9,13,1,1,2,24,52,48,58,87,109,120,120,120,120,109,95,98,89,-9999,5
"28-03-2021",4,2,5,18,15,9,1,1,3,27,15,46,65,82,93,123,116,120,121,110,88,58,43,7
"29-03-2021",5,5,19,27,11,2,1,3,2,3,14,36,53,75,80,117,118,111,114,61,24,34,50,57
"30-03-2021",75,89,97,91,79,38,18,18,34,37,47,40,61,60,63,60,62,65,64,48,49,78,54,51
"31-03-2021",71,89,85,77,67,63,34,44,70,68,36,36,51,73,81,79,79,71,59,48,38,37,46,44
"01-04-2021",75,96,99,103,92,43,65,32,36,46,42,46,34,37,26,16,57,65,72,56,30,35,21,10
"02-04-2021",4,3,5,7,13,1,1,1,2,3,25,60,81,88,94,91,95,95,75,84,79,32,56,84
"03-04-2021",102,103,102,75,67,52,32,13,42,55,65,83,87,102,110,112,116,117,96,75,77,86,90,78
"04-04-2021",72,80,67,81,101,99,101,101,97,98,96,94,91,99,102,105,101,93,73,60,50,62,62,47
"05-04-2021",47,46,25,49,31,4,1,1,6,20,23,18,26,23,24,21,24,25,22,17,18,16,21,14
"06-04-2021",34,42,48,44,40,14,4,4,9,13,28,35,54,53,57,74,58,47,38,50,55,55,82,82
"07-04-2021",91,92,100,107,103,89,66,16,27,51,87,85,98,104,103,100,98,72,65,49,58,36,69,67
"08-04-2021",75,72,68,50,62,57,15,9,22,58,56,74,83,76,69,67,68,69,60,56,61,68,84,74
"09-04-2021",73,92,92,77,37,33,15,21,43,54,61,71,68,61,68,75,72,70,60,75,63,73,75,71
"10-04-2021",67,48,47,29,32,12,6,4,12,29,73,76,83,93,108,112,124,129,120,110,92,90,92,86
"11-04-2021",72,34,33,35,38,21,6,5,16,57,59,73,89,105,132,127,129,130,127,116,97,95,111,97
"12-04-2021",50,60,43,34,39,7,2,2,3,9,19,51,62,73,103,96,115,108,105,106,89,98,100,71
"13-04-2021",57,66,51,29,25,9,4,4,6,9,17,44,59,80,98,98,100,106,119,111,96,63,69,30
"14-04-2021",16,3,6,42,36,3,1,2,7,27,53,60,79,102,114,100,102,108,100,77,66,54,63,44
"15-04-2021",60,49,72,43,37,8,1,1,11,22,30,57,76,93,102,101,106,88,85,75,69,70,70,67
"16-04-2021",56,53,13,57,47,17,24,13,16,29,37,37,61,64,78,88,88,86,62,33,28,40,58,55
"17-04-2021",75,81,84,90,86,62,51,33,35,37,51,67,73,84,82,94,77,59,68,53,40,48,48,48
"18-04-2021",55,54,60,65,61,45,39,16,3,17,41,34,47,65,57,73,85,67,53,61,35,5,6,1
"19-04-2021",1,1,1,4,21,4,3,3,4,16,30,59,87,105,88,93,90,62,89,90,66,57,85,64
"20-04-2021",76,86,75,79,76,78,32,27,52,67,75,68,77,71,78,69,81,117,87,53,38,43,71,71
"21-04-2021",99,101,91,96,79,30,25,8,26,50,75,82,82,83,78,97,105,103,89,83,75,72,104,58
"22-04-2021",72,71,72,25,23,9,5,5,7,12,22,56,90,108,103,118,97,101,107,91,85,90,98,94
"23-04-2021",90,92,75,58,24,8,6,39,61,90,71,67,99,103,100,116,114,118,114,90,50,16,66,84
"24-04-2021",97,97,99,101,95,63,40,38,39,46,48,36,43,35,40,55,36,47,52,51,55,61,75,44
"25-04-2021",53,44,55,60,57,71,73,75,87,92,83,82,86,89,89,97,99,89,95,91,81,81,86,60
"26-04-2021",43,23,23,33,39,19,8,6,15,32,49,49,75,69,112,128,108,104,99,45,9,20,28,12
"27-04-2021",59,60,29,57,20,6,5,7,12,10,22,62,97,94,105,104,117,119,106,109,97,96,96,95
"28-04-2021",96,52,44,39,43,8,6,5,6,70,80,76,96,92,100,105,102,109,102,97,91,89,66,9
"29-04-2021",7,5,5,5,6,5,5,7,6,9,16,22,34,68,83,37,57,46,45,66,18,8,5,9
"30-04-2021",8,23,17,6,4,4,5,5,8,8,20,56,77,88,98,86,100,113,103,79,75,63,7,5
"01-05-2021",7,6,4,5,5,5,5,5,6,5,14,18,21,19,32,64,80,75,62,47,32,51,36,19
"02-05-2021",10,9,5,1,4,2,3,3,3,8,19,42,49,51,92,108,108,96,103,95,56,7,32,15
"03-05-2021",22,16,1,1,4,1,1,2,5,20,40,57,67,66,85,64,68,87,80,58,43,34,18,8
"04-05-2021",1,10,1,1,1,1,1,21,64,66,84,88,81,99,125,119,116,81,76,55,59,65,58,48
"05-05-2021",40,47,62,75,42,3,1,1,2,12,17,76,85,96,101,97,107,104,103,93,93,85,62,77
"06-05-2021",67,88,83,71,80,61,22,20,28,24,27,55,50,26,29,33,33,71,84,78,65,45,26,20
"07-05-2021",1,1,1,2,1,1,1,2,6,5,9,46,51,58,-9999,-9999,63,60,50,35,61,15,27,41
"08-05-2021",62,22,47,6,7,3,1,1,4,14,22,37,51,47,66,73,36,35,20,20,34,56,49,14
"09-05-2021",39,89,94,86,81,73,60,72,72,80,77,80,82,80,85,90,83,83,78,68,60,56,74,78
"10-05-2021",69,66,99,95,87,68,48,31,53,62,64,77,79,74,76,63,78,86,84,82,50,56,53,35
"11-05-2021",73,54,48,62,70,56,47,9,20,62,61,70,61,62,66,69,72,49,40,35,25,31,46,61
"12-05-2021",80,90,90,76,40,19,2,1,3,20,41,35,59,81,84,93,115,113,117,105,97,86,85,91
"13-05-2021",98,77,68,51,29,4,2,2,9,19,26,37,41,74,87,83,94,87,78,65,41,18,70,58
"14-05-2021",71,76,81,71,50,46,20,23,36,25,32,41,55,44,41,35,90,86,80,59,57,57,66,40
"15-05-2021",28,59,54,27,34,8,1,4,8,10,33,39,17,55,72,47,53,64,69,37,33,16,3,5
"16-05-2021",46,48,39,56,55,22,12,21,30,48,60,48,55,69,82,68,67,54,54,33,25,18,39,54
"17-05-2021",70,46,36,36,18,1,1,3,17,26,36,31,75,98,96,97,96,97,101,85,73,71,69,48
"18-05-2021",38,45,58,70,48,53,21,9,22,31,40,40,56,70,32,79,74,62,50,52,51,19,33,9
"19-05-2021",1,1,1,1,3,3,1,1,3,11,33,43,76,98,99,110,90,86,93,105,73,32,70,53
"20-05-2021",44,71,58,81,79,69,18,15,32,52,61,50,52,53,48,43,44,39,36,29,44,64,91,68
"21-05-2021",73,84,74,59,52,51,31,36,55,66,58,55,68,60,56,57,81,69,54,44,71,69,52,30
"22-05-2021",53,63,73,51,34,6,1,7,29,16,28,66,63,96,101,113,108,101,98,103,94,92,80,56
"23-05-2021",87,87,50,53,49,31,15,10,18,34,53,78,68,79,119,126,128,120,104,106,89,79,67,32
"24-05-2021",1,1,1,1,1,1,1,1,1,2,8,9,31,71,126,113,69,54,79,88,11,7,1,1
"25-05-2021",1,1,1,1,1,1,1,2,19,23,39,72,54,58,97,77,41,32,15,20,1,1,20,28
"26-05-2021",36,17,1,1,6,1,9,2,2,19,26,70,50,65,96,125,100,71,22,15,1,24,63,43
"27-05-2021",35,25,17,14,11,2,9,5,5,20,44,94,114,83,132,124,128,131,105,96,54,63,61,62
"28-05-2021",7,24,39,67,61,33,18,3,6,18,43,59,68,93,103,103,102,83,104,106,91,84,68,43
"29-05-2021",38,65,22,11,54,46,3,17,54,60,78,90,107,102,107,114,109,107,101,99,86,73,83,76
"30-05-2021",87,18,24,22,40,20,26,23,25,51,68,44,31,26,81,91,88,97,91,63,70,63,77,83
"31-05-2021",85,55,72,28,37,15,4,11,38,31,47,51,51,53,72,104,115,115,119,111,106,101,73,82
"01-06-2021",76,73,83,63,57,50,25,28,52,57,60,73,58,66,86,100,107,108,108,100,102,64,57,51
"02-06-2021",66,34,40,76,56,46,19,19,38,44,54,68,62,64,72,93,109,103,106,105,88,83,79,77
"03-06-2021",76,62,27,13,18,13,3,6,18,17,33,72,75,110,118,124,130,141,126,130,117,102,104,99
"04-06-2021",69,36,27,55,60,36,14,6,18,33,50,79,79,75,108,106,96,83,71,37,41,39,38,24
"05-06-2021",49,68,87,83,72,21,11,20,45,58,63,80,103,127,120,121,106,98,100,92,95,87,92,84
"06-06-2021",71,49,38,33,33,16,5,9,5,12,70,59,119,132,97,111,122,107,112,105,87,61,67,57
"07-06-2021",72,30,45,89,52,13,1,1,4,14,34,53,23,79,79,80,90,101,100,98,76,71,65,67
"08-06-2021",69,27,33,49,73,27,1,5,8,25,47,38,72,101,98,92,100,109,88,97,39,25,52,50
"09-06-2021",61,67,65,41,37,26,22,34,36,49,57,59,53,50,70,22,42,52,46,19,49,43,71,31
"10-06-2021",51,34,42,60,42,32,19,8,35,50,50,50,48,33,53,44,37,25,69,99,88,13,30,11
"11-06-2021",1,1,6,9,1,1,1,2,3,34,48,72,54,67,57,33,46,45,12,20,17,1,1,1
"12-06-2021",1,1,1,1,1,1,1,1,8,22,60,74,84,108,105,96,100,61,54,86,79,49,17,27
"13-06-2021",31,32,33,40,16,9,5,16,19,16,39,80,104,114,124,123,123,115,112,92,77,78,56,80
"14-06-2021",27,17,60,84,84,62,32,7,23,41,51,51,48,44,62,66,92,82,69,53,57,45,46,15
"15-06-2021",31,43,63,56,42,41,23,15,15,39,63,58,69,53,50,49,70,63,63,75,66,58,54,42
"16-06-2021",17,11,18,10,8,2,1,1,13,30,42,41,52,62,44,60,91,83,81,88,89,64,36,11
"17-06-2021",1,11,4,1,1,1,1,1,7,3,5,19,54,106,90,80,95,101,112,87,68,57,20,1
"18-06-2021",9,39,62,23,8,1,1,1,4,3,24,63,85,97,104,91,92,106,99,101,90,62,54,66
"19-06-2021",20,24,19,4,1,1,3,1,5,19,30,25,25,51,54,90,128,105,114,109,121,111,93,80
"20-06-2021",17,33,20,2,1,3,2,1,7,22,30,63,80,57,111,162,161,127,113,115,99,61,76,21
"21-06-2021",51,29,11,17,1,1,1,3,7,18,41,49,75,76,97,96,100,95,89,89,77,77,71,76
"22-06-2021",52,55,77,43,37,52,24,1,10,21,59,62,66,-9999,-9999,92,94,89,63,65,67,58,31,77
"23-06-2021",84,98,71,64,68,34,40,27,27,-9999,-9999,-9999,-9999,-9999,-9999,-9999,-9999,-9999,-9999,-9999,-9999,-9999,-9999,-9999
"24-06-2021",-9999,-9999,-9999,-9999,-9999,-9999,-9999,-9999,-9999,-9999,-9999,41,68,91,103,101,63,62,75,76,54,66,88,51
"25-06-2021",15,16,1,1,2,3,1,1,2,2,6,15,74,103,128,113,119,118,74,84,80,57,69,17
"26-06-2021",4,1,1,1,1,1,1,1,14,22,16,48,73,59,114,125,135,133,53,39,21,30,1,1
"27-06-2021",1,3,15,1,22,60,48,39,43,67,38,38,44,78,135,121,112,88,57,10,40,23,24,12
"28-06-2021",10,29,20,4,24,10,6,6,18,34,52,66,83,119,75,70,84,71,54,7,31,16,19,17
"29-06-2021",35,13,17,39,36,27,27,14,18,38,46,55,106,128,141,130,132,109,87,64,106,90,92,83
"30-06-2021",65,37,4,30,18,3,4,5,14,16,36,45,56,82,69,116,152,124,83,66,85,72,74,78
"01-07-2021",78,30,16,1,1,1,1,1,2,35,73,91,97,84,75,81,82,94,103,39,26,1,37,52
"02-07-2021",62,57,63,48,16,9,4,4,27,28,33,48,38,43,34,46,86,89,70,43,52,63,62,24
"03-07-2021",15,25,33,35,69,50,23,57,72,63,70,75,88,55,43,110,104,103,107,106,100,69,76,64
"04-07-2021",74,22,17,32,30,13,7,9,60,54,57,71,83,113,133,115,113,116,117,108,86,88,93,95
"05-07-2021",89,106,98,95,101,72,36,4,10,19,73,85,100,131,124,106,89,90,89,74,75,83,46,24
"06-07-2021",2,1,1,1,2,1,1,3,15,39,45,51,93,143,106,119,101,102,70,69,58,20,32,19
"07-07-2021",23,16,19,12,14,5,2,2,3,7,33,56,40,52,74,61,59,105,-9999,35,31,32,35,45
"08-07-2021",21,10,10,33,37,52,40,34,27,25,32,39,41,43,45,50,49,37,32,25,31,32,58,43
"09-07-2021",58,56,68,73,64,27,17,34,39,49,44,47,52,72,73,81,77,68,52,47,67,72,64,80
"10-07-2021",87,91,101,80,46,14,56,71,63,86,82,75,74,82,94,92,91,98,97,80,62,46,60,64
"11-07-2021",20,14,55,60,59,56,53,43,88,92,84,90,91,91,92,88,91,99,72,86,76,49,41,23
"12-07-2021",19,18,33,18,4,1,1,16,28,62,72,64,57,62,67,61,68,80,46,38,28,33,32,21
"13-07-2021",15,60,55,28,26,3,3,4,12,45,45,43,54,59,73,63,48,64,59,30,34,24,37,28
"14-07-2021",24,3,2,14,11,4,19,8,18,54,87,56,58,75,62,64,70,67,56,41,42,34,44,51
"15-07-2021",64,69,85,43,7,3,1,10,33,70,86,75,54,66,64,65,63,78,67,22,23,15,21,33
"16-07-2021",20,6,18,29,8,1,2,2,13,24,55,61,75,88,51,112,121,89,49,16,71,32,38,36
"17-07-2021",38,32,12,35,7,1,1,2,7,12,27,33,86,110,77,129,117,103,121,123,93,51,34,28
"18-07-2021",51,27,12,17,21,1,6,1,5,6,33,75,112,147,130,124,135,132,118,127,119,107,60,98
"19-07-2021",57,22,20,16,23,21,21,12,11,14,34,105,107,110,93,91,88,85,79,84,78,71,71,63
"20-07-2021",67,50,22,11,33,17,11,11,31,35,29,62,68,88,104,81,88,79,57,73,74,82,77,46
"21-07-2021",28,19,18,27,10,1,1,1,34,61,71,77,84,95,112,105,121,106,75,51,26,16,29,29
"22-07-2021",61,34,92,101,101,80,62,49,59,66,60,45,50,64,67,59,61,55,57,39,36,47,58,49
"23-07-2021",69,75,80,73,62,36,37,33,50,55,56,53,45,50,46,69,60,49,57,38,34,42,56,45
"24-07-2021",47,55,69,80,86,62,40,38,50,75,85,80,84,84,88,76,76,80,86,66,59,80,52,45
"25-07-2021",43,51,31,26,57,75,44,54,80,87,95,100,105,99,94,100,108,111,103,91,74,80,79,24
"26-07-2021",53,12,17,20,30,49,30,35,47,43,65,68,95,104,98,100,100,74,53,37,38,38,28,27
"27-07-2021",16,29,6,8,10,21,6,17,71,66,50,56,48,53,57,53,51,46,31,17,19,16,25,55
"28-07-2021",66,81,91,103,99,46,48,61,68,50,55,54,64,60,61,41,46,45,26,50,80,83,70,63
"29-07-2021",74,83,71,88,88,39,19,2,13,30,29,54,64,69,73,67,78,144,109,11,1,1,1,1
"30-07-2021",1,1,1,1,1,1,1,2,1,2,7,28,48,38,49,58,107,109,60,11,22,82,66,18
"31-07-2021",1,1,1,1,1,1,1,1,1,1,28,67,73,22,31,141,52,84,85,96,91,72,19,6
"01-08-2021",1,1,1,3,4,4,4,2,2,29,50,69,106,116,133,137,155,74,60,40,20,20,6,1
"02-08-2021",3,1,1,1,1,1,1,1,2,1,30,57,59,57,87,118,144,141,153,124,131,72,18,1
"03-08-2021",2,1,1,1,1,1,1,2,3,4,24,74,99,88,110,126,116,36,46,21,11,5,6,2
"04-08-2021",1,1,1,1,4,1,3,1,2,10,8,28,48,30,71,68,104,127,55,51,55,64,9,1
"05-08-2021",1,1,1,1,1,1,1,1,2,4,5,46,45,80,98,83,104,50,101,88,77,70,62,16
"06-08-2021",30,13,13,1,1,1,3,5,7,11,35,37,-9999,-9999,56,48,56,50,49,24,27,11,24,33
"07-08-2021",46,32,70,87,83,57,35,28,44,72,74,71,76,73,88,97,101,77,37,39,47,45,42,50
"08-08-2021",22,24,19,12,9,6,4,10,36,56,86,90,106,127,109,104,120,116,68,28,44,23,7,33
"09-08-2021",25,-9999,1,14,7,1,1,10,1,24,60,46,66,82,138,137,116,110,93,94,98,87,73,30
"10-08-2021",7,3,5,1,1,1,1,2,4,4,26,58,110,79,91,134,129,99,52,10,37,84,78,5
"11-08-2021",2,4,7,1,1,1,1,1,1,3,22,23,108,130,141,55,71,94,25,46,13,29,18,10
"12-08-2021",44,103,97,87,43,21,2,21,60,46,61,69,58,57,55,52,54,52,44,46,50,66,72,83
"13-08-2021",63,41,74,91,92,62,51,48,61,46,48,48,61,69,65,68,63,64,60,43,41,48,34,58
"14-08-2021",83,91,100,85,82,55,51,51,51,65,63,77,87,99,102,97,96,95,81,70,81,82,62,47
"15-08-2021",39,71,79,92,98,92,74,80,81,91,98,100,105,103,104,108,95,101,82,73,64,78,55,50
"16-08-2021",89,78,29,51,81,52,34,34,65,82,89,96,94,77,79,82,82,81,99,31,42,41,48,34
"17-08-2021",24,76,81,16,20,1,1,2,3,7,25,29,71,115,149,130,126,125,107,110,106,78,42,97
"18-08-2021",77,81,60,12,1,1,1,2,4,36,59,55,60,77,106,112,97,80,90,72,54,11,46,8
"19-08-2021",1,2,1,10,7,1,19,39,21,32,66,71,75,97,112,144,114,79,55,61,63,70,61,61
"20-08-2021",68,96,72,99,101,61,27,47,47,54,60,60,74,79,87,87,78,81,61,55,59,52,36,36
"21-08-2021",47,47,61,53,65,44,27,31,60,79,79,75,85,97,94,80,96,108,104,101,88,85,80,89
"22-08-2021",96,39,60,84,79,64,57,56,75,85,93,96,100,108,109,98,90,93,90,72,79,89,87,60
"23-08-2021",80,76,89,59,56,27,18,34,60,69,78,85,91,84,82,76,78,83,88,76,64,59,53,22
"24-08-2021",28,30,55,56,60,45,29,35,59,62,72,78,92,85,78,56,47,61,87,62,53,34,19,21
"25-08-2021",15,16,12,11,16,1,3,3,10,20,55,82,36,39,117,131,139,119,129,119,96,94,76,85
"26-08-2021",93,99,60,16,19,13,5,4,5,9,18,82,96,88,96,80,112,123,107,84,89,78,75,58
"27-08-2021",18,4,3,6,25,22,7,10,11,8,16,51,82,97,85,80,89,94,88,83,80,17,37,38
"28-08-2021",47,39,47,40,28,19,29,18,17,47,40,66,51,62,53,101,101,87,98,104,100,76,57,25
"29-08-2021",52,51,57,52,31,18,7,6,31,51,43,64,66,77,76,71,83,93,86,86,68,43,26,56
"30-08-2021",59,40,36,32,16,11,13,9,47,31,50,68,77,84,70,76,106,101,98,103,80,43,27,28
"31-08-2021",19,9,3,8,2,2,2,4,32,40,47,72,87,95,92,129,107,85,79,80,72,45,51,53
"01-09-2021",24,8,18,8,8,4,5,3,9,37,53,71,58,68,78,138,136,125,115,106,91,70,67,29
"02-09-2021",39,40,31,76,75,77,60,57,38,36,45,59,40,63,67,74,72,58,43,34,31,37,44,41
"03-09-2021",44,36,74,71,53,57,38,38,40,38,43,50,49,54,53,56,53,42,42,33,33,34,37,35
"04-09-2021",43,54,54,38,33,10,16,13,30,42,61,69,71,107,76,115,130,82,37,38,41,46,49,39
"05-09-2021",50,58,43,70,69,72,52,54,56,57,71,78,81,101,121,128,100,67,64,60,47,72,46,44
"06-09-2021",52,48,45,44,51,65,66,49,44,40,73,61,59,54,51,61,53,59,56,49,53,75,75,65
"07-09-2021",59,68,77,85,83,64,46,40,39,41,53,42,53,54,66,68,41,55,62,69,78,75,61,62
"08-09-2021",71,74,77,78,53,25,11,15,13,19,27,31,49,61,59,55,50,35,58,53,55,62,66,49
"09-09-2021",35,56,47,43,55,42,33,23,44,49,47,53,60,63,53,56,49,49,56,50,34,39,46,50
"10-09-2021",52,44,62,44,52,42,23,21,25,42,55,44,59,58,74,70,95,88,77,58,65,71,68,74
"11-09-2021",6,5,2,4,6,3,1,2,8,28,65,80,94,91,114,121,122,94,92,84,79,55,41,13
"12-09-2021",11,10,27,44,39,28,33,20,46,40,70,82,86,85,89,89,86,81,65,69,73,92,61,74
"13-09-2021",66,26,23,47,85,46,27,21,58,70,77,70,70,89,74,77,90,88,85,69,76,72,78,75
"14-09-2021",47,67,73,74,63,83,79,25,45,71,90,89,75,79,87,79,82,89,77,74,84,80,54,47
"15-09-2021",26,15,9,22,29,5,2,3,3,19,17,29,38,27,96,161,132,111,83,34,22,18,48,7
"16-09-2021",2,4,12,25,30,3,2,2,2,4,12,66,94,106,106,108,112,131,127,113,95,66,29,13
"17-09-2021",11,8,15,21,12,2,2,2,3,10,42,54,87,102,116,104,94,99,91,93,70,88,65,62
"18-09-2021",62,69,50,60,27,3,1,1,2,11,15,39,44,44,41,44,44,38,42,17,14,27,51,47
"19-09-2021",50,28,43,33,31,41,8,6,17,13,29,36,64,66,86,79,66,62,47,59,27,22,3,6
"20-09-2021",21,10,18,28,6,1,1,2,2,4,25,29,20,32,16,23,44,33,21,25,22,34,54,44
"21-09-2021",70,66,58,35,33,28,5,2,4,6,22,55,64,58,56,63,81,83,84,57,38,37,35,40
"22-09-2021",51,52,77,83,81,47,20,12,11,20,29,46,59,91,92,96,97,81,84,74,52,28,31,32
"23-09-2021",44,74,78,72,75,54,36,53,46,41,40,48,59,63,62,53,54,48,58,50,35,30,29,29
"24-09-2021",49,49,67,30,28,11,2,2,2,13,49,42,61,70,67,75,77,82,92,75,70,57,13,2
"25-09-2021",2,1,2,3,6,3,1,2,5,7,21,32,77,86,80,100,115,108,106,96,53,60,68,14
"26-09-2021",1,1,5,11,4,46,1,4,26,33,69,75,67,88,55,104,126,136,70,12,5,18,19,15
"27-09-2021",2,2,2,11,3,3,2,2,2,8,13,56,51,49,35,33,103,103,48,2,2,18,61,27
"28-09-2021",10,9,13,39,53,18,8,13,7,18,30,38,48,60,111,113,116,47,38,16,28,34,34,36
"29-09-2021",44,74,76,73,68,27,11,6,6,12,19,33,32,31,40,35,39,36,29,29,32,40,48,52
"30-09-2021",47,74,72,76,77,33,19,24,22,29,32,33,32,37,41,60,62,55,59,64,70,73,69,59
"01-10-2021",61,56,64,70,73,51,37,29,26,28,36,38,33,30,32,35,36,27,34,39,38,50,50,58
"02-10-2021",49,54,74,75,73,52,26,21,26,31,50,60,65,64,67,80,82,82,74,70,71,72,69,66
"03-10-2021",54,47,35,40,63,52,20,22,19,40,62,70,74,76,81,77,77,77,74,76,54,58,40,31
"04-10-2021",26,15,51,57,55,40,22,22,33,42,60,61,68,63,48,39,48,59,63,50,44,36,14,5
"05-10-2021",9,35,46,63,55,20,11,10,9,14,54,57,53,43,33,34,29,28,26,24,27,38,38,47
"06-10-2021",49,63,79,81,68,48,29,20,23,35,54,57,43,52,53,38,50,51,39,26,21,33,39,52
"07-10-2021",54,56,69,67,60,39,11,9,15,15,26,27,48,68,91,91,89,74,55,15,18,20,27,26
"08-10-2021",39,42,47,49,42,15,3,2,3,4,44,55,38,52,56,57,11,5,2,7,11,14,13,11
"09-10-2021",40,36,58,50,15,5,3,2,8,25,44,59,84,95,102,91,74,88,63,49,69,34,18,9
"10-10-2021",15,23,22,35,38,24,13,9,8,20,32,21,38,62,76,71,76,66,64,51,25,19,6,2
"11-10-2021",3,9,55,57,60,42,40,4,3,6,4,9,44,44,59,69,72,44,10,6,1,1,1,1
"12-10-2021",1,1,1,1,1,1,1,1,7,9,15,16,34,33,29,32,38,29,27,13,5,14,3,2
"13-10-2021",5,2,3,6,3,2,1,2,1,3,12,45,61,72,78,76,91,74,71,48,45,48,28,15
"14-10-2021",59,34,35,27,29,11,3,2,39,10,1,4,36,40,19,2,1,4,2,1,1,1,1,2
"15-10-2021",11,20,27,41,77,85,54,21,5,52,73,82,81,69,66,84,81,57,43,50,55,53,55,71
"16-10-2021",81,84,82,80,76,57,26,11,4,5,26,53,46,62,59,48,39,29,27,13,23,21,23,22
"17-10-2021",17,12,9,3,8,16,9,5,10,13,23,32,24,39,28,39,53,52,36,13,7,2,9,23
"18-10-2021",22,25,27,26,17,3,1,1,3,7,16,19,29,31,24,9,11,7,8,8,5,13,15,18
"19-10-2021",9,10,15,18,19,3,2,1,2,4,15,31,28,32,31,21,18,15,13,14,17,22,19,4
"20-10-2021",3,4,14,23,18,11,2,5,2,2,18,34,33,45,54,55,53,50,12,10,16,14,12,13
"21-10-2021",25,26,29,29,16,5,2,2,2,2,19,36,55,70,82,79,85,75,66,58,61,10,2,5
"22-10-2021",3,5,1,1,1,1,1,1,1,2,13,33,56,65,63,69,72,71,54,56,30,30,66,54
"23-10-2021",47,26,2,9,2,2,2,1,2,4,14,31,54,49,46,47,81,76,59,52,20,17,8,9
"24-10-2021",9,6,7,4,1,1,1,1,1,4,16,33,19,27,50,42,54,39,33,34,36,40,48,47
"25-10-2021",51,57,71,77,73,54,34,33,28,36,37,36,34,31,29,32,30,28,31,35,51,51,60,57
"26-10-2021",58,50,51,54,45,26,13,3,7,20,22,25,27,40,43,46,27,20,15,15,23,48,51,35
"27-10-2021",43,61,63,62,60,25,10,3,5,17,26,39,45,50,-9999,-9999,-9999,-9999,22,17,22,23,54,60
"28-10-2021",59,60,40,28,24,21,18,19,23,41,49,57,54,53,55,54,53,45,42,40,52,52,48,45
"29-10-2021",60,58,37,33,27,12,1,1,1,5,22,25,25,51,54,64,64,55,35,38,60,58,61,50
"30-10-2021",61,64,47,55,53,53,39,20,44,44,54,56,59,59,59,50,35,41,30,27,41,43,32,34
"31-10-2021",29,51,50,48,44,49,49,20,14,18,36,29,33,41,42,34,33,26,20,22,26,22,40,25
"01-11-2021",27,28,32,12,9,3,1,1,1,16,23,33,53,52,59,45,68,53,45,50,24,17,3,3
"02-11-2021",2,8,17,30,52,67,67,58,61,61,61,67,62,56,50,36,31,2,6,11,2,2,14,18
"03-11-2021",7,14,48,21,7,1,1,1,1,3,15,30,36,45,41,43,50,38,25,12,1,1,1,1
"04-11-2021",1,1,1,1,1,1,1,1,1,6,54,59,63,66,63,66,55,40,43,29,24,11,1,1
"05-11-2021",1,3,9,4,1,1,1,1,1,19,41,38,45,41,38,40,39,52,42,47,36,32,38,9
"06-11-2021",3,3,4,4,4,4,4,4,5,7,8,16,18,24,30,15,9,5,4,4,4,5,5,5
"07-11-2021",4,4,4,5,8,11,23,17,39,44,48,55,57,55,61,60,58,46,40,19,12,7,5,5
"08-11-2021",5,5,6,9,11,6,6,5,6,8,20,45,62,62,69,67,63,56,48,43,29,25,23,15
"09-11-2021",13,18,11,10,14,5,5,5,5,7,13,17,23,23,14,15,12,8,7,5,7,5,8,17
"10-11-2021",40,59,47,39,44,44,37,29,28,35,34,29,31,31,29,28,28,26,34,48,46,46,65,67
"11-11-2021",57,65,74,67,60,48,38,37,-9999,44,36,49,51,49,41,50,49,42,45,40,37,48,59,54
"12-11-2021",63,68,65,59,52,37,14,7,20,26,31,43,48,42,34,47,34,28,20,15,11,10,11,12
"13-11-2021",19,11,18,27,26,11,11,8,8,13,31,62,68,67,65,70,70,58,28,1,1,1,1,1
"14-11-2021",2,8,11,13,14,11,5,1,3,6,18,48,63,67,54,81,77,46,22,14,15,14,15,9
"15-11-2021",20,26,43,46,46,25,13,4,5,12,18,21,20,18,13,10,12,13,12,12,34,35,41,45
"16-11-2021",54,60,67,74,62,43,21,21,14,26,29,18,20,23,16,18,12,25,13,19,22,21,31,33
"17-11-2021",41,21,12,27,25,16,4,3,3,10,6,10,12,15,17,12,7,4,8,11,11,9,18,15
"18-11-2021",21,26,31,25,24,11,3,1,1,2,4,19,14,32,50,43,39,35,40,10,16,1,2,8
"19-11-2021",24,33,28,37,34,14,13,2,2,3,7,7,10,4,6,5,14,9,17,23,21,28,29,33
"20-11-2021",25,49,52,40,27,32,29,14,24,36,47,45,46,55,46,42,43,45,39,37,29,45,37,34
"21-11-2021",33,30,39,29,18,26,17,8,27,38,39,46,56,60,50,43,35,29,18,1,1,1,1,1
"22-11-2021",1,1,1,1,1,1,1,1,1,1,4,25,50,53,54,54,58,54,56,56,62,64,65,64
"23-11-2021",67,70,70,61,60,32,7,1,1,1,6,11,35,34,43,45,36,7,1,1,1,2,17,18
"24-11-2021",18,18,42,13,11,10,7,1,1,6,13,11,12,13,13,17,16,9,12,20,21,28,34,35
"25-11-2021",38,45,40,42,39,19,6,2,1,7,15,18,15,12,17,7,4,2,2,3,5,3,5,7
"26-11-2021",6,12,15,15,11,3,1,1,2,1,6,27,33,45,30,6,1,1,1,1,2,2,1,3
"27-11-2021",1,1,1,1,1,1,1,1,11,44,46,49,55,60,56,48,56,59,62,55,35,72,70,59
"28-11-2021",65,54,51,55,62,30,2,1,1,8,18,53,70,75,77,79,73,67,61,66,67,65,65,60
"29-11-2021",58,54,57,45,45,24,20,45,34,60,56,48,46,50,57,50,59,62,44,44,29,46,66,76
"30-11-2021",81,68,65,72,80,77,61,46,51,45,27,29,36,35,35,23,23,32,24,30,30,20,31,27
"01-12-2021",13,8,13,8,7,16,6,8,25,26,26,31,33,38,30,28,26,17,24,23,19,24,45,34
"02-12-2021",39,46,41,44,37,1,2,2,2,3,19,43,44,35,34,52,40,17,25,35,43,23,20,41
"03-12-2021",62,42,2,2,1,1,6,34,26,31,55,65,64,59,57,64,68,68,63,59,67,70,74,73
"04-12-2021",76,74,71,47,26,14,4,1,32,46,61,43,21,26,42,54,14,36,12,2,2,3,8,4
"05-12-2021",8,1,1,1,1,1,1,1,1,4,24,37,43,55,58,62,67,25,15,5,4,6,7,1
"06-12-2021",1,1,2,1,1,1,7,1,6,22,56,69,74,77,79,77,83,80,76,72,73,79,81,83
"07-12-2021",80,83,84,89,79,82,75,63,50,24,3,14,35,38,31,20,20,18,30,36,25,33,44,39
"08-12-2021",41,28,37,23,27,22,9,4,6,12,21,29,28,32,37,28,34,27,22,21,17,21,40,28
"09-12-2021",30,46,29,50,26,8,1,1,1,1,3,28,48,55,61,65,66,64,60,66,71,73,76,77
"10-12-2021",80,84,85,89,89,83,76,41,12,12,16,23,47,63,53,41,51,62,49,45,63,58,68,77
"11-12-2021",76,87,87,89,88,86,85,84,82,81,80,82,79,80,82,82,87,91,88,85,83,79,53,66
"12-12-2021",59,82,67,51,65,48,13,48,38,19,29,25,41,34,57,63,57,46,53,11,11,12,1,2
"13-12-2021",6,2,2,1,11,15,19,19,16,29,32,28,22,19,18,8,4,1,1,2,12,15,12,21
"14-12-2021",36,39,44,40,37,23,17,13,25,25,31,31,28,29,33,25,25,23,25,29,27,28,31,32
"15-12-2021",30,34,37,40,33,34,20,10,5,2,7,12,13,10,16,28,24,29,24,31,20,9,6,1
"16-12-2021",8,10,12,25,30,31,5,4,6,7,19,17,30,32,37,32,14,8,8,3,4,12,20,9
"17-12-2021",23,39,30,28,39,22,15,8,13,12,19,28,42,44,44,41,31,27,12,2,2,2,6,10
"18-12-2021",28,48,47,47,50,43,38,19,31,22,26,24,17,31,34,40,39,39,44,43,44,45,50,53
"19-12-2021",58,53,55,37,40,53,52,45,43,45,46,44,46,48,44,48,41,29,34,26,40,17,16,6
"20-12-2021",2,4,2,1,1,1,1,1,1,2,2,10,19,27,21,16,7,1,1,1,2,3,2,2
"21-12-2021",2,1,7,31,19,2,1,1,1,7,5,30,34,37,34,13,5,3,3,2,2,3,8,15
"22-12-2021",23,30,38,47,41,18,8,4,3,5,7,10,17,30,27,14,5,4,3,3,3,4,14,33
"23-12-2021",41,36,23,57,48,35,23,8,11,21,29,36,48,34,25,33,18,-9999,-9999,8,10,10,11,11
"24-12-2021",12,12,12,10,10,5,4,4,3,2,6,21,24,30,40,38,46,34,16,12,25,20,31,25
"25-12-2021",21,12,11,4,1,1,1,1,1,3,21,34,39,55,54,38,31,15,3,1,1,2,2,1
"26-12-2021",2,4,3,2,1,1,1,1,1,1,4,30,47,45,40,52,62,57,53,52,52,33,43,55
"27-12-2021",32,12,38,27,40,13,5,6,13,26,34,52,51,55,53,49,48,51,10,1,1,9,56,54
"28-12-2021",63,61,67,59,60,39,48,49,50,49,47,46,50,41,49,51,54,52,39,44,43,38,48,54
"29-12-2021",57,51,19,16,3,1,1,1,1,1,1,5,8,17,13,11,7,9,11,10,6,10,6,1
"30-12-2021",3,2,1,11,8,3,1,16,28,31,34,26,34,39,34,36,34,23,33,25,26,26,20,4
"31-12-2021",13,28,33,42,44,38,34,27,24,14,32,36,20,33,41,34,43,42,39,39,33,16,28,44
"01-01-2022",41,32,41,42,6,4,2,2,2,7,12,24,26,49,44,29,39,15,5,1,2,2,2,2
"02-01-2022",1,1,1,1,13,4,12,6,6,15,37,35,40,38,50,39,18,7,1,1,2,1,1,2
"03-01-2022",2,2,2,1,1,1,1,1,2,1,5,21,30,32,31,39,40,36,36,25,41,50,49,33
"04-01-2022",38,30,3,7,1,1,1,1,1,1,4,15,16,29,28,20,11,3,2,1,3,14,37,48
"05-01-2022",50,61,47,44,39,44,19,10,19,26,36,31,31,26,50,55,55,32,26,11,1,1,1,1
"06-01-2022",2,1,2,2,1,1,1,1,1,1,7,33,44,52,59,50,51,49,44,40,38,47,37,39
"07-01-2022",49,54,59,53,27,2,1,1,1,8,21,37,47,46,54,44,42,40,21,8,10,3,2,1
"08-01-2022",2,16,48,61,46,11,4,1,1,2,6,46,39,16,29,52,51,18,4,1,4,7,5,4
"09-01-2022",5,6,56,47,43,38,26,13,12,11,11,11,26,35,26,27,26,3,6,6,3,5,6,2
"10-01-2022",1,1,1,1,1,1,1,1,1,1,1,1,1,2,2,5,22,33,10,8,24,30,3,2
"11-01-2022",18,61,107,92,72,37,6,1,2,8,8,9,18,16,10,4,5,6,13,39,15,27,24,22
"12-01-2022",23,26,29,29,36,34,30,26,-9999,-9999,-9999,35,28,-9999,13,16,16,16,19,20,19,25,27,34
"13-01-2022",35,48,52,49,45,27,23,19,21,19,36,39,34,42,50,49,43,47,42,42,50,51,59,62
"14-01-2022",66,62,37,39,56,33,20,7,16,40,38,39,50,46,47,52,35,27,8,6,1,1,4,7
"15-01-2022",7,6,5,3,2,2,2,2,1,2,32,38,32,31,28,30,32,27,17,17,7,6,4,10
"16-01-2022",9,13,15,23,26,36,26,9,7,13,20,30,37,32,31,27,25,23,9,3,2,2,6,9
"17-01-2022",10,10,7,3,3,1,1,1,1,1,2,11,17,28,51,46,41,18,2,4,1,1,1,3
"18-01-2022",3,4,1,1,1,12,26,21,17,19,30,43,36,41,38,37,43,42,30,14,9,14,7,26
"19-01-2022",57,71,75,60,52,46,40,25,7,7,14,17,22,17,22,24,25,14,6,2,2,3,2,3
"20-01-2022",2,2,1,1,1,1,1,1,1,1,1,12,47,54,54,51,51,35,11,1,1,17,12,7
"21-01-2022",2,1,2,1,1,1,1,1,1,1,1,19,41,47,36,48,31,4,2,3,3,19,41,24
"22-01-2022",33,21,50,55,62,54,37,28,37,39,39,35,45,49,46,42,48,47,48,42,31,32,42,27
"23-01-2022",12,8,14,36,65,54,52,49,52,55,57,58,59,59,62,64,58,52,45,20,6,5,12,8
"24-01-2022",5,8,46,53,50,49,39,32,34,37,42,35,41,47,43,34,31,41,39,52,47,43,48,52
"25-01-2022",58,59,59,58,61,55,55,60,28,38,44,42,41,34,34,53,57,43,30,30,52,49,30,33
"26-01-2022",28,30,55,36,35,31,28,42,41,52,58,59,66,67,63,56,55,52,40,15,5,16,27,10
"27-01-2022",2,46,41,34,44,31,11,2,3,14,35,47,53,58,60,48,45,21,3,9,2,3,3,2
"28-01-2022",1,3,1,5,1,1,1,1,1,2,9,27,47,44,43,38,47,48,22,8,3,4,6,6
"29-01-2022",6,5,3,1,2,2,2,2,2,3,5,16,35,35,37,35,39,44,30,38,44,36,30,40
"30-01-2022",33,46,54,51,47,43,29,22,42,42,47,47,53,53,52,47,50,41,14,5,2,2,3,5
"31-01-2022",4,5,3,3,2,2,4,3,3,8,25,38,33,32,61,63,61,58,48,55,62,64,61,65
"01-02-2022",68,79,74,78,83,72,54,39,15,15,13,23,43,52,60,58,61,65,58,64,68,61,63,51
"02-02-2022",69,79,76,84,77,67,34,60,52,59,68,71,69,50,55,66,51,22,34,28,26,42,46,49
"03-02-2022",54,57,63,65,65,56,49,39,34,36,40,36,45,48,51,49,52,50,48,26,15,48,47,37
"04-02-2022",29,18,25,31,31,25,22,20,9,23,40,42,46,43,49,44,38,44,29,22,23,9,4,5
"05-02-2022",4,4,2,1,1,1,1,1,1,1,17,36,46,52,66,66,66,53,26,1,1,2,3,3
"06-02-2022",2,3,1,1,2,1,2,2,2,10,28,43,69,74,80,85,74,63,34,12,14,3,5,5
"07-02-2022",5,3,1,1,1,1,1,1,1,1,7,8,22,27,11,37,20,14,6,32,62,36,19,58
"08-02-2022",71,72,70,61,67,69,40,45,47,49,48,38,42,43,44,45,35,37,44,39,48,48,57,59
"09-02-2022",62,59,64,61,56,51,32,17,29,39,48,47,53,55,55,57,52,41,33,24,17,2,1,1
"10-02-2022",6,4,12,14,13,1,1,1,1,3,19,41,39,46,56,48,53,32,7,9,1,1,3,8
"11-02-2022",7,3,1,1,1,1,1,1,1,2,13,22,42,38,62,68,54,54,26,22,9,1,2,2
"12-02-2022",2,1,1,1,4,1,1,1,1,2,20,49,70,73,85,84,77,67,50,15,6,3,3,8
"13-02-2022",19,32,32,27,23,28,36,24,31,31,32,30,48,59,62,64,60,54,31,15,11,10,8,13
"14-02-2022",7,10,8,9,5,6,1,1,2,6,18,33,39,49,60,56,58,50,49,34,32,27,28,11
"15-02-2022",1,1,1,1,1,1,1,1,1,2,22,34,53,47,50,59,53,50,39,33,4,1,1,1
"16-02-2022",1,1,1,1,1,1,1,1,1,1,5,25,48,53,62,62,58,54,49,47,42,48,51,61
"17-02-2022",67,53,40,40,31,1,1,1,1,2,15,37,46,55,53,43,52,41,35,33,6,1,1,1
"18-02-2022",2,2,2,1,1,1,1,1,1,4,23,33,51,53,37,50,54,41,30,5,2,1,3,1
"19-02-2022",3,20,31,5,1,1,1,1,2,11,30,64,75,68,80,80,74,71,67,64,66,44,10,7
"20-02-2022",7,6,9,10,10,7,4,3,3,5,14,27,35,36,53,35,36,20,34,14,19,36,49,41
"21-02-2022",22,37,36,19,10,2,2,2,2,5,16,32,33,57,68,62,55,47,38,25,10,2,2,16
"22-02-2022",23,10,10,27,11,4,5,1,2,21,43,53,61,71,66,66,60,45,13,2,3,4,11,6
"23-02-2022",1,8,12,15,38,15,23,12,21,32,36,37,42,42,42,40,35,33,35,34,16,41,45,45
"24-02-2022",55,58,50,61,65,54,44,40,44,48,56,60,54,47,57,46,52,53,42,40,47,53,52,61
"25-02-2022",40,53,63,45,40,19,5,6,22,38,37,52,60,56,50,54,53,37,32,47,42,26,6,1
"26-02-2022",1,2,2,2,4,1,1,1,1,15,50,69,72,81,92,88,85,84,83,58,58,63,41,11
"27-02-2022",13,25,31,74,77,70,74,75,77,79,81,81,79,68,49,57,51,50,33,27,10,23,32,21
"28-02-2022",13,23,5,37,33,7,3,6,16,28,28,41,38,45,39,15,15,6,11,18,18,23,28,28
"01-03-2022",41,50,47,49,46,30,9,3,6,11,15,20,19,15,16,14,14,16,16,16,19,22,31,34
"02-03-2022",49,53,52,57,57,45,36,32,25,27,29,27,23,27,40,38,49,54,50,49,47,53,49,47
"03-03-2022",30,42,32,58,53,21,22,7,24,41,58,65,69,69,60,68,74,65,52,50,46,47,56,51
"04-03-2022",42,10,11,28,21,3,2,2,3,14,29,45,41,65,64,69,66,64,48,25,31,10,3,3
"05-03-2022",2,2,2,1,1,1,1,1,1,4,7,29,31,45,37,51,55,29,8,3,1,6,1,3
"06-03-2022",4,2,7,10,8,4,1,1,2,9,20,42,46,57,57,56,64,43,47,45,25,48,53,35
"07-03-2022",38,37,28,20,26,21,23,13,43,50,54,62,72,69,68,59,48,60,75,64,49,34,10,11
"08-03-2022",9,16,23,30,48,36,18,17,47,47,49,50,58,62,58,31,49,42,24,20,29,29,38,43
"09-03-2022",44,48,49,50,42,17,19,14,17,19,24,28,40,34,37,44,48,43,30,27,26,49,52,47
"10-03-2022",49,58,56,61,50,39,32,13,20,27,43,38,39,24,31,22,35,45,43,38,44,29,29,27
"11-03-2022",37,23,43,41,40,23,16,23,31,35,40,37,38,39,28,37,43,39,15,17,25,30,46,28
"12-03-2022",30,31,24,38,29,37,14,8,17,35,55,56,52,37,39,47,45,46,44,43,37,40,41,29
"13-03-2022",23,12,16,34,23,13,3,11,37,59,78,60,70,90,80,89,95,81,68,49,41,8,5,4
"14-03-2022",5,11,23,22,13,14,8,7,15,26,39,44,37,28,45,55,43,19,18,9,3,2,10,39
"15-03-2022",56,40,16,17,17,20,6,10,20,43,46,49,54,65,72,60,64,45,27,9,5,1,1,1
"16-03-2022",1,1,2,3,4,1,1,1,1,5,26,47,46,69,74,81,78,68,65,52,52,47,65,70
"17-03-2022",51,26,1,1,1,1,1,1,3,28,35,31,61,67,51,27,32,29,30,30,35,36,44,40
"18-03-2022",60,79,75,74,70,53,34,29,38,36,37,45,43,50,39,39,35,38,36,47,43,42,54,50
"19-03-2022",61,63,-9999,79,77,54,44,45,44,57,57,56,54,58,60,58,58,53,53,45,47,48,48,42
"20-03-2022",57,47,65,63,62,55,58,56,65,64,67,68,63,63,61,60,63,57,54,58,56,57,65,74
"21-03-2022",81,87,89,91,87,56,48,58,61,72,73,75,70,65,58,59,63,43,59,56,33,52,66,56
"22-03-2022",76,68,63,69,53,27,13,6,28,49,50,50,54,53,62,67,64,68,65,48,43,50,48,59
"23-03-2022",69,80,87,88,85,59,46,48,42,52,39,40,48,35,57,56,62,53,43,50,48,31,42,49
"24-03-2022",48,56,77,67,73,68,54,42,65,62,69,58,59,72,76,79,62,56,28,19,4,2,6,19
"25-03-2022",5,6,6,5,5,5,5,5,7,40,47,51,51,65,62,56,53,46,43,34,27,56,70,22
"26-03-2022",3,6,5,42,75,24,37,-9999,-9999,50,55,69,87,105,95,97,95,90,65,71,77,76,74,48
"27-03-2022",17,15,4,4,4,2,4,5,-9999,46,30,51,42,54,75,91,103,94,93,88,76,58,37,57
"28-03-2022",16,20,15,5,4,1,1,1,2,2,8,19,21,56,53,53,61,67,59,46,40,41,20,6
"29-03-2022",13,30,49,53,19,4,3,3,4,17,24,42,70,48,51,44,65,89,95,59,11,19,10,20
"30-03-2022",2,4,6,11,4,1,1,1,2,6,27,31,67,66,76,93,93,81,73,65,59,58,54,51
"31-03-2022",55,71,70,74,71,59,54,50,50,58,59,62,57,62,62,61,60,69,66,61,63,58,59,43
"01-04-2022",33,17,53,64,96,80,68,64,68,68,74,77,81,80,76,73,72,67,72,71,27,29,66,63
"02-04-2022",69,77,81,90,56,35,35,17,32,43,65,66,62,83,77,67,77,80,68,50,16,18,55,55
"03-04-2022",87,62,90,87,95,82,35,23,39,39,76,80,55,65,83,86,83,92,78,48,38,48,62,49
"04-04-2022",52,62,49,63,56,33,7,3,6,7,18,32,45,37,63,69,66,83,78,23,8,26,30,24
"05-04-2022",31,46,60,76,69,43,30,16,24,26,31,28,51,53,56,78,43,48,37,35,32,31,35,43
"06-04-2022",50,73,53,45,56,29,18,12,17,23,28,51,64,70,83,79,92,78,79,73,70,68,58,64
"07-04-2022",69,73,73,76,54,18,14,23,36,39,39,47,65,65,61,38,50,52,61,45,35,49,61,66
"08-04-2022",75,83,89,87,63,63,35,26,41,43,29,47,53,49,44,40,68,68,68,81,75,34,15,12
"09-04-2022",51,63,69,69,52,38,19,5,25,27,44,33,48,72,63,77,85,72,63,52,55,55,55,48
"10-04-2022",50,52,62,63,59,48,48,20,30,26,58,84,79,85,83,79,56,59,54,64,55,65,63,73
"11-04-2022",78,71,75,85,60,48,36,46,58,65,66,55,66,69,70,53,66,57,45,38,27,26,30,20
"12-04-2022",26,23,26,18,13,3,2,2,6,18,34,-9999,-9999,-9999,89,97,96,88,87,81,83,86,75,65
"13-04-2022",54,53,34,33,28,10,1,1,2,34,43,60,76,75,84,92,106,103,102,93,85,85,101,81
"14-04-2022",81,89,18,20,16,3,1,1,4,19,66,54,51,69,76,100,95,95,93,78,54,45,58,44
"15-04-2022",7,10,10,29,29,6,3,1,3,25,44,43,48,50,49,58,72,49,4,18,24,47,29,41
"16-04-2022",21,44,32,16,18,2,1,1,5,15,21,58,72,84,106,97,97,82,55,20,26,17,37,37
"17-04-2022",52,64,74,90,92,74,66,60,62,58,50,55,67,62,45,29,23,46,59,53,58,66,63,56
"18-04-2022",53,43,43,39,35,22,10,7,5,14,20,18,22,18,14,17,19,20,21,20,18,25,29,34
"19-04-2022",43,44,51,39,28,20,20,14,19,20,28,31,39,31,53,71,79,71,62,53,49,48,52,51
"20-04-2022",49,51,44,9,3,1,1,1,7,19,56,70,70,75,81,81,78,86,86,67,43,40,50,36
"21-04-2022",42,66,47,45,35,1,1,1,2,15,19,61,45,30,63,75,97,85,81,78,97,80,74,58
"22-04-2022",63,65,42,38,12,1,1,1,21,64,64,77,68,78,85,87,85,84,59,74,72,86,73,59
"23-04-2022",68,63,57,66,46,3,3,1,15,10,26,51,49,48,73,76,78,73,80,80,70,67,41,18
"24-04-2022",22,2,3,2,1,1,1,2,2,13,34,63,29,28,95,100,109,111,100,85,83,51,26,17
"25-04-2022",1,2,20,26,14,13,13,1,17,23,19,55,85,83,88,103,96,89,89,79,66,64,39,50
"26-04-2022",31,38,10,9,1,1,1,1,4,6,26,37,45,93,93,78,70,77,81,73,63,73,29,7
"27-04-2022",1,2,2,1,1,1,1,1,1,8,44,50,65,58,68,85,106,61,45,11,14,2,34,15
"28-04-2022",1,7,2,1,1,1,1,1,1,2,14,32,47,53,58,62,81,37,32,28,25,32,36,40
"29-04-2022",56,74,24,37,25,46,49,29,60,73,74,82,84,85,89,74,73,75,79,70,66,47,61,61
"30-04-2022",66,68,77,73,65,54,68,55,63,67,73,78,80,80,79,76,78,77,68,58,40,35,41,34
"01-05-2022",43,27,35,17,44,31,24,29,41,55,64,66,66,72,69,71,64,65,57,48,44,43,50,69
"02-05-2022",73,68,90,85,64,51,38,31,7,24,40,48,42,51,57,63,61,42,30,24,39,35,50,31
"03-05-2022",34,59,30,21,27,13,17,10,28,41,40,53,44,47,64,70,73,81,70,49,35,35,29,35
"04-05-2022",51,66,59,68,65,39,13,12,9,20,19,31,43,28,30,52,59,65,64,49,54,47,66,46
"05-05-2022",41,20,21,3,1,1,1,1,1,2,4,17,54,44,73,80,87,86,80,78,71,59,45,10
"06-05-2022",2,4,8,9,25,2,2,4,6,22,26,24,26,36,72,33,57,41,36,24,29,33,59,48
"07-05-2022",73,93,85,90,74,51,38,48,68,70,64,56,62,58,62,65,74,52,50,48,41,51,64,67
"08-05-2022",63,76,69,47,24,19,26,24,43,30,56,80,88,61,67,82,76,73,69,53,57,42,39,31
"09-05-2022",33,27,51,33,53,46,34,20,48,56,57,53,41,61,73,44,50,50,43,28,21,23,30,36
"10-05-2022",46,31,21,45,36,33,33,15,36,45,70,65,53,46,59,53,58,70,73,45,50,41,45,23
"11-05-2022",24,9,39,24,26,29,14,4,30,44,64,60,71,58,51,64,93,86,83,25,3,6,10,25
"12-05-2022",12,1,3,22,27,1,1,1,2,7,24,42,53,32,61,73,83,97,87,66,12,30,43,10
"13-05-2022",13,3,14,15,10,1,3,1,1,3,7,17,44,42,55,72,87,63,62,80,81,68,56,61
"14-05-2022",77,84,84,69,48,38,11,21,52,40,55,54,53,59,72,82,78,79,63,53,69,76,54,20
"15-05-2022",3,5,1,1,1,1,1,4,3,8,28,25,68,84,77,63,92,94,97,96,64,64,56,31
"16-05-2022",3,69,49,25,36,2,1,2,6,7,6,32,42,51,62,53,65,74,78,87,80,38,85,77
"17-05-2022",75,64,7,1,1,1,1,4,6,19,40,66,47,54,73,88,116,118,96,93,91,73,79,56
"18-05-2022",22,5,4,16,30,8,3,1,3,13,32,60,61,74,67,75,87,80,68,75,74,45,68,54
"19-05-2022",61,72,83,92,92,78,55,55,41,41,49,45,43,45,45,47,46,38,63,49,57,59,65,71
"20-05-2022",81,79,82,88,84,71,58,37,54,64,65,61,61,57,56,49,61,55,51,47,54,72,57,52
"21-05-2022",37,54,37,49,46,39,44,32,47,68,63,65,72,86,56,81,81,86,25,15,12,17,43,57
"22-05-2022",51,20,13,14,4,1,2,4,8,4,29,90,89,66,80,93,122,114,109,79,26,9,6,7
"23-05-2022",2,2,2,7,10,2,3,1,4,8,23,19,23,28,45,103,101,93,99,104,87,102,65,106
"24-05-2022",97,54,32,23,44,22,6,9,9,10,32,61,30,49,60,71,67,70,85,108,105,61,55,16
"25-05-2022",13,50,18,24,39,18,5,5,10,31,54,86,34,49,57,70,98,93,88,78,74,46,18,8
"26-05-2022",46,43,26,4,1,1,1,1,2,5,21,54,84,72,61,76,79,101,85,85,82,49,5,4
"27-05-2022",1,1,1,1,1,1,1,1,2,10,33,30,40,72,82,71,81,99,94,95,87,92,96,55
"28-05-2022",25,16,17,19,19,44,46,23,3,16,25,82,86,90,82,96,115,108,109,84,82,70,73,63
"29-05-2022",54,75,75,75,91,82,62,66,83,85,80,76,75,72,76,78,73,28,31,32,21,27,62,60
"30-05-2022",66,32,20,35,22,25,19,18,22,23,38,38,15,21,34,93,80,60,74,56,66,53,63,54
"31-05-2022",9,38,26,15,1,1,1,1,3,3,16,35,84,59,57,94,112,74,73,34,59,58,66,13
"01-06-2022",1,1,1,2,3,1,1,1,1,3,17,43,67,57,97,63,120,110,77,23,13,20,25,19
"02-06-2022",13,1,5,6,20,2,5,16,37,44,-9999,-9999,-9999,33,54,67,73,62,47,46,56,41,34,16
"03-06-2022",48,63,68,80,82,66,34,52,51,56,49,50,50,55,54,41,45,48,59,49,63,58,70,71
"04-06-2022",65,25,69,47,57,49,40,42,63,55,49,43,44,48,60,68,62,61,74,67,61,47,35,24
"05-06-2022",10,3,13,27,51,30,25,6,23,56,79,78,78,66,86,88,79,90,73,40,24,1,42,29
"06-06-2022",18,58,1,1,1,1,1,1,1,1,18,23,29,40,17,19,77,83,70,60,48,46,44,41
"07-06-2022",23,27,19,38,30,29,19,12,24,25,28,53,70,69,88,78,55,39,29,15,22,9,20,23
"08-06-2022",37,51,24,8,59,29,17,2,5,25,53,79,69,67,76,97,106,99,101,92,94,75,85,86
"09-06-2022",83,87,86,78,72,67,49,5,1,9,17,45,54,67,73,84,83,78,75,68,62,35,16,13
"10-06-2022",12,12,3,21,27,27,22,30,34,29,37,44,48,48,44,46,44,39,42,46,45,46,45,34
"11-06-2022",11,17,12,38,11,1,12,15,17,25,44,50,-9999,30,50,42,28,17,42,18,32,60,37,42
"12-06-2022",56,39,39,30,30,29,9,17,31,38,55,58,61,64,66,70,44,44,72,56,25,2,25,19
"13-06-2022",26,3,17,33,52,56,16,34,40,51,55,64,65,71,75,67,72,64,65,80,72,62,27,15
"14-06-2022",5,20,5,42,68,42,28,41,45,27,40,51,62,56,55,56,39,22,35,16,3,1,4,1
"15-06-2022",1,1,5,1,1,45,37,24,47,64,69,72,62,66,53,27,44,3,1,1,21,31,44,48
"16-06-2022",47,38,27,12,79,14,19,9,33,41,48,39,45,51,55,46,57,45,35,29,28,38,56,54
"17-06-2022",24,25,42,42,55,17,2,11,37,41,68,77,95,82,76,107,99,78,62,39,24,7,8,15
"18-06-2022",30,31,6,19,56,56,49,60,66,75,85,88,86,90,73,85,93,86,77,79,87,83,83,80
"19-06-2022",78,67,74,86,81,82,75,71,77,83,86,83,83,81,86,82,75,72,67,70,61,67,57,47
"20-06-2022",40,39,49,26,28,44,26,28,60,60,61,66,60,63,81,85,92,90,81,71,57,70,61,69
"21-06-2022",78,52,72,59,19,22,7,8,14,32,27,31,39,45,46,60,67,62,65,60,65,56,20,8
"22-06-2022",3,1,1,21,19,8,2,1,3,8,31,61,45,32,63,70,75,66,64,57,50,50,17,43
"23-06-2022",22,17,29,8,13,2,2,1,1,3,15,37,52,57,49,67,78,70,81,96,88,77,58,39
"24-06-2022",60,30,63,79,68,43,23,18,19,30,37,51,104,91,59,47,49,40,41,36,24,15,31,12
"25-06-2022",11,6,34,24,1,1,4,2,4,32,68,63,68,81,83,88,96,103,106,105,102,78,51,37
"26-06-2022",43,60,18,29,3,3,1,1,38,42,62,77,85,86,83,82,50,64,50,53,48,35,18,13
"27-06-2022",13,6,25,7,51,33,30,14,31,45,21,42,62,105,92,94,85,70,68,32,36,14,20,46
"28-06-2022",60,8,14,4,1,1,3,4,26,32,35,42,55,63,76,59,60,65,46,31,38,43,38,51
"29-06-2022",60,73,73,79,35,60,37,24,45,68,69,74,80,67,64,76,78,81,73,58,48,46,50,60
"30-06-2022",72,62,10,6,29,16,29,39,44,63,72,77,67,67,68,64,67,60,69,79,68,24,43,31
"01-07-2022",33,40,49,23,35,49,37,42,53,67,53,42,47,54,58,52,45,32,30,62,51,40,48,36
"02-07-2022",16,36,40,51,49,32,22,6,28,68,87,86,67,53,63,62,67,61,51,56,61,65,76,80
"03-07-2022",78,78,91,80,79,90,77,81,90,81,95,96,103,101,106,104,104,105,100,94,92,86,82,84
"04-07-2022",85,87,104,103,94,83,66,60,74,74,79,78,81,96,109,97,93,84,96,89,76,73,69,78
"05-07-2022",67,63,75,69,74,63,44,36,69,66,72,82,86,92,89,92,90,81,88,71,74,51,51,54
"06-07-2022",28,44,37,35,73,68,23,30,59,57,80,109,113,82,94,119,110,83,39,60,34,13,23,26
"07-07-2022",41,6,1,2,1,4,6,60,64,67,66,69,60,66,74,88,114,70,51,52,59,31,28,22
"08-07-2022",23,26,19,25,6,1,4,13,18,40,22,43,69,113,106,99,86,89,84,76,63,41,16,24
"09-07-2022",19,37,34,15,52,64,43,67,59,72,83,87,93,91,95,92,95,91,87,74,60,67,53,47
"10-07-2022",73,70,53,51,45,47,24,22,59,58,63,73,75,81,81,77,87,85,67,52,39,22,21,27
"11-07-2022",30,24,11,23,13,4,3,11,33,40,62,57,60,69,70,59,89,83,60,37,33,34,43,40
"12-07-2022",25,31,54,33,25,8,2,7,39,50,56,63,72,68,85,93,103,91,79,53,73,36,33,26
"13-07-2022",38,56,54,52,35,35,47,51,52,61,72,68,70,76,66,58,50,47,69,54,67,70,71,73
"14-07-2022",84,85,89,86,85,75,72,51,61,60,56,52,55,56,76,77,76,65,60,57,63,75,83,75
"15-07-2022",58,83,87,87,93,62,47,38,59,48,59,66,69,77,75,78,74,79,70,66,65,70,76,66
"16-07-2022",55,51,14,9,3,13,27,30,56,64,87,83,80,75,80,66,93,92,90,92,73,60,63,47
"17-07-2022",72,85,69,78,62,27,31,29,44,69,71,83,78,76,80,77,71,77,59,65,51,59,81,76
"18-07-2022",70,66,77,93,67,44,25,24,34,37,66,51,62,63,62,65,60,66,60,52,53,51,69,75
"19-07-2022",72,81,84,86,86,66,45,37,44,36,42,43,48,64,59,66,61,67,45,45,43,64,57,61
"20-07-2022",66,74,73,76,79,68,63,62,58,63,70,71,69,60,64,59,60,65,58,68,67,58,54,59
"21-07-2022",65,80,62,42,75,68,58,32,47,62,67,64,48,60,62,65,50,47,40,29,57,71,80,80
"22-07-2022",46,4,2,4,2,6,1,3,7,39,57,71,50,47,54,96,110,96,16,2,2,14,21,2
"23-07-2022",5,15,48,42,30,27,12,23,30,39,53,60,65,56,65,59,70,79,71,74,68,49,25,6
"24-07-2022",9,17,13,10,2,2,1,1,14,21,30,66,77,96,62,87,122,84,13,23,14,4,3,3
"25-07-2022",8,1,1,1,1,1,2,9,5,13,44,49,60,67,88,86,72,68,50,12,1,26,40,36
"26-07-2022",19,9,1,2,1,25,33,16,53,65,71,60,59,52,74,66,96,98,52,8,3,25,2,1
"27-07-2022",2,24,19,5,1,4,1,1,4,21,46,52,58,51,63,53,66,53,43,41,35,38,40,22
"28-07-2022",27,25,7,25,86,66,27,16,40,13,42,73,92,87,103,105,80,78,77,67,69,64,57,18
"29-07-2022",28,42,38,43,66,38,24,39,48,51,62,68,75,73,78,76,84,63,66,61,30,52,56,27
"30-07-2022",29,27,24,26,36,30,34,28,45,50,57,69,57,59,98,61,80,91,111,46,35,11,5,7
"31-07-2022",35,37,46,39,33,6,1,43,61,57,31,7,55,46,136,126,107,90,69,58,14,7,10,1
"01-08-2022",4,12,17,6,44,30,22,8,11,37,47,45,54,69,57,78,56,55,43,43,42,40,40,55
"02-08-2022",29,20,18,8,26,38,24,37,57,63,79,72,83,79,76,74,78,70,64,37,32,39,43,54
"03-08-2022",76,80,85,81,91,80,66,55,52,69,78,67,73,77,84,91,87,77,62,51,70,74,61,61
"04-08-2022",76,64,79,87,76,63,30,26,51,64,70,72,74,68,81,76,80,76,55,47,70,67,54,74
"05-08-2022",56,47,51,63,78,46,29,25,55,77,72,66,74,80,74,78,80,73,76,66,72,80,75,70
"06-08-2022",86,83,69,82,88,69,52,69,67,78,86,84,86,84,84,77,90,77,70,60,76,76,73,74
"07-08-2022",80,90,95,86,76,47,58,54,61,48,65,80,85,88,90,92,90,84,75,67,77,79,72,82
"08-08-2022",99,84,80,94,92,76,50,52,59,57,69,54,50,58,63,58,46,44,43,59,68,53,52,47
"09-08-2022",72,75,77,91,82,61,42,54,51,39,54,57,47,51,60,68,66,69,50,48,59,74,79,68
"10-08-2022",78,65,106,105,99,85,69,62,53,69,73,76,72,74,84,78,77,76,77,75,71,78,87,81
"11-08-2022",83,82,86,78,76,52,45,52,45,54,60,71,55,43,60,59,64,54,38,24,26,29,36,44
"12-08-2022",48,82,67,82,64,52,36,34,60,58,74,56,61,59,54,60,58,52,38,41,25,25,36,27
"13-08-2022",46,65,34,57,67,45,32,24,24,27,25,40,23,31,41,82,69,81,80,89,89,70,67,70
"14-08-2022",58,11,24,4,15,8,24,8,36,47,31,57,71,67,99,82,80,80,79,95,80,37,59,65
"15-08-2022",63,40,89,91,46,73,53,31,55,74,81,86,72,58,91,122,130,130,117,110,94,96,94,78
"16-08-2022",76,93,66,40,12,8,17,4,6,17,25,71,74,42,88,78,83,82,68,65,64,56,41,61
"17-08-2022",57,31,33,11,5,1,1,1,4,17,44,74,63,55,38,112,105,86,31,9,9,29,17,28
"18-08-2022",13,16,15,5,1,1,1,2,4,36,79,86,87,82,80,88,84,76,68,79,47,16,8,21
"19-08-2022",40,26,3,2,10,2,2,2,6,5,11,36,42,38,99,102,116,116,106,95,99,28,10,12
"20-08-2022",1,-9999,1,1,1,1,1,4,1,16,32,6,21,59,101,89,88,94,73,84,70,52,9,1
"21-08-2022",3,2,1,1,1,1,1,1,18,49,68,70,86,87,67,102,58,72,54,49,44,40,43,33
"22-08-2022",33,24,28,23,2,2,1,5,11,21,40,29,25,56,52,50,64,96,68,73,65,62,48,60
"23-08-2022",76,75,40,18,24,12,2,7,1,1,1,7,15,60,67,55,65,51,38,23,8,-9999,-9999,-9999
"24-08-2022",-9999,-9999,-9999,-9999,-9999,-9999,-9999,-9999,-9999,-9999,30,39,36,28,43,19,24,24,12,17,42,28,53,9
"25-08-2022",13,23,30,46,19,-9999,-9999,-9999,4,24,28,42,60,76,65,21,8,3,2,8,16,14,11,1
"26-08-2022",1,1,10,1,9,-9999,-9999,-9999,6,11,29,37,29,67,83,87,87,77,70,71,62,63,73,74
"27-08-2022",71,51,13,10,1,-9999,-9999,-9999,-9999,3,16,46,51,73,100,91,111,92,62,69,71,56,39,44
"28-08-2022",43,10,-9999,-9999,-9999,1,-9999,-9999,-9999,14,1,16,30,59,46,75,97,94,70,51,46,72,54,15
"29-08-2022",18,14,3,2,1,-9999,-9999,-9999,1,1,13,21,17,8,1,43,104,93,73,38,5,12,28,2
"30-08-2022",9,-9999,-9999,-9999,-9999,-9999,-9999,-9999,-9999,17,24,42,27,22,39,61,77,95,73,41,63,53,20,1
"31-08-2022",3,9,30,11,1,17,1,1,7,17,3,31,35,36,41,85,79,14,8,1,1,-9999,1,-9999
"01-09-2022",-9999,-9999,-9999,-9999,-9999,-9999,-9999,-9999,-9999,-9999,-9999,24,15,38,36,11,15,15,18,15,12,7,3,3
"02-09-2022",-9999,-9999,-9999,-9999,-9999,-9999,-9999,-9999,-9999,-9999,-9999,-9999,-9999,-9999,-9999,-9999,-9999,-9999,-9999,-9999,-9999,-9999,-9999,-9999
"03-09-2022",-9999,-9999,-9999,-9999,-9999,-9999,-9999,-9999,-9999,-9999,-9999,-9999,-9999,-9999,-9999,-9999,-9999,-9999,-9999,-9999,-9999,-9999,-9999,-9999
"04-09-2022",-9999,-9999,-9999,-9999,-9999,-9999,-9999,-9999,-9999,-9999,-9999,-9999,-9999,-9999,-9999,-9999,-9999,-9999,-9999,-9999,-9999,-9999,-9999,-9999
"05-09-2022",-9999,-9999,-9999,-9999,-9999,-9999,-9999,-9999,-9999,-9999,-9999,-9999,-9999,-9999,-9999,-9999,-9999,-9999,-9999,-9999,-9999,-9999,-9999,-9999
"06-09-2022",-9999,-9999,-9999,-9999,-9999,-9999,-9999,-9999,-9999,-9999,-9999,-9999,-9999,-9999,-9999,-9999,-9999,-9999,-9999,-9999,-9999,-9999,-9999,-9999
"07-09-2022",-9999,-9999,-9999,-9999,-9999,-9999,-9999,-9999,-9999,-9999,-9999,-9999,-9999,-9999,-9999,-9999,-9999,-9999,-9999,-9999,-9999,-9999,-9999,-9999
"08-09-2022",-9999,-9999,-9999,-9999,-9999,-9999,-9999,-9999,-9999,-9999,-9999,-9999,-9999,-9999,-9999,-9999,-9999,-9999,-9999,-9999,-9999,-9999,-9999,-9999
"09-09-2022",-9999,-9999,-9999,-9999,-9999,-9999,-9999,-9999,-9999,-9999,-9999,-9999,-9999,-9999,-9999,-9999,-9999,-9999,-9999,-9999,-9999,-9999,-9999,-9999
"10-09-2022",-9999,-9999,-9999,-9999,-9999,-9999,-9999,-9999,-9999,-9999,-9999,-9999,-9999,-9999,-9999,-9999,-9999,-9999,-9999,-9999,-9999,-9999,-9999,-9999
"11-09-2022",-9999,-9999,-9999,-9999,-9999,-9999,-9999,-9999,-9999,-9999,-9999,-9999,-9999,-9999,-9999,-9999,-9999,-9999,-9999,-9999,-9999,-9999,-9999,-9999
"12-09-2022",-9999,-9999,-9999,-9999,-9999,-9999,-9999,-9999,-9999,-9999,-9999,-9999,-9999,-9999,-9999,-9999,-9999,-9999,-9999,-9999,-9999,-9999,-9999,-9999
"13-09-2022",-9999,-9999,-9999,-9999,-9999,-9999,-9999,-9999,-9999,-9999,-9999,-9999,-9999,-9999,-9999,-9999,-9999,-9999,-9999,-9999,-9999,-9999,-9999,-9999
"14-09-2022",-9999,-9999,-9999,-9999,-9999,-9999,-9999,-9999,-9999,-9999,-9999,-9999,-9999,-9999,-9999,-9999,-9999,-9999,-9999,-9999,-9999,-9999,-9999,-9999
"15-09-2022",-9999,-9999,-9999,-9999,-9999,-9999,-9999,-9999,-9999,-9999,-9999,-9999,-9999,-9999,-9999,-9999,-9999,-9999,-9999,-9999,-9999,-9999,-9999,-9999
"16-09-2022",-9999,-9999,-9999,-9999,-9999,-9999,-9999,-9999,-9999,-9999,-9999,-9999,-9999,-9999,-9999,-9999,-9999,-9999,-9999,-9999,-9999,-9999,-9999,-9999
"17-09-2022",-9999,-9999,-9999,-9999,-9999,-9999,-9999,-9999,-9999,-9999,-9999,-9999,-9999,-9999,-9999,-9999,-9999,-9999,-9999,-9999,-9999,-9999,-9999,-9999
"18-09-2022",-9999,-9999,-9999,-9999,-9999,-9999,-9999,-9999,-9999,-9999,-9999,-9999,-9999,-9999,-9999,-9999,-9999,-9999,-9999,-9999,-9999,-9999,-9999,-9999
"19-09-2022",-9999,-9999,-9999,-9999,-9999,-9999,-9999,-9999,-9999,-9999,-9999,-9999,-9999,-9999,-9999,-9999,-9999,-9999,-9999,-9999,-9999,-9999,-9999,-9999
"20-09-2022",-9999,-9999,-9999,-9999,-9999,-9999,-9999,-9999,-9999,-9999,-9999,-9999,-9999,-9999,-9999,-9999,-9999,-9999,-9999,-9999,-9999,-9999,-9999,-9999
"21-09-2022",-9999,-9999,-9999,-9999,-9999,-9999,-9999,-9999,-9999,-9999,-9999,-9999,-9999,-9999,-9999,-9999,-9999,-9999,-9999,-9999,-9999,-9999,-9999,-9999
"22-09-2022",-9999,-9999,-9999,-9999,-9999,-9999,-9999,-9999,-9999,-9999,-9999,-9999,-9999,-9999,-9999,-9999,-9999,-9999,-9999,-9999,-9999,-9999,-9999,-9999
"23-09-2022",-9999,-9999,-9999,-9999,-9999,-9999,-9999,-9999,-9999,-9999,-9999,-9999,-9999,-9999,-9999,-9999,-9999,-9999,-9999,-9999,-9999,-9999,-9999,-9999
"24-09-2022",-9999,-9999,-9999,-9999,-9999,-9999,-9999,-9999,-9999,-9999,-9999,-9999,-9999,-9999,-9999,-9999,-9999,-9999,-9999,-9999,-9999,-9999,-9999,-9999
"25-09-2022",-9999,-9999,-9999,-9999,-9999,-9999,-9999,-9999,-9999,-9999,-9999,-9999,-9999,-9999,-9999,-9999,-9999,-9999,-9999,-9999,-9999,-9999,-9999,-9999
"26-09-2022",-9999,-9999,-9999,-9999,-9999,-9999,-9999,-9999,-9999,-9999,-9999,-9999,-9999,-9999,-9999,25,46,56,64,63,65,53,52,-9999
"27-09-2022",-9999,-9999,-9999,-9999,-9999,8,-9999,-9999,-9999,-9999,54,48,52,51,38,32,32,38,17,-9999,-9999,-9999,4,11
"28-09-2022",-9999,-9999,-9999,-9999,-9999,-9999,-9999,-9999,-9999,-9999,13,19,34,18,51,64,45,51,38,-9999,-9999,-9999,-9999,16
"29-09-2022",15,28,-9999,9,-9999,-9999,-9999,-9999,-9999,-9999,14,14,50,65,67,68,59,56,43,43,37,32,45,43
"30-09-2022",29,-9999,-9999,-9999,-9999,-9999,-9999,-9999,-9999,-9999,-9999,6,17,13,35,56,42,43,37,33,22,-9999,-9999,-9999
"01-10-2022",-9999,-9999,-9999,-9999,-9999,-9999,-9999,-9999,-9999,-9999,24,23,42,44,46,46,50,48,35,28,25,25,30,33
"02-10-2022",6,-9999,1,-9999,3,35,6,5,13,26,31,36,58,55,51,62,52,50,38,18,38,14,20,7
"03-10-2022",1,6,2,-9999,-9999,-9999,-9999,-9999,-9999,-9999,12,14,48,43,-9999,62,68,69,65,65,59,27,29,29
"04-10-2022",37,44,57,58,46,38,38,20,20,17,36,37,42,44,44,47,45,39,35,21,22,19,28,22
"05-10-2022",38,46,49,52,50,37,16,11,10,14,21,27,25,28,30,28,25,26,33,24,24,34,28,51
"06-10-2022",48,37,23,33,31,30,31,20,23,33,47,47,47,40,56,55,58,45,43,50,53,51,54,59
"07-10-2022",62,67,68,70,70,62,50,32,12,23,34,44,45,39,43,46,49,47,53,49,51,37,43,59
"08-10-2022",49,41,43,52,35,26,30,13,41,43,47,50,46,42,50,62,59,54,61,41,24,11,7,10
"09-10-2022",8,11,17,12,14,8,5,5,5,11,14,14,50,65,81,81,92,87,95,69,60,55,48,8
"10-10-2022",9,7,16,31,27,13,5,5,5,11,21,32,31,36,42,38,21,41,80,21,23,35,38,36
"11-10-2022",31,28,37,39,38,28,23,12,10,17,34,46,55,60,75,78,81,80,79,62,61,26,10,19
"12-10-2022",25,20,25,24,23,11,8,4,5,12,23,46,52,41,43,36,66,39,20,14,11,12,18,21
"13-10-2022",17,20,39,48,44,9,6,11,14,11,25,40,44,51,59,48,42,53,39,13,16,20,19,17
"14-10-2022",22,37,50,56,56,27,13,10,10,11,13,21,18,18,18,15,16,22,20,15,26,24,28,16
"15-10-2022",12,20,12,28,34,26,19,25,39,36,26,23,28,41,42,31,31,32,43,46,46,50,54,52
"16-10-2022",54,58,54,40,59,55,42,26,38,46,52,52,47,40,33,55,60,58,54,49,40,48,49,51
"17-10-2022",50,44,40,52,52,28,40,37,43,37,46,43,52,47,53,54,59,60,51,45,31,39,58,64
"18-10-2022",61,63,63,64,56,52,45,42,37,43,37,44,45,51,49,47,49,47,45,47,48,46,42,50
"19-10-2022",52,56,42,27,37,33,27,24,27,30,41,47,47,56,57,59,78,72,50,31,14,9,5,5
"20-10-2022",6,8,14,16,16,9,4,5,5,7,26,35,37,38,52,43,30,29,23,19,20,12,23,27
"21-10-2022",33,32,34,38,50,32,23,15,8,17,27,27,31,34,38,40,50,49,36,31,28,10,16,17
"22-10-2022",25,49,38,46,24,40,38,19,27,32,40,45,49,59,70,61,48,72,73,46,6,4,5,5
"23-10-2022",5,4,4,5,5,6,4,4,5,6,19,16,43,57,68,71,77,71,64,44,14,5,5,5
"24-10-2022",4,4,4,4,4,4,5,4,5,5,7,20,41,31,11,43,53,58,48,20,26,10,5,5
"25-10-2022",5,5,4,5,5,5,5,5,5,5,7,13,27,37,48,82,64,58,58,67,41,13,5,5
"26-10-2022",5,5,4,4,4,4,5,5,5,5,7,13,8,11,56,72,50,60,40,23,7,21,19,5
"27-10-2022",5,5,4,5,5,5,5,5,5,7,16,23,20,24,27,24,23,22,16,21,19,15,26,23
"28-10-2022",12,41,30,37,37,40,44,26,47,45,36,38,55,58,63,69,68,68,61,56,55,59,60,43
"29-10-2022",46,46,50,64,49,47,42,39,47,44,54,53,58,64,63,62,63,67,61,58,52,42,39,42
"30-10-2022",26,35,60,53,58,54,29,28,31,58,60,67,64,62,62,65,65,65,62,56,48,32,10,6
"31-10-2022",10,8,5,5,9,4,4,4,5,9,17,15,32,27,29,-9999,16,11,18,18,27,6,3,2
"01-11-2022",7,20,29,21,49,42,20,12,25,32,34,58,61,41,25,23,26,42,30,22,8,2,2,5
"02-11-2022",11,14,2,16,8,3,1,1,2,5,23,37,48,41,39,38,66,26,9,29,3,1,1,1
"03-11-2022",1,1,1,1,1,1,1,1,1,3,7,12,19,41,52,51,32,24,17,7,4,1,1,1
"04-11-2022",1,1,1,1,1,1,1,1,1,3,12,23,26,45,54,54,57,49,58,38,28,4,4,7
"05-11-2022",1,1,1,3,2,2,2,2,4,22,53,70,68,68,67,68,72,75,72,71,69,70,78,77
"06-11-2022",80,47,65,76,72,59,68,66,73,65,62,63,18,18,51,76,70,56,22,3,9,15,13,18
"07-11-2022",15,37,34,33,31,8,3,3,4,32,44,51,49,49,42,42,38,34,24,19,28,3,1,1
"08-11-2022",1,8,1,2,2,1,1,1,1,4,19,32,39,46,42,37,23,23,17,3,1,1,1,1
"09-11-2022",1,1,2,5,28,11,2,2,6,24,31,34,40,47,64,57,42,6,13,13,18,7,7,20
"10-11-2022",12,6,2,4,6,3,1,1,2,9,18,31,30,42,52,45,15,4,1,3,3,3,2,2
"11-11-2022",1,1,1,1,1,1,1,1,2,10,32,39,41,47,46,46,35,18,22,25,3,5,2,14
"12-11-2022",24,22,23,19,37,27,15,7,12,16,26,35,30,17,28,34,26,25,33,24,19,7,8,3
"13-11-2022",1,2,3,7,9,6,3,2,5,16,43,51,24,35,20,33,28,18,28,24,21,8,2,3
"14-11-2022",1,1,1,2,2,7,6,2,1,6,20,45,54,50,49,39,44,35,37,28,17,14,20,5
"15-11-2022",1,1,1,1,3,1,1,1,1,5,19,47,49,45,46,33,16,13,29,45,47,16,3,1
"16-11-2022",41,48,24,9,12,1,1,1,1,4,16,28,25,27,47,47,52,38,22,7,2,1,1,1
"17-11-2022",1,1,1,1,2,1,2,1,8,19,47,52,50,45,44,46,47,48,39,37,6,3,1,1
"18-11-2022",2,1,1,1,1,1,1,1,1,2,14,18,32,54,56,44,29,16,9,14,23,3,7,6
"19-11-2022",1,2,2,1,1,1,1,1,2,3,28,24,20,38,39,40,50,56,53,40,33,50,50,58
"20-11-2022",65,68,68,65,57,50,48,49,49,46,49,51,54,55,60,56,58,57,58,59,56,55,51,55
"21-11-2022",56,54,53,63,77,79,35,24,27,33,34,44,40,44,27,26,28,15,16,14,12,33,58,52
"22-11-2022",64,63,58,50,57,39,16,9,13,16,21,37,52,67,63,73,63,63,69,67,59,50,66,83
"23-11-2022",83,86,68,49,51,62,43,36,22,16,12,12,-9999,46,48,31,14,2,1,1,2,2,9,11
"24-11-2022",3,17,18,15,13,2,1,1,5,15,30,44,36,34,24,23,20,10,21,26,25,7,21,7
"25-11-2022",15,43,27,33,44,24,8,32,38,41,45,50,54,42,46,49,38,26,25,34,16,10,13,17
"26-11-2022",9,10,12,22,9,4,1,1,2,7,28,42,32,23,29,21,9,8,5,7,16,25,34,37
"27-11-2022",45,46,47,46,45,40,39,32,42,49,44,43,44,46,50,48,41,40,35,37,32,33,45,41
"28-11-2022",41,53,52,52,50,30,6,9,23,34,30,36,33,29,25,25,27,30,35,36,36,37,39,44
"29-11-2022",44,42,42,37,36,11,7,5,10,15,22,17,18,14,15,12,5,13,12,10,2,2,4,2
"30-11-2022",9,19,20,27,25,7,2,1,1,1,2,1,1,15,4,2,2,1,1,1,1,1,2,5
"01-12-2022",10,15,19,30,57,28,1,1,1,2,12,32,50,41,32,46,57,55,44,51,45,3,3,2
"02-12-2022",4,7,16,11,5,1,1,1,1,2,4,10,20,25,29,43,34,19,2,2,2,2,3,3
"03-12-2022",6,8,10,13,15,5,2,1,4,8,15,23,23,16,18,13,10,11,9,10,11,11,14,12
"04-12-2022",11,13,6,5,2,1,1,1,1,6,12,21,31,31,21,23,13,15,14,9,10,11,14,17
"05-12-2022",20,26,28,27,33,17,11,1,3,6,9,10,20,22,12,18,5,3,2,6,3,3,7,7
"06-12-2022",10,8,15,17,11,3,2,1,2,4,9,18,16,13,17,14,34,29,32,31,7,11,28,33
"07-12-2022",35,32,46,44,17,1,1,1,1,1,18,35,51,58,57,56,55,54,29,42,42,44,41,45
"08-12-2022",44,36,9,9,15,3,1,1,1,1,6,46,54,59,59,57,54,30,25,22,21,35,42,44
"09-12-2022",47,33,21,15,3,1,1,1,1,6,52,61,66,69,82,83,56,65,53,50,47,39,37,51
"10-12-2022",51,41,47,49,49,43,33,40,43,45,51,55,55,51,60,70,68,66,66,55,60,62,61,60
"11-12-2022",69,69,64,61,55,18,51,41,46,69,62,60,61,59,62,61,50,25,23,24,6,13,6,26
"12-12-2022",14,28,21,22,21,14,9,3,8,2,3,3,23,43,24,29,22,25,23,33,32,13,24,26
"13-12-2022",46,2,2,2,1,1,4,2,2,2,12,9,5,10,3,8,7,6,7,3,2,8,7,13
"14-12-2022",18,23,27,34,34,22,12,2,2,3,5,10,12,-9999,-9999,18,27,35,28,35,32,41,36,38
"15-12-2022",62,72,70,65,56,52,32,23,15,33,17,26,46,33,25,30,28,14,6,7,2,3,3,3
"16-12-2022",3,2,2,2,2,2,2,2,2,3,3,13,31,26,44,42,47,26,31,22,29,32,39,36
"17-12-2022",45,46,44,4,2,2,2,2,3,22,38,50,54,61,56,54,47,48,43,34,35,27,31,22
"18-12-2022",20,3,2,2,2,2,2,2,2,4,7,8,15,29,31,8,11,11,7,7,9,6,6,3
"19-12-2022",10,21,31,9,17,15,10,7,7,11,18,21,23,24,24,22,23,26,26,22,24,31,35,43
"20-12-2022",41,51,51,55,50,38,46,41,44,42,42,48,48,51,55,56,50,44,42,41,37,41,43,44
"21-12-2022",38,46,34,33,35,19,16,7,15,32,43,41,46,46,48,39,36,35,24,24,19,6,9,4
"22-12-2022",3,3,3,8,10,2,2,2,3,3,8,18,33,36,41,38,39,27,21,12,4,6,6,4
"23-12-2022",4,3,3,2,4,2,2,2,2,2,3,9,23,28,23,24,26,4,3,3,4,6,6,5
"24-12-2022",5,4,3,2,2,2,1,2,2,2,4,13,24,30,36,42,27,17,12,3,4,7,10,11
"25-12-2022",8,5,3,2,1,2,1,3,7,11,25,41,46,28,52,46,39,27,14,4,4,3,3,13
"26-12-2022",10,4,4,3,2,2,2,2,2,5,11,21,43,59,64,64,59,54,37,15,4,5,8,7
"27-12-2022",6,5,3,2,2,2,2,2,2,2,2,5,15,20,26,25,36,19,20,18,4,4,7,6
"28-12-2022",5,4,2,2,2,2,2,2,2,2,5,10,9,14,15,15,15,10,4,3,3,3,4,4
"29-12-2022",4,4,3,2,2,2,2,2,2,2,4,7,15,29,37,40,34,22,18,15,4,4,4,4
"30-12-2022",4,4,4,2,2,2,2,2,2,2,3,10,20,36,41,43,38,33,27,9,2,3,4,4
"31-12-2022",4,4,3,2,2,2,2,2,2,3,6,13,29,36,35,34,17,11,6,3,3,4,4,4
"01-01-2023",5,4,2,3,2,2,2,2,2,4,10,32,26,36,39,35,20,10,7,6,5,4,3,3
"02-01-2023",4,4,3,5,5,2,2,2,2,3,6,11,22,29,22,41,44,28,11,3,3,5,6,6
"03-01-2023",4,4,3,2,2,2,2,2,2,2,3,11,15,24,28,33,26,11,6,2,3,5,6,7
"04-01-2023",6,4,3,2,2,2,2,2,2,2,2,4,20,24,33,45,37,13,3,6,4,4,3,3
"05-01-2023",3,3,3,2,2,1,2,2,2,2,3,17,27,18,21,25,15,21,24,5,3,4,4,4
"06-01-2023",5,4,3,2,2,2,2,2,2,3,8,22,39,42,49,43,33,39,30,20,3,4,6,5
"07-01-2023",5,4,3,2,2,2,2,2,2,2,6,15,36,40,39,43,46,35,4,3,3,3,3,3
"08-01-2023",3,3,3,3,2,2,2,2,2,3,5,15,28,43,44,47,59,44,19,4,3,3,3,3
"09-01-2023",3,3,3,2,3,2,2,2,2,2,5,13,25,39,58,60,55,41,39,26,22,8,2,4
"10-01-2023",35,36,68,71,72,65,62,59,51,48,29,21,41,43,28,20,29,47,31,49,61,64,57,28
"11-01-2023",33,27,26,22,10,4,4,2,2,3,22,41,49,48,38,31,25,26,20,6,3,3,6,8
"12-01-2023",9,3,18,31,22,18,4,5,7,12,17,22,30,29,28,17,13,12,10,9,7,18,23,28
"13-01-2023",31,29,37,38,40,23,22,17,23,26,32,35,36,34,43,28,34,22,18,11,6,12,17,17
"14-01-2023",3,3,3,8,8,9,3,2,2,4,9,27,45,45,48,40,28,15,3,5,3,3,3,4
"15-01-2023",2,4,2,2,2,6,9,4,-9999,-9999,-9999,37,44,44,40,39,39,27,26,12,5,3,3,4
"16-01-2023",5,4,2,3,5,2,2,2,2,2,5,25,29,41,56,53,48,32,25,28,47,52,61,69
"17-01-2023",76,79,80,76,78,69,53,50,54,53,61,62,70,64,65,69,70,74,70,69,61,67,66,76
"18-01-2023",74,75,76,80,78,71,65,57,51,52,55,66,60,66,65,61,63,62,67,67,65,69,65,71
"19-01-2023",75,76,77,77,74,69,59,57,59,62,-9999,63,-9999,66,72,72,71,69,67,59,59,68,67,74
"20-01-2023",77,81,83,87,90,85,64,49,38,41,43,62,37,52,50,27,43,40,10,10,4,9,5,45
"21-01-2023",37,9,2,6,52,67,65,67,70,70,72,77,76,72,71,68,58,56,53,58,66,69,69,54
"22-01-2023",36,61,47,38,4,3,3,3,4,10,32,60,60,67,73,75,68,70,64,49,43,43,41,67
"23-01-2023",78,74,80,78,63,5,4,2,2,13,47,70,73,79,84,80,80,70,52,47,44,28,34,3
"24-01-2023",59,42,64,51,37,6,2,2,2,3,7,15,35,48,55,62,68,38,12,6,9,17,27,27
"25-01-2023",41,49,47,52,44,30,17,8,11,16,17,16,17,18,17,16,19,11,11,14,20,23,23,26
"26-01-2023",27,31,26,26,32,14,7,4,4,9,18,19,4,7,13,5,3,3,4,3,3,3,3,4
"27-01-2023",3,3,5,7,19,7,2,2,2,4,15,27,31,28,39,50,37,44,7,3,3,3,3,5
"28-01-2023",10,10,22,23,8,5,16,5,12,13,29,32,44,58,62,56,57,58,49,16,3,3,4,7
"29-01-2023",18,28,26,20,12,8,14,23,19,26,40,43,52,54,51,52,41,47,47,31,26,35,38,45
"30-01-2023",28,24,37,47,39,10,2,2,3,10,23,29,35,27,25,29,29,20,5,2,3,4,4,5
"31-01-2023",4,3,3,2,2,2,2,2,5,10,22,34,34,40,36,34,38,30,29,36,29,35,31,39
"01-02-2023",42,50,52,54,50,47,33,20,33,44,46,44,45,53,51,36,38,38,27,5,4,3,4,4
"02-02-2023",5,6,4,3,2,2,2,2,2,3,24,30,34,37,37,42,31,20,26,7,14,17,36,22
"03-02-2023",5,12,4,3,3,2,2,2,2,3,16,43,33,41,43,47,45,27,15,13,5,6,9,10
"04-02-2023",3,3,3,3,2,2,3,2,2,3,2,3,20,42,40,45,30,23,33,23,5,8,39,19
"05-02-2023",38,43,42,42,49,50,44,37,46,44,40,43,43,47,42,40,36,26,43,55,52,34,40,34
"06-02-2023",41,38,34,-9999,41,36,36,35,36,-9999,32,46,-9999,49,44,42,40,39,27,-9999,-9999,-9999,-9999,-9999
"07-02-2023",-9999,48,38,38,39,36,16,17,23,29,30,28,32,36,41,41,43,34,31,28,30,26,29,20
"08-02-2023",12,-9999,-9999,-9999,-9999,-9999,-9999,-9999,-9999,-9999,-9999,-9999,-9999,-9999,39,-9999,37,31,22,17,22,29,28,41
"09-02-2023",44,54,54,33,51,38,32,24,22,26,26,32,31,37,33,35,40,32,29,21,28,22,34,39
"10-02-2023",44,51,62,64,67,41,35,19,23,22,28,28,25,32,37,33,34,25,25,28,38,35,33,37
"11-02-2023",38,46,50,41,38,26,12,22,25,23,47,50,61,63,68,65,59,56,49,44,36,26,35,24
"12-02-2023",21,7,4,3,3,2,2,2,5,12,38,47,62,78,92,86,67,69,60,27,26,40,34,20
"13-02-2023",45,56,61,73,62,41,29,22,27,40,45,37,39,47,56,47,51,50,47,34,29,56,35,51
"14-02-2023",55,56,62,70,62,48,31,8,23,43,44,47,56,60,-9999,-9999,50,40,22,4,2,2,2,2
"15-02-2023",3,44,58,37,23,33,29,24,17,15,18,16,23,27,24,22,23,31,28,26,3,1,1,2
"16-02-2023",2,2,2,1,1,1,1,1,1,3,9,33,39,52,72,69,71,64,50,34,30,6,5,6
"17-02-2023",4,3,2,1,1,1,1,1,1,1,3,13,35,44,64,61,67,59,49,27,16,24,28,12
"18-02-2023",32,2,1,1,1,1,1,1,1,3,19,35,45,44,58,71,74,64,49,36,36,9,37,49
"19-02-2023",53,69,57,45,35,4,18,8,19,41,52,50,52,60,61,58,49,41,45,36,26,43,63,64
"20-02-2023",65,63,63,45,32,9,5,2,3,32,52,55,60,67,66,54,63,45,33,3,1,1,1,1
"21-02-2023",3,1,1,1,1,1,1,1,2,2,17,28,51,55,68,75,70,53,46,21,27,28,32,28
"22-02-2023",11,11,40,32,32,1,1,1,2,4,14,30,38,45,49,78,52,72,72,48,35,17,9,3
"23-02-2023",1,3,1,1,1,1,1,1,1,7,9,37,53,63,78,79,73,65,61,48,28,25,7,2
"24-02-2023",2,1,1,1,2,1,1,1,4,6,23,36,40,54,85,84,74,65,63,68,53,41,23,13
"25-02-2023",10,6,5,16,6,1,1,1,4,16,35,57,66,74,81,88,86,73,65,62,64,57,66,66
"26-02-2023",91,93,89,89,88,82,83,79,79,81,82,81,80,84,79,80,78,77,76,60,75,71,69,63
"27-02-2023",66,73,73,77,73,68,65,68,75,78,82,81,87,88,92,95,94,83,74,62,69,67,51,61
"28-02-2023",48,13,37,43,38,24,8,2,3,10,14,15,4,6,7,8,12,20,9,5,4,5,14,14
"01-03-2023",36,45,9,8,8,1,1,1,2,4,8,19,42,51,53,52,55,42,11,13,16,14,14,29
"02-03-2023",26,35,14,35,43,25,9,12,8,12,23,19,24,51,53,22,14,20,26,7,3,2,2,4
"03-03-2023",4,8,6,25,11,7,15,2,3,14,26,32,35,45,64,71,74,67,47,57,38,33,49,27
"04-03-2023",3,10,20,68,80,82,77,76,75,78,79,83,84,85,85,82,81,80,58,56,39,47,38,7
"05-03-2023",3,2,2,1,1,1,1,1,5,16,32,43,53,69,71,70,53,55,66,56,46,41,69,41
"06-03-2023",22,39,56,49,33,25,5,6,30,36,42,56,64,56,59,82,93,75,72,65,29,35,43,17
"07-03-2023",27,19,11,25,30,19,5,2,23,34,58,78,80,78,72,25,19,11,10,17,10,11,34,13
"08-03-2023",13,13,10,5,5,3,2,2,6,19,40,51,60,66,69,70,68,63,65,38,35,31,30,59
"09-03-2023",78,66,77,52,22,8,11,15,21,34,28,33,59,81,81,78,78,61,61,45,23,37,57,47
"10-03-2023",37,35,6,6,34,30,12,1,6,44,53,58,71,76,74,81,66,68,52,30,13,41,49,63
"11-03-2023",59,82,82,83,85,74,41,8,16,35,39,44,51,63,58,62,36,38,34,36,31,47,53,52
"12-03-2023",48,43,31,15,13,12,1,4,12,31,27,68,72,75,65,52,50,49,46,43,44,40,51,56
"13-03-2023",62,75,71,71,69,52,42,27,31,39,29,31,39,53,58,63,68,67,68,56,47,59,64,59
"14-03-2023",57,53,54,67,58,32,22,20,34,39,46,54,58,50,69,87,78,73,58,58,53,59,49,83
"15-03-2023",55,25,13,3,7,3,1,1,4,37,67,69,73,73,50,19,32,27,7,18,34,30,2,1
"16-03-2023",1,1,1,1,3,1,1,1,5,24,39,29,38,23,31,46,47,45,48,45,38,37,46,58
"17-03-2023",57,61,60,59,52,44,34,28,27,26,34,33,28,19,22,19,30,36,36,34,44,39,53,47
"18-03-2023",47,37,43,36,38,14,10,9,37,38,42,37,40,54,53,61,52,53,33,31,35,41,61,61
"19-03-2023",35,33,36,26,21,30,45,44,59,67,68,70,74,76,77,66,66,61,58,44,21,9,5,5
"20-03-2023",3,2,1,5,3,2,1,1,3,10,16,28,32,58,69,81,72,64,51,61,45,49,21,6
"21-03-2023",2,1,1,1,1,1,1,1,1,3,10,4,3,8,16,10,6,15,3,1,1,1,1,1
"22-03-2023",1,1,1,1,1,1,1,1,2,7,12,40,40,59,61,61,43,39,43,17,15,17,28,30
"23-03-2023",32,33,28,35,25,4,1,2,9,39,42,48,46,44,46,39,41,35,28,14,21,28,29,36
"24-03-2023",43,15,4,13,25,5,3,11,20,21,25,38,41,45,87,90,76,79,15,1,3,5,4,2
"25-03-2023",3,1,1,1,1,1,1,2,13,30,74,53,72,85,88,91,85,94,90,75,67,33,67,69
"26-03-2023",72,47,20,3,69,34,-9999,6,22,35,30,52,51,67,58,63,45,67,78,55,57,72,52,17
"27-03-2023",3,1,1,1,2,1,1,1,6,12,21,66,69,62,76,90,93,42,44,41,27,31,48,76
"28-03-2023",81,72,71,71,87,79,53,33,29,48,51,52,51,45,40,50,60,68,47,39,44,62,55,45
"29-03-2023",53,58,75,76,69,46,33,22,34,33,25,64,64,68,66,62,53,49,45,56,22,3,2,2
"30-03-2023",2,1,1,1,4,17,4,3,5,17,32,29,40,55,53,75,74,84,86,78,60,58,56,14
"31-03-2023",2,9,37,71,84,81,30,38,41,43,53,61,63,73,87,100,102,93,82,66,42,45,66,63
"01-04-2023",64,74,73,77,76,72,48,33,16,35,26,42,78,73,82,90,90,75,25,17,23,45,70,55
"02-04-2023",76,75,41,62,39,52,48,8,7,11,16,29,15,7,40,13,10,45,40,60,31,42,19,5
"03-04-2023",6,9,11,36,34,13,2,6,4,11,24,17,40,67,61,25,46,86,82,76,86,82,84,90
"04-04-2023",86,95,96,97,98,89,79,72,38,26,38,51,48,35,46,50,44,59,49,50,18,25,55,67
"05-04-2023",64,63,62,61,61,59,33,25,32,39,42,37,51,57,55,54,67,65,53,34,19,21,36,41
"06-04-2023",64,60,47,27,67,19,2,2,14,42,38,48,43,52,60,75,78,37,38,36,14,44,40,39
"07-04-2023",45,54,69,64,69,20,9,2,7,13,17,30,43,64,60,53,79,85,75,68,74,63,54,43
"08-04-2023",57,33,7,12,14,3,2,1,2,36,64,63,63,80,89,93,94,91,92,87,83,62,48,30
"09-04-2023",28,24,9,16,13,10,5,10,30,52,66,75,79,92,90,94,98,104,82,51,41,51,33,26
"10-04-2023",41,50,58,41,39,32,23,15,28,42,46,56,58,59,45,53,39,42,34,26,33,32,53,43
"11-04-2023",55,69,48,50,50,47,44,61,57,49,58,51,63,65,70,69,63,47,34,16,12,5,26,16
"12-04-2023",14,13,2,12,17,22,32,15,30,21,34,40,45,46,59,52,42,43,68,64,53,55,52,33
"13-04-2023",64,53,40,39,12,12,2,1,2,9,20,43,70,81,82,98,102,108,96,95,84,79,75,58
"14-04-2023",60,62,62,31,12,5,3,22,55,76,79,86,89,95,98,93,87,97,89,85,81,88,87,65
"15-04-2023",57,67,49,26,56,25,15,18,28,27,49,39,61,59,67,83,92,95,77,64,75,78,88,88
"16-04-2023",60,79,80,74,49,34,21,18,23,52,82,83,95,96,94,102,100,98,90,72,83,77,72,81
"17-04-2023",75,86,78,74,74,70,43,36,27,43,25,52,64,37,84,89,83,81,67,61,55,62,63,58
"18-04-2023",57,68,73,75,70,37,40,26,6,16,29,54,55,70,81,78,79,77,65,53,53,38,31,57
"19-04-2023",20,27,62,59,35,10,2,9,36,28,47,60,54,50,63,83,56,73,60,50,21,58,48,38
"20-04-2023",11,21,18,18,6,7,1,2,4,12,43,63,62,81,87,86,96,93,73,74,62,74,66,56
"21-04-2023",38,22,10,23,5,1,1,1,6,14,-9999,-9999,49,78,78,84,88,90,75,80,77,72,65,62
"22-04-2023",41,61,28,32,5,8,5,3,9,28,57,58,62,73,84,93,89,59,60,46,40,40,56,49
"23-04-2023",45,38,40,30,25,40,12,44,68,67,63,58,64,33,29,79,80,96,88,81,64,14,50,77
"24-04-2023",43,2,9,15,13,4,1,2,5,15,32,37,53,76,94,96,97,89,96,91,80,70,86,70
"25-04-2023",15,55,62,66,52,31,7,12,15,37,44,43,53,51,35,48,72,79,88,74,29,28,54,57
"26-04-2023",58,65,76,66,60,34,19,20,15,27,24,43,36,62,61,37,26,43,45,43,53,44,64,62
"27-04-2023",66,59,50,69,78,50,41,30,45,54,67,57,75,76,76,54,67,65,43,36,35,37,32,37
"28-04-2023",37,47,52,56,39,16,32,25,28,45,47,68,65,76,69,75,99,91,88,72,68,70,37,29
"29-04-2023",25,19,12,13,17,6,3,6,26,35,48,67,87,90,104,100,104,105,107,103,100,98,90,81
"30-04-2023",79,76,77,80,81,88,43,27,44,78,76,83,97,104,105,121,124,102,100,93,93,80,80,76
"01-05-2023",86,86,86,74,48,22,9,13,43,60,65,62,77,85,90,96,94,73,63,73,48,40,4,2
"02-05-2023",10,7,28,78,67,6,2,2,8,10,28,36,54,64,49,75,51,27,20,29,61,56,27,42
"03-05-2023",42,40,38,37,44,19,7,3,7,14,52,38,79,87,88,99,102,92,81,73,73,56,50,56
"04-05-2023",51,61,66,63,47,7,2,3,9,43,68,45,47,62,67,65,70,60,70,67,72,68,55,51
"05-05-2023",39,55,62,57,53,35,13,4,11,16,32,46,43,28,31,18,35,50,57,50,51,56,50,54
"06-05-2023",53,57,74,80,79,75,62,37,53,60,62,62,69,77,76,71,80,81,79,73,61,62,66,57
"07-05-2023",51,59,56,54,73,69,31,37,58,67,76,76,72,75,75,72,85,96,81,32,4,10,19,28
"08-05-2023",30,35,19,2,6,3,1,2,4,4,16,16,49,36,39,88,94,96,71,44,55,58,48,72
"09-05-2023",35,20,14,27,4,12,24,13,27,27,31,24,36,42,26,23,23,26,26,18,23,27,42,46
"10-05-2023",51,63,67,66,64,43,23,12,18,23,32,40,32,41,41,38,28,35,25,27,32,27,37,42
"11-05-2023",49,60,60,57,31,15,16,17,22,23,28,32,36,53,31,26,36,51,56,54,45,44,48,43
"12-05-2023",47,28,46,59,58,47,22,18,34,34,47,53,56,55,58,79,80,72,61,47,43,29,30,33
"13-05-2023",26,30,37,39,32,31,4,10,19,40,57,36,62,89,97,81,70,76,76,85,72,47,33,21
"14-05-2023",17,35,37,6,12,7,4,4,9,16,18,13,20,57,80,86,90,84,73,21,26,56,38,20
"15-05-2023",1,1,1,1,1,1,1,2,7,11,8,36,42,46,65,67,54,92,56,2,21,13,2,3
"16-05-2023",1,1,1,1,1,1,1,3,5,4,8,44,64,34,53,80,77,81,35,6,20,31,45,33
"17-05-2023",17,32,15,42,25,10,6,5,16,22,40,49,51,55,50,49,73,49,40,35,36,43,44,55
"18-05-2023",60,52,45,54,58,37,10,6,11,21,31,40,29,25,34,49,74,65,66,65,60,61,50,7
"19-05-2023",40,33,44,63,55,31,8,15,33,43,47,58,71,64,67,87,91,83,80,72,59,58,38,16
"20-05-2023",14,7,4,1,2,1,2,5,4,33,54,62,59,67,70,63,67,63,53,48,37,42,47,53
"21-05-2023",64,66,70,51,57,34,14,16,48,55,54,65,59,56,42,50,56,56,63,56,56,59,41,30
"22-05-2023",35,49,54,31,48,38,28,25,38,40,50,52,39,45,54,61,63,60,45,51,64,66,70,51
"23-05-2023",49,51,82,87,73,51,37,9,49,59,54,54,37,41,46,47,57,47,44,28,30,11,25,27
"24-05-2023",28,58,55,59,16,2,2,3,5,6,19,-9999,-9999,-9999,-9999,-9999,-9999,-9999,-9999,-9999,-9999,-9999,-9999,-9999
"25-05-2023",-9999,2,16,21,14,3,1,2,7,-9999,-9999,32,37,-9999,-9999,-9999,84,95,85,85,38,49,19,25
"26-05-2023",7,6,14,6,1,1,5,3,24,49,41,52,57,56,44,-9999,-9999,13,8,1,17,40,49,33
"27-05-2023",53,55,66,26,12,42,50,55,70,64,61,65,73,87,83,88,83,69,57,53,49,60,66,65
"28-05-2023",79,81,70,54,24,27,58,58,54,49,67,78,87,82,61,94,89,85,86,76,40,38,52,55
"29-05-2023",24,54,55,36,38,43,28,30,58,62,61,65,81,69,71,67,54,44,43,39,31,18,11,35
"30-05-2023",21,28,46,52,23,20,3,2,7,22,46,49,79,83,-9999,96,95,95,89,93,85,85,79,67
"31-05-2023",54,13,19,19,18,2,1,2,10,34,38,30,61,89,32,35,21,17,11,34,44,3,15,34
"01-06-2023",48,14,2,5,8,1,1,3,49,49,49,54,53,52,57,58,51,46,49,43,54,61,66,49
"02-06-2023",27,2,3,29,14,18,4,10,7,21,36,37,65,80,73,68,80,86,107,77,73,83,72,41
"03-06-2023",22,23,13,13,3,1,1,1,3,13,50,61,47,43,64,100,98,99,85,79,62,63,37,59
"04-06-2023",54,54,63,57,27,14,3,1,1,6,4,8,19,46,89,120,96,83,81,14,16,15,54,57
"05-06-2023",47,21,13,17,32,28,7,26,43,48,63,63,76,80,76,75,67,83,50,50,39,33,38,55
"06-06-2023",62,64,48,44,54,36,31,41,57,63,76,65,51,70,72,75,89,62,34,16,29,33,40,56
"07-06-2023",37,23,31,37,16,1,10,10,40,31,68,68,71,81,109,76,83,59,12,17,21,21,36,11
"08-06-2023",1,1,16,19,33,39,14,23,36,38,47,66,59,49,69,89,87,61,36,18,33,5,6,26
"09-06-2023",65,52,47,62,6,4,1,1,1,12,54,89,53,54,114,110,124,112,95,82,91,82,80,40
"10-06-2023",34,2,1,1,1,1,1,1,7,35,69,33,43,94,97,105,88,123,114,103,102,88,1,12
"11-06-2023",15,4,1,1,1,1,1,10,42,57,37,18,27,33,61,69,64,64,42,17,16,1,4,1
"12-06-2023",8,8,1,1,1,1,1,1,3,12,22,47,42,67,62,46,49,55,82,105,17,12,27,27
"13-06-2023",6,13,39,20,19,4,20,16,24,37,41,67,46,53,50,29,23,49,54,30,22,21,24,32
"14-06-2023",29,40,56,49,23,6,1,1,11,36,33,15,24,67,119,105,111,104,79,54,71,62,65,59
"15-06-2023",30,28,8,8,1,1,1,1,3,3,14,41,44,64,98,85,92,53,42,41,33,49,24,3
"16-06-2023",4,4,1,2,13,2,1,4,9,17,16,36,55,69,65,75,95,87,56,53,41,26,17,11
"17-06-2023",1,3,12,15,14,10,3,7,15,9,25,18,21,51,60,44,69,36,22,24,43,42,52,29
"18-06-2023",49,41,19,32,36,31,10,17,28,34,22,36,48,72,70,74,72,68,67,67,56,39,33,32
"19-06-2023",10,15,5,19,19,1,1,2,11,35,44,48,47,45,24,45,91,81,88,90,82,77,83,56
"20-06-2023",38,2,12,19,5,1,1,1,5,4,22,39,43,96,116,128,104,109,95,94,82,65,58,22
"21-06-2023",26,2,9,26,19,3,1,1,12,21,29,45,63,104,138,140,117,128,91,26,11,6,42,37
"22-06-2023",35,2,1,29,40,4,1,1,1,15,-9999,-9999,-9999,-9999,63,52,40,61,55,40,38,34,24,25
"23-06-2023",43,25,15,1,16,17,1,4,19,45,53,57,65,64,70,71,69,49,45,40,36,46,35,61
"24-06-2023",46,16,21,19,7,1,1,11,14,33,102,75,85,71,77,140,82,111,101,44,42,32,3,15
"25-06-2023",57,28,18,34,1,2,1,1,32,2,11,33,29,55,104,96,105,113,59,80,20,16,33,23
"26-06-2023",43,40,35,24,15,9,1,1,3,14,66,81,78,75,78,91,101,98,41,5,1,8,26,36
"27-06-2023",26,39,62,73,64,25,8,6,21,43,57,60,50,52,56,79,85,79,48,37,27,35,29,11
"28-06-2023",10,9,21,17,1,2,1,3,7,5,18,7,14,17,82,90,96,82,79,73,63,54,61,68
"29-06-2023",29,21,41,51,49,8,1,3,5,6,39,55,52,79,91,92,56,53,50,35,38,44,53,54
"30-06-2023",53,56,58,61,67,46,22,26,23,25,42,63,89,98,93,102,92,80,82,72,48,80,79,72
"01-07-2023",19,39,49,8,3,2,1,3,8,24,48,71,81,95,78,110,127,123,122,115,108,107,83,67
"02-07-2023",64,74,69,67,60,35,15,50,19,26,26,41,58,70,88,78,87,74,60,57,47,39,24,20
"03-07-2023",13,9,10,15,9,19,15,14,22,42,55,61,55,72,93,81,83,75,64,61,65,52,47,58
"04-07-2023",10,35,29,10,12,1,1,2,15,7,46,62,72,72,97,94,133,136,122,47,17,31,37,13
"05-07-2023",23,1,3,20,9,1,1,1,37,56,54,58,57,54,19,27,129,130,102,73,35,30,52,27
"06-07-2023",13,57,63,86,60,61,60,37,46,59,63,80,73,83,83,84,81,78,71,99,81,66,31,18
"07-07-2023",4,41,36,34,33,10,1,1,1,37,47,73,81,85,86,87,121,89,80,59,43,76,64,9
"08-07-2023",52,34,12,11,12,37,18,18,35,63,79,79,78,76,77,77,82,89,75,66,79,52,78,38
"09-07-2023",22,57,60,79,88,59,52,49,67,64,15,61,72,120,127,96,101,91,85,60,23,23,18,54
"10-07-2023",55,31,5,1,1,1,1,3,34,50,44,48,50,73,90,125,94,98,84,74,8,10,17,16
"11-07-2023",20,5,14,9,12,1,1,1,6,4,33,65,79,95,97,103,148,145,127,102,82,36,54,15
"12-07-2023",12,36,3,1,1,1,1,1,3,3,14,22,82,107,97,80,109,115,95,75,108,52,1,1
"13-07-2023",1,1,1,1,1,1,1,1,1,1,8,27,24,90,44,103,124,126,129,133,68,75,51,1
"14-07-2023",1,1,1,1,1,1,1,1,1,4,20,48,59,26,69,128,116,103,116,73,5,39,54,1
"15-07-2023",37,12,7,1,1,1,1,1,14,28,24,50,97,102,110,132,47,45,70,79,60,41,66,53
"16-07-2023",64,69,73,67,4,1,6,37,48,63,76,82,77,84,80,74,84,78,68,62,45,64,50,73
"17-07-2023",69,69,45,4,9,55,13,31,55,42,55,50,62,66,67,68,88,86,76,58,46,78,80,63
"18-07-2023",68,83,55,95,112,92,74,60,67,85,94,79,73,91,90,75,80,72,63,49,32,26,32,33
"19-07-2023",42,34,66,57,69,29,22,1,47,72,61,60,59,63,61,72,90,87,73,62,54,65,67,30
"20-07-2023",6,23,32,39,10,7,1,1,7,-9999,-9999,42,51,48,54,59,178,149,99,37,53,71,69,32
"21-07-2023",18,5,1,1,1,1,1,1,3,24,22,40,54,73,155,135,55,33,10,2,5,17,11,1
"22-07-2023",3,4,8,1,1,1,1,2,1,9,59,92,55,52,76,65,114,155,125,159,116,83,31,9
"23-07-2023",5,4,35,16,1,1,1,1,1,2,1,36,76,51,73,87,109,127,104,54,46,73,26,59
"24-07-2023",37,2,1,1,13,15,8,7,20,27,50,63,73,80,112,113,122,93,111,86,19,13,41,14
"25-07-2023",55,45,24,5,1,1,1,1,1,19,63,89,71,106,86,106,105,99,97,96,92,88,42,51
"26-07-2023",77,37,37,37,39,4,1,1,1,2,22,49,61,114,98,112,106,98,55,44,36,75,25,40
"27-07-2023",44,38,7,9,42,14,17,19,54,59,69,73,90,89,93,61,90,99,84,40,37,46,42,35
"28-07-2023",58,45,18,7,52,40,31,28,29,30,45,59,95,117,98,102,107,96,78,73,68,81,77,51
"29-07-2023",55,69,68,68,46,6,2,5,30,19,13,37,75,94,153,146,127,126,86,85,56,56,25,45
"30-07-2023",26,5,12,10,24,3,1,7,36,39,86,70,10,11,67,124,138,136,118,79,37,33,35,4
"31-07-2023",7,14,55,8,1,1,1,1,11,8,25,36,37,108,100,68,72,52,53,37,31,35,37,47
"01-08-2023",53,66,54,72,85,43,24,14,24,33,55,57,73,66,123,100,86,105,90,59,68,62,58,35
"02-08-2023",53,53,55,38,6,5,1,2,9,-9999,35,71,80,113,98,100,98,85,87,86,78,70,67,68
"03-08-2023",67,28,2,33,1,1,1,1,1,12,23,31,32,45,63,92,96,85,68,64,70,70,48,11
"04-08-2023",28,1,1,1,1,1,1,1,2,2,20,37,34,54,86,70,90,87,88,74,49,55,54,5
"05-08-2023",7,14,17,22,1,2,1,1,2,3,15,52,78,72,77,71,88,75,61,61,44,44,43,43
"06-08-2023",20,11,15,19,20,23,24,17,14,22,38,44,52,52,62,69,66,58,61,57,53,38,42,20
"07-08-2023",25,30,12,32,38,24,12,19,28,34,41,36,78,82,86,120,119,109,102,102,80,88,88,81
"08-08-2023",16,1,5,14,17,1,1,9,30,53,65,94,79,73,80,83,106,49,49,44,50,62,72,63
"09-08-2023",83,87,81,94,92,71,54,43,46,44,42,68,76,82,84,71,85,75,79,54,41,46,36,27
"10-08-2023",40,31,27,47,47,18,10,5,6,29,25,74,94,86,114,109,117,117,91,64,40,52,54,37
"11-08-2023",25,18,44,62,38,6,27,51,47,60,63,69,72,80,68,50,52,49,55,42,29,28,36,42
"12-08-2023",36,61,70,83,86,50,50,37,55,78,77,76,77,76,97,101,97,91,89,82,101,80,67,70
"13-08-2023",57,44,33,59,80,53,68,40,60,81,86,86,82,82,87,86,84,76,86,89,76,72,58,39
"14-08-2023",43,49,42,21,36,26,17,22,41,64,57,66,79,52,61,79,90,97,80,80,66,60,44,26
"15-08-2023",34,44,9,16,31,33,25,23,63,73,77,65,73,93,80,104,149,127,118,121,101,103,94,91
"16-08-2023",38,13,5,5,7,1,1,1,11,16,49,71,72,33,52,89,105,103,67,55,81,76,66,65
"17-08-2023",23,3,2,1,3,1,7,19,30,54,78,79,83,89,90,84,87,86,90,85,71,65,45,40
"18-08-2023",54,34,37,5,15,39,31,26,62,68,83,86,106,107,93,96,90,93,89,84,83,96,65,54
"19-08-2023",32,54,68,79,76,61,30,47,70,77,84,88,92,95,93,98,102,93,95,95,49,53,54,46
"20-08-2023",59,56,71,61,64,59,53,64,81,88,97,106,110,115,112,116,116,121,108,87,69,72,82,45
"21-08-2023",38,92,84,100,99,89,66,83,60,59,-9999,-9999,-9999,-9999,85,71,83,78,76,76,82,85,102,102
"22-08-2023",70,114,73,20,28,3,54,67,50,47,68,65,65,68,71,69,66,66,62,60,57,49,25,32
"23-08-2023",16,25,52,11,38,28,16,23,47,69,70,88,75,66,67,64,64,51,46,47,24,10,8,63
"24-08-2023",70,81,65,90,84,56,50,37,60,67,79,63,62,55,65,66,65,50,45,35,26,47,46,34
"25-08-2023",33,17,1,1,1,1,1,25,43,70,88,93,78,63,69,70,67,63,52,36,22,13,13,55
"26-08-2023",18,33,10,41,47,71,41,23,73,31,56,58,66,80,89,99,94,74,71,43,42,36,45,69
"27-08-2023",48,58,76,76,38,66,36,17,28,65,77,92,74,89,86,76,76,70,58,43,14,20,3,1
"28-08-2023",1,1,7,16,22,1,1,1,3,3,32,63,98,93,114,102,91,97,86,81,87,78,65,70
"29-08-2023",57,79,93,36,31,5,1,6,7,19,33,80,82,87,97,95,112,104,94,78,67,71,50,20
"30-08-2023",48,33,46,54,46,36,12,6,17,18,22,24,34,45,53,38,76,78,55,69,55,14,32,49
"31-08-2023",62,62,63,57,59,50,26,21,13,20,32,29,39,41,41,37,45,42,65,50,31,36,32,56
"01-09-2023",40,45,47,38,29,10,5,6,25,20,22,36,39,37,17,9,25,9,11,6,1,1,2,1
"02-09-2023",1,1,3,22,8,1,1,10,45,77,84,73,76,-9999,-9999,-9999,98,84,73,82,79,75,49,24
"03-09-2023",-9999,31,64,95,106,99,90,85,85,90,87,75,78,91,90,93,79,84,79,72,67,42,32,70
"04-09-2023",44,12,2,28,41,22,11,5,26,23,31,39,37,39,62,58,53,54,45,46,36,56,42,43
"05-09-2023",33,53,42,37,11,14,4,16,6,11,23,9,19,11,11,17,11,21,24,23,24,29,42,46
"06-09-2023",57,57,63,58,47,23,10,14,13,35,8,9,20,14,1,1,8,49,10,9,21,17,10,19
"07-09-2023",39,42,23,40,37,8,6,1,3,5,10,21,19,26,20,18,47,47,30,42,46,54,48,56
"08-09-2023",66,63,75,84,80,65,43,36,12,28,46,58,45,62,53,65,49,53,65,72,70,72,67,78
"09-09-2023",78,85,86,81,61,46,50,39,53,65,59,46,59,77,65,76,75,73,66,59,74,64,64,34
"10-09-2023",42,50,56,71,60,63,58,70,70,78,87,90,94,91,85,89,81,75,79,72,68,71,74,61
"11-09-2023",48,21,47,77,83,59,56,48,51,56,58,55,56,65,70,75,75,68,64,60,59,43,63,57
"12-09-2023",21,50,51,51,32,17,1,2,26,41,46,68,63,74,67,67,61,46,67,61,52,43,46,30
"13-09-2023",16,39,46,68,38,51,37,35,10,28,27,44,44,51,58,56,78,95,106,96,30,2,11,2
"14-09-2023",1,1,1,1,1,1,1,1,1,1,14,20,32,48,65,72,60,75,84,52,35,3,49,68
"15-09-2023",24,1,1,1,1,1,1,1,1,1,9,30,11,38,34,88,76,86,82,38,5,6,1,1
"16-09-2023",1,1,1,2,3,1,1,1,1,2,7,42,95,80,76,50,43,24,39,44,35,36,47,39
"17-09-2023",25,16,20,1,2,31,57,68,75,81,82,78,84,92,96,79,88,92,88,80,67,65,45,50
"18-09-2023",57,56,68,82,52,62,46,39,45,59,67,68,81,83,76,67,76,72,85,76,66,46,63,62
"19-09-2023",52,55,93,101,97,67,53,36,62,71,81,80,87,89,83,81,71,72,77,69,36,18,14,2
"20-09-2023",6,7,24,51,22,4,1,1,1,10,-9999,-9999,-9999,48,49,87,114,134,62,21,19,27,29,6
"21-09-2023",14,26,1,3,1,1,1,1,13,15,29,20,41,44,89,43,54,108,93,79,69,70,62,56
"22-09-2023",21,6,1,2,3,1,1,1,1,1,7,25,31,51,87,42,89,73,48,38,28,14,8,36
"23-09-2023",5,3,1,1,1,1,2,1,1,4,5,3,8,4,60,74,93,83,64,64,59,13,3,4
"24-09-2023",1,1,1,1,1,1,1,1,1,1,4,9,30,65,49,71,92,71,60,29,33,4,18,4
"25-09-2023",12,8,6,3,6,5,1,1,1,3,13,20,44,30,25,81,64,33,33,38,40,42,41,26
"26-09-2023",13,11,11,11,29,52,33,20,15,25,33,37,38,35,37,34,43,45,33,38,43,33,41,61
"27-09-2023",58,78,68,54,56,40,25,16,6,10,18,48,40,61,64,48,35,35,27,30,12,20,31,44
"28-09-2023",28,13,17,34,16,37,15,7,15,30,40,52,59,65,65,71,46,46,47,38,24,46,19,30
"29-09-2023",30,24,17,31,17,3,6,2,3,20,43,50,37,44,41,37,57,41,36,9,1,1,1,6
"30-09-2023",1,1,1,1,1,2,1,5,6,25,33,45,45,54,66,67,70,76,68,60,15,25,16,9
"01-10-2023",5,4,1,1,1,4,4,2,6,23,48,68,75,75,84,83,76,67,69,59,18,20,9,13
"02-10-2023",8,3,1,1,1,3,2,1,26,46,61,54,56,56,49,56,70,77,39,24,16,15,46,43
"03-10-2023",53,60,77,67,33,35,19,4,16,27,29,47,55,54,58,66,60,48,44,54,31,44,35,33
"04-10-2023",32,36,38,52,40,35,15,5,14,24,40,51,51,63,73,73,52,55,37,33,14,7,5,4
"05-10-2023",1,1,4,12,7,1,1,1,1,5,28,47,55,65,96,78,86,52,65,44,41,5,3,3
"06-10-2023",1,2,5,5,9,3,1,1,1,8,26,44,80,44,39,76,80,83,57,58,63,34,34,32
"07-10-2023",47,19,21,40,61,54,39,35,55,53,75,75,77,79,81,83,82,77,69,69,49,52,41,30
"08-10-2023",39,29,17,10,9,10,3,1,2,14,37,25,56,42,70,65,103,105,92,86,52,66,9,1
"09-10-2023",1,1,1,1,1,1,7,6,11,11,32,33,34,47,53,27,24,22,25,21,24,32,31,31
"10-10-2023",26,30,19,16,21,5,1,1,1,3,10,31,38,56,80,85,88,89,54,21,24,14,17,11
"11-10-2023",15,28,55,67,61,26,15,6,11,14,28,34,37,41,42,34,33,43,48,60,51,47,58,69
"12-10-2023",61,70,75,47,44,14,3,1,4,37,54,52,54,59,61,62,49,38,58,48,33,35,9,7
"13-10-2023",2,2,2,16,16,2,1,1,1,2,21,43,19,11,15,22,54,87,88,91,81,59,31,1
"14-10-2023",1,1,1,2,2,1,1,1,1,4,17,19,20,21,9,14,96,96,95,74,38,44,56,7
"15-10-2023",1,1,2,7,6,4,2,1,2,7,24,24,33,67,78,87,78,75,75,81,61,56,20,15
"16-10-2023",3,1,1,1,1,1,1,1,1,3,14,22,25,30,15,18,74,54,25,37,35,25,39,35
"17-10-2023",42,50,53,54,52,37,27,13,7,19,22,-9999,-9999,58,65,75,72,64,67,60,58,60,53,59
"18-10-2023",69,50,27,20,16,13,1,3,9,6,19,27,31,38,41,28,30,15,20,23,28,44,47,47
"19-10-2023",52,54,49,40,41,20,9,4,3,7,17,35,57,71,76,81,72,75,61,56,59,57,44,42
"20-10-2023",45,61,63,6,2,1,1,1,1,1,37,57,58,62,67,66,71,64,50,57,34,28,7,1
"21-10-2023",1,1,5,2,1,7,12,31,39,42,47,56,52,68,64,64,68,57,50,51,42,42,39,38
"22-10-2023",43,43,46,50,50,51,36,33,29,49,49,58,62,66,65,68,64,61,49,44,34,35,2,1
"23-10-2023",4,3,10,3,1,1,1,1,1,3,6,14,24,45,48,48,61,53,46,42,30,42,36,36
"24-10-2023",38,1,1,1,1,1,1,1,1,2,4,12,33,49,27,45,67,59,69,57,48,38,19,4
"25-10-2023",5,1,1,1,1,1,1,1,1,1,3,12,25,53,59,55,53,49,45,35,42,32,11,10
"26-10-2023",7,17,1,2,4,1,1,1,1,1,1,20,41,15,29,35,42,47,46,35,20,5,2,1
"27-10-2023",5,1,1,1,1,1,1,1,1,6,13,23,23,37,47,48,48,50,41,29,16,8,7,21
"28-10-2023",15,26,21,10,29,26,33,2,18,21,17,28,24,57,72,73,66,69,63,47,34,46,20,23
"29-10-2023",26,25,33,1,1,1,1,2,4,11,19,26,24,19,12,15,11,58,36,29,7,11,5,2
"30-10-2023",5,1,1,1,1,1,1,1,2,8,11,18,18,31,13,64,62,63,16,2,2,7,1,1
"31-10-2023",1,1,1,1,3,1,1,1,2,4,14,32,21,50,62,71,62,51,56,46,46,15,2,7
"01-11-2023",21,15,25,10,30,11,1,1,4,6,25,40,43,30,21,13,12,35,44,18,9,20,30,43
"02-11-2023",57,53,66,51,43,12,2,1,4,6,10,17,14,22,34,42,10,7,5,4,7,19,16,17
"03-11-2023",11,9,9,1,1,3,1,1,2,24,39,55,57,65,66,59,55,55,44,35,40,37,44,41
"04-11-2023",48,49,51,52,59,47,51,54,47,44,49,45,46,41,29,29,37,40,32,36,25,39,47,39
"05-11-2023",53,43,19,41,20,7,8,3,6,18,23,20,10,26,30,32,8,3,16,7,16,37,39,33
"06-11-2023",35,36,28,34,18,4,1,1,1,10,11,10,16,35,28,57,45,41,16,12,9,13,4,1
"07-11-2023",1,1,4,1,6,1,1,1,2,6,9,26,33,32,47,43,41,46,39,35,34,17,1,1
"08-11-2023",1,1,1,1,1,1,1,1,1,2,12,38,42,54,55,53,52,26,13,2,1,1,20,21
"09-11-2023",8,10,1,1,1,1,1,1,1,7,16,12,28,18,9,10,6,10,14,20,23,24,27,35
"10-11-2023",32,33,41,44,31,19,7,1,2,3,14,12,42,42,29,28,11,2,1,1,1,1,1,1
"11-11-2023",1,1,1,1,1,1,1,20,27,19,23,47,42,53,39,37,33,28,18,22,22,42,57,46
"12-11-2023",29,44,42,10,7,9,1,1,1,2,18,47,39,53,57,54,54,55,32,38,33,46,45,44
"13-11-2023",49,5,2,2,6,2,1,1,3,3,16,29,39,48,45,35,23,14,18,12,13,11,1,1
"14-11-2023",1,1,5,4,4,1,1,1,1,3,8,20,35,46,57,55,27,8,4,14,27,26,26,41
"15-11-2023",44,20,2,5,5,5,9,3,8,24,32,31,37,32,36,29,20,11,16,21,28,34,25,35
"16-11-2023",41,16,1,1,1,2,1,3,9,17,-9999,-9999,41,36,37,32,26,13,9,9,14,17,17,20
"17-11-2023",20,23,32,33,37,9,2,1,1,12,38,43,38,22,19,24,53,32,5,1,1,1,1,1
"18-11-2023",8,69,49,70,56,22,22,30,53,56,57,61,60,56,52,54,53,45,40,50,45,47,55,53
"19-11-2023",59,58,51,47,43,45,47,48,47,47,44,45,48,46,39,42,38,33,12,11,6,1,2,3
"20-11-2023",3,2,1,1,1,1,1,1,1,1,3,17,35,46,54,33,49,33,20,1,1,1,2,2
"21-11-2023",1,1,1,1,1,1,1,1,1,1,8,9,11,33,30,48,42,29,17,1,1,1,1,1
"22-11-2023",1,1,1,3,5,1,1,1,1,6,41,49,49,51,53,52,51,50,54,50,56,47,41,16
"23-11-2023",1,3,11,18,21,3,1,1,1,1,24,47,57,59,63,59,55,22,30,3,1,1,1,1
"24-11-2023",1,3,6,12,11,1,1,1,1,1,19,29,54,51,61,67,57,49,52,38,34,19,14,10
"25-11-2023",12,9,17,62,54,12,10,1,11,51,58,41,38,43,58,77,77,75,80,82,80,71,58,63
"26-11-2023",62,60,62,65,59,62,54,36,30,36,33,27,41,21,28,34,42,25,22,39,41,35,37,27
"27-11-2023",21,9,10,22,17,4,1,1,1,2,5,19,31,37,30,21,21,7,1,2,3,2,3,2
"28-11-2023",2,1,1,2,4,33,42,28,18,33,44,46,46,52,47,41,56,47,57,53,54,54,68,75
"29-11-2023",75,88,90,87,85,60,21,2,1,5,22,25,38,45,43,37,24,24,28,46,45,7,28,40
"30-11-2023",62,46,29,21,30,12,2,1,1,2,18,28,41,58,65,63,54,42,27,12,2,3,5,12
"01-12-2023",26,19,27,39,13,5,1,2,1,16,31,25,53,56,53,49,43,24,1,1,1,1,1,1
"02-12-2023",1,1,1,1,1,1,1,1,1,1,1,21,42,42,44,52,56,60,64,63,60,57,55,53
"03-12-2023",51,53,58,60,58,45,14,1,1,4,46,57,59,58,62,63,59,60,56,52,42,39,48,27
"04-12-2023",2,1,2,6,2,1,1,1,1,1,6,9,7,12,10,8,7,11,13,16,20,18,22,27
"05-12-2023",30,37,36,35,33,19,4,1,3,9,11,25,37,24,28,38,31,29,6,3,4,1,3,5
"06-12-2023",11,17,30,36,33,17,10,1,1,2,4,10,29,47,48,38,28,19,17,17,21,10,39,40
"07-12-2023",39,41,25,12,1,1,1,1,1,1,7,18,33,26,22,10,10,3,4,1,4,11,34,24
"08-12-2023",32,20,25,24,22,30,22,13,16,24,27,34,34,35,34,34,29,28,15,15,23,13,30,27
"09-12-2023",20,29,27,30,30,33,26,15,22,19,26,31,31,31,38,39,34,26,29,16,3,3,4,2
"10-12-2023",3,4,6,12,10,2,1,1,1,3,14,36,39,46,54,58,51,25,1,16,2,1,1,1
"11-12-2023",1,2,11,8,5,1,1,1,5,12,18,21,20,20,27,26,10,8,1,1,2,2,2,3
"12-12-2023",3,2,2,1,1,1,1,1,1,1,5,18,18,16,12,7,2,1,1,1,1,1,2,2
"13-12-2023",2,1,1,1,1,1,1,1,1,1,1,9,30,33,45,42,24,15,14,1,3,10,1,1
"14-12-2023",1,1,1,1,1,1,1,1,1,1,1,3,30,36,37,45,39,32,38,48,55,52,45,34
"15-12-2023",19,49,58,11,48,11,5,1,4,30,45,47,50,52,54,56,62,55,39,44,49,54,52,47
"16-12-2023",38,11,7,33,44,17,9,8,14,8,14,21,23,25,29,29,29,29,33,36,21,23,27,31
"17-12-2023",35,44,45,44,53,57,49,47,38,31,30,23,26,30,41,47,49,37,36,37,35,33,31,35
"18-12-2023",36,36,29,37,40,29,22,15,24,18,21,21,33,38,39,36,30,20,15,13,17,11,3,4
"19-12-2023",9,8,4,3,7,1,1,1,1,1,2,13,12,8,12,7,10,1,1,1,1,2,3,3
"20-12-2023",2,1,1,1,1,1,1,1,1,1,1,5,30,14,4,19,6,1,34,34,31,31,32,32
"21-12-2023",56,31,17,20,23,4,1,1,1,1,4,9,10,17,16,20,25,15,10,5,4,2,1,1
"22-12-2023",2,2,2,1,1,1,2,3,1,7,12,20,9,8,18,20,14,19,13,20,23,27,46,34
"23-12-2023",19,19,16,4,6,1,1,1,16,12,39,34,40,51,54,52,38,26,36,28,21,41,44,51
"24-12-2023",53,58,51,37,18,48,38,14,37,15,13,34,32,29,20,19,11,2,9,4,3,2,4,5
"25-12-2023",4,4,3,1,1,1,1,1,1,1,6,15,25,32,50,64,57,20,1,1,1,3,4,4
"26-12-2023",2,3,2,1,1,1,1,1,1,1,3,25,36,28,34,61,49,42,33,20,1,4,1,1
"27-12-2023",3,5,5,14,3,1,1,1,1,1,2,-9999,-9999,13,16,16,7,1,1,1,1,1,1,2
"28-12-2023",2,2,1,1,1,1,1,1,1,1,1,5,13,12,20,22,18,8,1,1,2,2,3,3
"29-12-2023",1,1,2,1,1,1,1,1,1,1,3,15,19,22,34,47,31,11,1,1,1,8,12,3
"30-12-2023",3,2,1,1,1,1,1,1,1,1,2,5,16,18,11,9,4,3,2,2,1,3,2,1
"31-12-2023",3,2,1,1,1,1,1,1,1,1,4,6,9,28,28,40,33,9,4,1,1,1,1,2

