"01-01-2021",19,30,16,17,9,15,19,19,19,21,22,14,14,10,13,10,11,14,14,17,34,89,115,109
"02-01-2021",119,78,74,67,44,25,22,17,20,30,40,28,27,33,34,26,27,30,44,65,62,38,29,22
"03-01-2021",35,28,25,33,27,30,30,31,28,29,28,30,32,31,34,34,37,35,27,32,41,34,34,27
"04-01-2021",34,35,35,30,30,29,33,37,34,45,40,40,44,51,52,53,47,46,48,34,28,31,13,13
"05-01-2021",15,12,11,13,15,15,17,27,42,32,32,23,16,26,15,10,17,12,20,31,46,55,81,96
"06-01-2021",102,142,92,81,51,60,61,58,46,54,42,38,29,20,21,19,12,16,11,15,10,20,17,12
"07-01-2021",26,121,118,83,61,42,53,55,60,64,75,90,58,40,26,23,25,20,23,25,38,33,66,27
"08-01-2021",29,48,62,83,49,43,47,61,68,87,96,31,31,31,42,54,58,56,60,52,56,56,61,57
"09-01-2021",55,50,58,56,52,53,48,62,54,60,67,77,70,80,74,92,92,91,86,88,89,99,105,129
"10-01-2021",129,134,156,135,125,113,94,107,107,119,118,91,79,48,39,42,46,68,72,63,54,53,61,57
"11-01-2021",59,61,44,40,48,48,40,55,59,55,63,66,77,87,81,84,85,112,100,80,76,76,79,76
"12-01-2021",69,71,69,73,78,74,73,82,85,90,110,112,108,110,107,114,71,42,55,41,28,31,20,15
"13-01-2021",16,17,8,12,12,12,21,25,29,32,28,16,14,26,30,30,19,22,21,15,19,21,18,18
"14-01-2021",17,16,15,16,10,6,15,13,13,30,26,14,19,11,10,15,12,20,15,20,24,16,22,9
"15-01-2021",15,8,12,14,17,5,2,13,21,15,22,26,23,18,22,33,23,25,23,21,26,23,30,23
"16-01-2021",22,21,16,15,12,11,11,8,8,7,7,11,14,16,7,8,8,14,11,10,9,15,13,15
"17-01-2021",10,9,10,16,11,12,16,17,22,18,24,19,17,19,15,17,11,16,19,24,23,32,38,45
"18-01-2021",68,81,61,36,42,27,27,26,18,23,25,27,23,22,20,23,24,22,21,20,31,30,20,26
"19-01-2021",20,20,13,17,20,29,45,45,58,62,65,48,28,19,33,23,23,16,20,23,28,32,38,21
"20-01-2021",20,27,29,21,47,67,67,60,69,68,71,45,32,22,14,15,15,11,13,29,84,106,117,143
"21-01-2021",176,189,192,107,74,59,-9999,71,71,76,85,66,30,19,11,9,13,18,18,15,39,117,129,180
"22-01-2021",196,182,143,95,75,54,62,57,70,74,99,81,43,23,19,17,16,15,14,13,17,12,15,10
"23-01-2021",13,8,6,10,10,13,14,17,14,14,15,15,21,23,16,20,21,18,25,18,21,23,21,23
"24-01-2021",18,31,6,9,7,10,12,14,18,19,27,26,19,17,20,21,17,13,18,20,22,16,22,19
"25-01-2021",25,28,23,19,23,17,15,17,18,15,17,22,17,20,24,25,18,26,22,20,28,20,23,19
"26-01-2021",24,23,26,17,27,28,20,21,23,21,24,25,28,50,33,31,29,31,36,-9999,-9999,-9999,-9999,-9999
"27-01-2021",-9999,-9999,-9999,-9999,-9999,-9999,-9999,-9999,-9999,-9999,-9999,-9999,-9999,-9999,-9999,-9999,-9999,-9999,-9999,-9999,-9999,-9999,-9999,-9999
"28-01-2021",-9999,-9999,-9999,-9999,-9999,-9999,-9999,-9999,-9999,-9999,-9999,-9999,-9999,-9999,-9999,-9999,-9999,-9999,-9999,-9999,-9999,-9999,-9999,-9999
"29-01-2021",-9999,-9999,-9999,-9999,-9999,-9999,-9999,-9999,-9999,-9999,-9999,-9999,-9999,-9999,-9999,-9999,-9999,-9999,-9999,-9999,-9999,-9999,-9999,-9999
"30-01-2021",-9999,-9999,-9999,-9999,-9999,-9999,-9999,-9999,-9999,-9999,-9999,-9999,-9999,-9999,-9999,-9999,-9999,-9999,-9999,-9999,-9999,-9999,-9999,-9999
"31-01-2021",-9999,-9999,-9999,-9999,-9999,-9999,-9999,-9999,-9999,-9999,-9999,-9999,-9999,-9999,-9999,-9999,-9999,-9999,-9999,-9999,-9999,-9999,-9999,-9999
"01-02-2021",-9999,-9999,-9999,-9999,-9999,-9999,-9999,-9999,-9999,-9999,-9999,-9999,-9999,-9999,-9999,-9999,-9999,-9999,-9999,-9999,-9999,-9999,-9999,-9999
"02-02-2021",-9999,-9999,-9999,-9999,-9999,-9999,-9999,-9999,-9999,-9999,-9999,55,27,18,14,11,22,26,22,29,32,39,84,102
"03-02-2021",94,73,59,58,39,35,43,54,73,67,79,48,50,37,32,24,23,24,25,32,33,33,45,61
"04-02-2021",61,106,109,98,84,66,48,29,22,27,23,23,18,24,20,21,24,21,25,27,22,23,39,35
"05-02-2021",70,65,52,55,51,38,52,72,70,73,72,63,53,38,35,29,23,16,25,27,32,42,51,52
"06-02-2021",61,65,64,84,89,62,75,76,69,73,72,51,46,26,18,21,27,21,25,32,41,47,58,77
"07-02-2021",112,137,130,130,101,82,72,70,64,65,59,60,29,35,38,29,27,25,26,28,23,34,34,31
"08-02-2021",-9999,36,22,22,21,20,25,28,27,27,27,40,44,43,46,44,63,58,30,30,18,21,23,20
"09-02-2021",19,14,17,25,26,22,36,50,57,87,51,24,23,20,21,25,56,70,73,87,101,98,52,37
"10-02-2021",45,37,35,35,35,45,59,38,50,55,31,30,23,29,18,23,24,21,23,25,34,40,49,63
"11-02-2021",69,66,59,58,47,57,48,53,72,106,96,84,92,102,87,52,36,35,30,20,22,18,20,24
"12-02-2021",14,22,18,14,22,23,18,29,59,64,34,26,27,18,16,20,20,17,21,30,42,40,36,39
"13-02-2021",27,23,19,20,22,19,21,28,33,33,29,37,33,27,39,27,26,20,21,20,25,32,27,37
"14-02-2021",25,12,11,16,6,8,9,7,6,5,6,9,7,10,8,12,15,16,13,17,12,10,9,12
"15-02-2021",10,7,6,8,9,9,9,10,9,11,9,11,16,9,14,19,13,9,15,14,19,21,21,17
"16-02-2021",17,16,7,6,6,17,11,13,17,13,22,17,20,17,23,22,15,22,18,20,20,23,28,23
"17-02-2021",24,20,21,21,22,19,25,34,45,24,25,32,26,33,29,28,28,24,32,47,86,162,215,234
"18-02-2021",218,199,140,125,81,64,65,78,97,108,100,72,66,28,25,19,21,24,29,34,55,58,58,54
"19-02-2021",62,87,102,101,86,70,70,77,91,114,98,45,27,25,24,18,19,18,23,38,53,74,88,109
"20-02-2021",111,89,75,63,52,38,41,47,55,70,73,53,29,29,19,18,21,23,23,27,45,74,73,79
"21-02-2021",69,43,33,38,34,23,22,22,18,15,68,45,34,25,21,26,18,22,21,28,32,35,26,27
"22-02-2021",24,19,26,27,47,59,75,84,106,96,51,48,59,32,34,34,31,23,30,32,41,59,76,68
"23-02-2021",65,73,86,85,54,44,39,56,66,88,87,64,41,32,24,25,25,23,28,37,47,86,103,132
"24-02-2021",143,103,109,86,64,45,52,61,61,63,73,53,45,32,37,46,43,44,46,44,39,38,40,38
"25-02-2021",39,38,32,32,30,31,37,34,42,51,54,54,45,51,54,42,48,39,41,40,37,42,49,42
"26-02-2021",42,31,27,33,31,32,31,42,65,55,51,53,52,48,42,47,46,38,36,40,39,36,48,60
"27-02-2021",85,80,60,55,67,57,63,59,73,62,48,47,49,49,43,42,39,42,40,44,45,39,73,89
"28-02-2021",105,124,119,105,103,87,84,86,77,73,79,65,59,54,38,29,23,23,19,17,17,15,13,24
"01-03-2021",24,15,14,32,27,19,28,29,46,44,35,29,22,21,21,20,23,19,25,17,27,42,38,31
"02-03-2021",31,34,27,21,24,16,21,16,30,26,24,20,20,24,24,17,16,17,18,19,21,15,11,20
"03-03-2021",21,14,14,10,15,13,14,20,27,30,28,26,27,29,25,18,26,23,17,19,24,21,18,27
"04-03-2021",29,39,35,37,31,34,28,42,68,60,48,20,20,23,32,16,16,14,20,19,18,44,75,82
"05-03-2021",117,87,130,124,103,84,37,43,80,50,35,23,22,18,17,20,22,23,17,15,14,37,28,25
"06-03-2021",21,20,21,17,27,18,19,25,41,28,21,23,24,19,20,21,25,27,22,21,22,32,42,38
"07-03-2021",34,27,27,23,23,16,18,23,20,15,18,23,14,15,18,22,21,17,24,26,17,26,38,34
"08-03-2021",33,33,33,27,22,22,23,31,42,30,17,22,18,20,17,17,15,16,18,16,21,24,23,15
"09-03-2021",18,17,17,21,21,36,36,38,40,38,39,30,23,23,22,27,28,26,33,30,38,40,39,23
"10-03-2021",31,27,25,25,20,26,27,36,53,51,45,40,28,33,23,25,32,26,26,28,41,38,34,33
"11-03-2021",27,24,12,19,18,14,26,24,29,35,45,30,75,34,41,28,42,23,20,12,12,12,20,26
"12-03-2021",19,10,35,24,20,22,33,40,60,47,31,19,23,19,16,19,16,20,17,15,21,20,45,56
"13-03-2021",84,92,93,83,57,40,50,57,55,54,34,24,21,25,17,19,23,24,23,28,22,26,37,48
"14-03-2021",39,41,64,76,74,66,49,45,68,59,64,39,33,20,24,24,21,21,20,25,28,28,29,37
"15-03-2021",39,44,31,26,17,19,21,23,39,37,16,17,15,17,17,17,14,33,24,22,16,18,9,8
"16-03-2021",10,12,19,15,19,11,14,22,20,18,17,20,21,23,18,24,21,19,23,16,17,19,20,15
"17-03-2021",15,6,10,12,9,10,19,13,33,26,21,23,15,13,20,22,21,20,23,25,20,19,22,14
"18-03-2021",19,19,11,11,9,11,16,20,29,19,18,18,21,16,10,13,14,12,15,15,14,19,37,21
"19-03-2021",14,13,11,10,27,16,22,29,55,47,24,14,19,19,20,9,10,8,9,19,27,35,31,29
"20-03-2021",25,29,25,26,20,24,24,24,21,23,26,33,17,27,28,21,12,18,21,25,35,35,37,35
"21-03-2021",33,35,33,22,21,19,29,27,26,24,28,30,22,28,22,30,31,30,39,37,47,64,85,76
"22-03-2021",62,52,61,58,42,38,39,48,60,70,35,26,27,16,19,20,21,21,23,22,19,21,19,18
"23-03-2021",15,11,17,15,15,14,19,19,33,23,24,14,16,12,34,21,16,16,18,26,11,10,37,20
"24-03-2021",11,17,12,10,12,15,22,23,17,25,21,16,20,16,17,22,26,27,22,16,23,23,20,18
"25-03-2021",15,9,8,6,6,5,18,10,16,14,14,12,10,17,9,14,8,12,23,13,23,26,34,25
"26-03-2021",25,10,18,21,24,41,48,41,49,35,16,19,13,13,9,17,16,14,14,19,10,14,18,39
"27-03-2021",84,79,66,49,47,42,37,42,52,34,25,31,29,24,14,17,14,14,19,17,20,15,-9999,17
"28-03-2021",31,79,94,91,75,70,58,66,51,50,40,37,33,25,24,22,20,23,23,24,24,24,25,36
"29-03-2021",60,59,82,65,57,48,54,70,77,76,80,51,39,37,26,30,23,24,21,28,32,40,35,33
"30-03-2021",27,17,17,17,10,18,27,30,36,37,36,36,35,27,30,26,22,27,18,19,20,24,19,22
"31-03-2021",22,19,20,19,11,17,16,25,33,36,32,35,20,18,21,19,9,11,16,20,21,28,30,27
"01-04-2021",31,25,25,20,24,26,28,28,34,40,35,34,39,40,37,25,22,22,37,29,39,37,37,48
"02-04-2021",45,57,66,66,51,41,69,61,80,64,64,41,38,35,29,24,17,20,22,23,24,28,36,27
"03-04-2021",27,20,26,23,30,31,41,43,66,36,32,36,29,25,25,22,21,26,22,31,38,38,33,39
"04-04-2021",38,34,31,38,32,31,32,30,31,27,37,31,22,25,34,39,44,45,55,47,53,66,60,65
"05-04-2021",64,53,54,53,42,44,40,48,96,79,60,56,51,50,46,42,46,63,43,27,30,32,28,35
"06-04-2021",36,24,23,22,26,22,48,51,54,50,54,59,64,60,61,57,55,66,54,44,41,27,31,27
"07-04-2021",23,22,25,27,16,17,16,19,31,35,23,19,18,17,22,26,27,26,35,33,34,37,44,32
"08-04-2021",39,35,27,18,27,30,29,43,41,35,31,21,34,27,35,36,29,21,16,17,27,22,24,19
"09-04-2021",17,19,14,10,7,21,18,20,34,22,22,25,21,18,20,17,20,17,23,17,12,18,17,19
"10-04-2021",18,15,17,16,16,25,39,34,45,39,31,20,18,15,17,11,11,13,13,16,17,19,16,15
"11-04-2021",15,27,34,47,35,38,34,34,48,41,32,29,22,20,20,15,15,13,12,18,16,12,18,12
"12-04-2021",26,27,24,33,25,27,39,46,66,59,58,52,28,24,21,15,17,14,14,14,17,23,20,18
"13-04-2021",24,29,27,55,34,34,40,54,73,66,50,46,31,32,25,27,-9999,-9999,-9999,-9999,-9999,-9999,-9999,-9999
"14-04-2021",-9999,-9999,-9999,-9999,-9999,-9999,-9999,-9999,-9999,-9999,-9999,-9999,-9999,-9999,-9999,-9999,-9999,-9999,-9999,-9999,-9999,-9999,-9999,-9999
"15-04-2021",-9999,-9999,-9999,-9999,-9999,-9999,-9999,-9999,-9999,-9999,-9999,-9999,-9999,-9999,-9999,-9999,-9999,-9999,-9999,-9999,-9999,-9999,-9999,-9999
"16-04-2021",-9999,-9999,-9999,-9999,-9999,-9999,-9999,-9999,-9999,-9999,-9999,-9999,-9999,-9999,-9999,-9999,-9999,-9999,-9999,-9999,-9999,-9999,-9999,-9999
"17-04-2021",-9999,-9999,-9999,-9999,-9999,-9999,-9999,-9999,-9999,-9999,-9999,-9999,-9999,-9999,-9999,-9999,-9999,-9999,-9999,-9999,-9999,-9999,-9999,-9999
"18-04-2021",-9999,-9999,-9999,-9999,-9999,-9999,-9999,-9999,-9999,-9999,-9999,-9999,-9999,-9999,-9999,-9999,-9999,-9999,-9999,-9999,-9999,-9999,-9999,-9999
"19-04-2021",-9999,-9999,-9999,-9999,-9999,-9999,-9999,-9999,-9999,-9999,-9999,-9999,-9999,-9999,-9999,-9999,-9999,-9999,-9999,-9999,-9999,-9999,-9999,-9999
"20-04-2021",-9999,-9999,-9999,-9999,-9999,-9999,-9999,-9999,-9999,-9999,-9999,-9999,-9999,-9999,-9999,-9999,-9999,-9999,-9999,-9999,-9999,-9999,-9999,-9999
"21-04-2021",-9999,-9999,-9999,-9999,-9999,-9999,-9999,-9999,-9999,-9999,-9999,-9999,-9999,-9999,-9999,-9999,-9999,15,17,9,17,15,19,14
"22-04-2021",25,14,14,16,16,18,30,42,51,52,55,46,26,20,9,9,15,11,11,17,10,16,13,18
"23-04-2021",15,24,13,14,17,35,37,34,31,21,9,27,22,23,14,18,13,14,10,10,17,16,25,28
"24-04-2021",18,15,11,15,12,9,12,12,10,13,34,20,14,14,17,19,12,11,9,10,10,10,16,26
"25-04-2021",35,15,16,9,14,17,8,16,19,12,11,18,12,16,20,27,26,28,27,22,24,18,17,19
"26-04-2021",21,22,26,31,17,27,32,36,64,46,35,31,32,26,36,20,27,18,18,27,26,35,27,20
"27-04-2021",29,22,28,28,25,29,39,54,62,51,68,44,30,27,28,22,23,27,16,17,19,25,24,24
"28-04-2021",36,31,34,38,38,32,49,51,80,79,32,21,24,27,27,24,32,25,27,31,35,35,38,38
"29-04-2021",50,51,50,47,54,45,65,88,61,75,75,68,63,49,50,45,51,44,43,39,38,51,53,64
"30-04-2021",53,47,36,44,45,58,71,83,83,71,91,67,55,65,62,44,41,37,39,35,32,42,39,44
"01-05-2021",57,49,49,58,52,44,59,50,76,63,64,56,44,49,42,47,52,44,28,33,33,39,92,37
"02-05-2021",62,54,54,59,44,51,64,69,69,77,49,60,47,58,63,52,57,48,39,46,42,48,64,48
"03-05-2021",54,43,45,59,71,66,86,94,82,80,66,56,61,42,42,42,30,39,38,43,40,46,46,45
"04-05-2021",52,54,41,51,50,52,57,42,43,41,31,28,36,30,31,30,29,30,29,29,34,29,26,30
"05-05-2021",33,34,34,26,29,28,44,47,66,62,45,42,32,33,27,27,33,34,28,24,28,26,29,35
"06-05-2021",29,25,20,21,20,26,21,29,36,31,27,30,23,20,33,29,27,24,23,14,21,41,32,37
"07-05-2021",37,54,38,27,31,38,46,64,67,58,74,47,37,31,23,25,11,20,14,19,27,21,30,22
"08-05-2021",22,22,18,17,20,26,26,42,56,49,52,37,34,22,32,33,28,32,28,46,35,36,38,32
"09-05-2021",40,27,28,30,32,32,22,25,48,34,32,32,37,27,20,21,18,23,22,20,19,20,19,22
"10-05-2021",14,22,30,22,15,17,22,26,38,33,37,36,25,26,29,25,33,28,21,19,16,21,26,22
"11-05-2021",20,20,10,15,12,15,19,18,36,28,25,26,31,23,32,33,25,21,20,24,22,26,28,24
"12-05-2021",17,12,7,15,12,20,20,35,62,68,44,29,28,28,21,18,22,17,18,16,18,18,20,22
"13-05-2021",18,16,22,16,21,29,36,48,53,46,47,37,30,24,27,27,27,21,24,24,27,29,42,28
"14-05-2021",28,22,23,22,15,21,24,26,31,27,32,38,32,18,21,25,30,18,23,26,23,20,20,17
"15-05-2021",21,17,20,20,18,19,26,39,38,33,35,30,23,29,19,25,22,22,18,23,24,30,25,38
"16-05-2021",33,19,17,19,14,13,16,25,15,25,16,17,12,15,15,11,15,8,20,23,20,22,34,23
"17-05-2021",23,18,19,19,20,24,30,27,42,41,27,32,22,19,16,19,16,16,21,17,20,17,18,19
"18-05-2021",20,24,21,18,20,17,22,28,40,42,34,32,29,24,23,28,17,18,16,28,29,29,33,28
"19-05-2021",32,22,30,24,31,34,27,50,55,67,41,33,31,24,28,22,20,26,27,27,28,29,29,31
"20-05-2021",23,41,54,47,26,53,21,27,33,34,35,28,33,38,52,87,51,86,44,35,31,34,61,41
"21-05-2021",27,21,16,20,21,17,15,21,28,20,17,20,19,27,20,23,16,14,14,14,14,21,17,16
"22-05-2021",26,15,12,14,12,16,23,36,34,26,43,31,23,21,21,25,19,15,15,14,17,17,19,23
"23-05-2021",21,14,10,15,19,25,22,26,38,46,31,25,33,21,17,17,22,19,20,33,23,24,29,21
"24-05-2021",33,45,40,42,44,46,45,52,63,99,76,60,60,50,57,36,30,26,27,20,9,36,36,32
"25-05-2021",46,52,41,54,38,49,65,73,51,35,38,39,49,55,48,45,52,61,50,54,47,47,51,32
"26-05-2021",30,39,40,40,38,32,47,48,72,94,49,56,45,66,60,45,36,30,34,44,40,56,34,30
"27-05-2021",34,26,30,27,32,33,47,44,60,67,47,39,38,33,39,25,37,34,34,22,24,25,21,21
"28-05-2021",22,25,25,28,23,22,32,37,50,47,42,26,33,35,28,31,33,26,29,34,27,27,28,36
"29-05-2021",29,35,47,28,30,22,28,32,40,29,23,29,30,25,28,19,17,16,13,15,20,17,17,21
"30-05-2021",16,12,21,14,21,16,22,28,23,28,17,22,27,22,27,15,16,16,13,16,21,16,18,15
"31-05-2021",13,18,15,17,19,27,34,36,53,29,32,28,30,27,27,26,23,23,20,22,18,16,18,17
"01-06-2021",32,25,15,11,16,10,13,22,30,20,21,19,19,24,17,16,10,21,19,25,23,24,48,24
"02-06-2021",21,16,20,9,6,10,13,18,34,28,23,17,15,14,17,21,15,22,15,15,15,16,14,17
"03-06-2021",18,15,14,20,25,24,22,37,37,31,38,40,21,25,21,18,19,20,21,24,23,14,22,19
"04-06-2021",18,23,22,34,26,17,23,25,41,34,37,35,30,24,32,31,24,24,22,28,26,20,28,30
"05-06-2021",34,23,21,19,11,12,24,32,36,29,36,30,30,24,20,22,21,20,19,22,25,19,24,22
"06-06-2021",23,23,23,26,32,31,32,42,39,53,38,40,50,27,32,26,25,20,26,28,25,22,23,27
"07-06-2021",23,23,22,27,22,30,42,50,68,60,57,44,43,47,34,32,36,18,28,26,28,31,27,25
"08-06-2021",28,23,32,28,21,24,34,50,52,45,40,31,34,24,29,21,17,22,18,22,21,27,39,29
"09-06-2021",32,23,22,24,27,19,31,29,34,33,22,35,34,26,25,23,38,35,34,34,32,31,21,12
"10-06-2021",26,17,15,10,15,16,18,27,33,27,25,25,26,25,30,23,25,27,32,31,26,12,32,28
"11-06-2021",30,31,37,32,34,37,58,63,53,58,41,31,25,33,27,27,34,29,31,26,35,46,66,68
"12-06-2021",60,62,48,41,40,39,48,64,72,34,32,24,25,21,20,16,24,12,22,22,19,26,26,25
"13-06-2021",41,28,17,22,12,11,31,30,24,27,30,30,20,19,17,20,12,14,14,16,19,23,18,27
"14-06-2021",25,28,33,20,13,12,16,23,32,44,33,31,28,32,31,21,19,17,22,17,17,19,23,15
"15-06-2021",22,24,15,23,16,17,11,21,42,41,29,19,24,11,9,20,18,17,18,18,18,16,19,16
"16-06-2021",19,17,23,19,29,21,31,45,52,34,29,24,19,23,17,20,20,14,19,28,20,22,22,24
"17-06-2021",32,38,29,31,33,37,47,62,55,47,55,50,47,42,24,23,30,26,29,17,23,16,20,21
"18-06-2021",40,22,23,20,24,32,38,41,71,74,77,36,25,28,19,16,21,23,22,20,16,21,19,25
"19-06-2021",23,26,27,51,31,29,44,30,60,49,38,38,44,32,39,21,27,25,25,27,26,26,25,27
"20-06-2021",27,26,34,28,42,44,39,38,59,44,39,42,38,31,37,27,30,23,20,23,25,23,30,22
"21-06-2021",32,22,23,33,27,43,50,59,54,57,49,40,48,28,20,16,16,10,19,20,26,26,25,24
"22-06-2021",25,29,17,17,22,23,20,34,54,35,33,17,29,34,18,-9999,31,26,22,22,29,34,31,33
"23-06-2021",32,32,29,25,27,22,27,27,44,-9999,-9999,-9999,-9999,-9999,-9999,-9999,-9999,-9999,-9999,-9999,-9999,-9999,-9999,-9999
"24-06-2021",-9999,-9999,-9999,-9999,-9999,-9999,-9999,-9999,-9999,-9999,50,-9999,75,93,89,68,42,49,49,41,42,47,48,44
"25-06-2021",41,51,63,57,62,59,66,81,87,108,96,91,83,79,60,51,57,42,50,43,52,45,45,49
"26-06-2021",65,64,69,83,71,78,69,90,111,84,76,79,76,84,72,66,65,55,67,74,62,57,63,68
"27-06-2021",71,83,64,58,67,59,52,50,43,45,45,61,84,73,56,47,46,40,44,48,59,48,48,45
"28-06-2021",54,44,37,40,50,44,50,55,59,66,55,43,45,59,46,47,49,40,33,40,56,41,45,32
"29-06-2021",47,42,44,36,30,26,31,39,38,55,49,57,49,43,35,26,33,31,33,29,37,31,32,34
"30-06-2021",26,35,29,42,44,44,47,59,87,61,68,59,58,57,60,56,43,32,29,25,32,25,29,24
"01-07-2021",26,20,28,31,37,43,71,90,109,85,55,50,65,76,67,44,27,36,38,46,59,57,80,135
"02-07-2021",220,120,91,88,57,60,63,68,90,59,58,56,41,39,39,39,35,22,23,35,35,36,44,42
"03-07-2021",49,43,42,35,36,28,35,47,41,32,28,37,35,30,35,32,32,30,27,23,26,30,29,31
"04-07-2021",21,23,35,28,31,27,38,35,55,25,26,21,30,40,23,20,17,16,19,19,22,30,26,23
"05-07-2021",18,19,16,22,25,18,28,30,56,41,38,28,31,38,31,19,23,25,25,25,21,18,23,25
"06-07-2021",26,33,31,34,40,44,40,44,61,47,35,35,45,41,37,32,27,23,26,24,22,27,30,30
"07-07-2021",33,31,34,24,34,38,37,49,46,67,68,54,33,43,38,38,41,38,28,-9999,42,32,30,32
"08-07-2021",30,29,27,31,26,25,31,32,37,44,47,40,40,38,39,40,35,24,29,38,29,28,32,29
"09-07-2021",35,21,23,21,18,18,34,32,38,27,30,35,38,28,30,33,23,20,25,25,28,27,28,31
"10-07-2021",29,30,34,30,27,35,34,30,88,59,34,39,31,29,31,23,22,22,14,14,13,19,25,27
"11-07-2021",22,38,38,28,27,33,26,31,42,29,22,31,28,28,25,27,17,26,22,19,16,17,22,27
"12-07-2021",30,32,29,34,31,39,40,46,44,60,53,45,31,29,25,28,28,30,35,28,18,30,23,29
"13-07-2021",36,43,26,20,31,32,40,41,51,61,60,64,51,39,45,47,42,36,26,29,31,32,38,34
"14-07-2021",34,29,38,37,32,38,58,42,66,65,45,46,39,37,42,42,42,33,36,41,38,34,36,28
"15-07-2021",36,28,27,32,34,38,44,57,64,53,46,38,41,39,31,31,37,32,31,30,37,40,43,48
"16-07-2021",43,45,43,43,48,44,44,61,93,62,59,66,60,46,44,37,41,38,36,42,45,47,45,43
"17-07-2021",44,45,46,40,31,38,45,54,68,55,59,47,38,35,36,42,33,33,30,31,33,31,37,35
"18-07-2021",36,29,39,32,35,31,30,37,48,59,59,40,30,30,28,24,32,27,28,29,32,31,28,33
"19-07-2021",26,28,31,24,33,33,32,32,41,46,53,44,33,34,33,30,24,14,25,28,22,22,24,25
"20-07-2021",26,27,26,26,26,29,30,33,46,38,29,36,20,22,20,27,27,16,17,24,15,15,22,17
"21-07-2021",17,21,32,24,22,25,35,41,53,46,37,38,50,33,39,50,31,29,24,31,29,35,36,36
"22-07-2021",33,27,30,32,32,24,29,33,44,55,47,40,47,41,36,32,29,32,32,37,33,30,36,36
"23-07-2021",36,27,21,24,22,19,25,34,35,42,37,37,29,35,26,27,24,21,20,28,24,25,23,27
"24-07-2021",29,28,21,19,19,18,22,32,36,37,30,32,39,33,37,32,34,21,29,25,22,24,27,29
"25-07-2021",35,26,24,27,28,27,23,23,25,27,23,25,25,24,23,27,24,13,21,20,20,24,24,21
"26-07-2021",26,28,29,25,28,27,29,30,44,44,42,30,33,30,26,27,22,20,12,23,26,22,18,20
"27-07-2021",28,20,23,23,26,25,34,36,60,36,36,38,38,38,26,29,29,28,23,26,26,30,38,38
"28-07-2021",29,34,20,20,19,25,27,33,43,42,42,42,41,34,43,38,34,38,36,32,36,33,34,29
"29-07-2021",31,29,26,35,39,29,37,45,57,59,58,71,49,43,42,54,59,48,45,46,67,68,77,86
"30-07-2021",82,62,68,82,83,76,92,101,149,151,118,86,79,86,77,99,67,55,54,58,72,59,49,56
"31-07-2021",58,96,107,101,72,70,97,86,86,142,100,84,73,78,92,92,72,75,58,49,52,56,53,64
"01-08-2021",74,76,64,83,96,89,80,67,87,93,69,69,75,81,62,61,69,61,64,78,72,71,82,82
"02-08-2021",66,71,102,97,85,84,88,114,89,76,113,87,77,70,69,53,53,55,51,55,50,46,53,57
"03-08-2021",95,108,104,98,80,75,76,103,127,96,102,91,83,69,62,61,63,61,73,72,78,66,76,84
"04-08-2021",113,79,67,81,107,204,147,201,164,127,205,97,79,76,74,62,54,59,62,80,64,48,47,54
"05-08-2021",75,55,76,74,-9999,-9999,-9999,-9999,-9999,-9999,-9999,-9999,-9999,-9999,-9999,-9999,-9999,-9999,-9999,-9999,-9999,-9999,-9999,-9999
"06-08-2021",-9999,-9999,-9999,-9999,-9999,-9999,-9999,-9999,-9999,-9999,-9999,-9999,-9999,-9999,97,76,75,55,51,74,70,48,63,59
"07-08-2021",56,55,54,57,38,50,60,62,89,61,39,36,30,20,28,43,80,105,44,39,43,32,34,31
"08-08-2021",39,39,33,32,38,36,54,71,63,48,27,25,46,35,21,28,24,21,27,25,35,27,34,38
"09-08-2021",24,30,33,45,38,46,59,59,46,70,53,47,52,42,40,27,31,27,14,25,22,20,21,27
"10-08-2021",37,29,38,42,44,59,67,72,111,65,83,79,67,60,41,38,45,38,28,30,48,30,22,23
"11-08-2021",42,37,47,34,53,52,67,81,100,86,76,48,53,29,32,35,31,30,25,45,60,69,63,57
"12-08-2021",55,62,117,29,24,31,33,45,60,40,53,43,30,31,37,31,23,18,15,23,25,25,24,20
"13-08-2021",27,24,24,26,23,18,29,25,28,26,27,27,35,27,26,29,28,21,24,23,29,27,22,28
"14-08-2021",30,30,28,24,24,22,25,24,29,29,34,28,24,20,25,21,28,25,17,10,14,18,18,17
"15-08-2021",21,24,15,25,20,19,19,26,21,18,24,19,21,17,18,15,20,15,14,19,18,17,10,16
"16-08-2021",20,18,22,25,21,14,20,22,39,27,19,16,26,21,21,22,19,16,21,19,27,21,25,24
"17-08-2021",26,23,14,17,24,15,35,36,37,43,55,48,47,41,24,19,22,28,27,27,27,24,22,37
"18-08-2021",27,28,19,22,29,47,62,68,61,72,43,39,42,52,43,36,32,24,29,25,31,27,27,24
"19-08-2021",38,32,32,33,29,38,53,48,39,48,67,38,30,28,35,45,27,36,40,38,38,40,38,40
"20-08-2021",35,34,24,27,22,28,37,38,33,33,29,35,35,35,32,26,26,27,25,29,27,23,27,30
"21-08-2021",26,23,26,17,30,20,28,37,32,28,23,25,23,15,23,14,17,18,21,20,20,17,25,19
"22-08-2021",16,17,23,25,19,24,27,26,26,20,27,23,23,19,35,28,27,19,15,22,21,26,27,24
"23-08-2021",30,29,21,17,23,19,32,32,37,35,36,24,27,25,32,28,27,29,19,22,21,30,28,26
"24-08-2021",39,39,48,26,28,24,28,26,38,33,34,31,36,27,30,33,33,25,30,18,15,23,27,26
"25-08-2021",35,26,25,26,24,19,39,41,47,45,39,31,26,39,-9999,29,22,26,25,31,32,27,30,36
"26-08-2021",32,30,23,22,33,41,47,61,91,70,52,51,36,42,33,34,29,27,37,33,48,40,39,33
"27-08-2021",32,42,48,57,51,46,43,52,71,57,76,74,51,49,45,49,43,41,44,46,35,44,64,48
"28-08-2021",38,33,37,30,36,40,35,36,46,51,42,56,40,44,43,27,23,29,31,30,33,34,28,30
"29-08-2021",41,40,39,30,27,28,31,37,40,29,26,39,54,40,22,17,41,28,25,29,33,30,38,50
"30-08-2021",34,34,34,34,31,33,40,34,38,41,35,47,28,26,25,20,24,20,25,24,21,27,34,36
"31-08-2021",38,36,33,38,28,41,55,43,59,40,40,37,38,25,32,36,22,31,27,28,27,36,35,29
"01-09-2021",31,38,42,35,27,24,40,42,53,51,41,38,38,36,29,30,34,25,27,29,27,33,33,29
"02-09-2021",42,38,32,34,23,24,30,28,34,39,40,35,37,33,39,36,30,33,34,35,34,37,33,34
"03-09-2021",31,34,29,24,21,26,25,28,39,38,36,35,32,40,34,38,36,31,32,32,31,35,29,34
"04-09-2021",28,23,23,21,22,26,29,32,44,42,38,27,31,35,34,33,41,28,27,29,28,34,28,29
"05-09-2021",33,30,29,28,16,20,20,23,28,27,28,29,29,33,30,32,30,25,33,33,29,28,28,20
"06-09-2021",31,23,28,24,22,20,28,20,32,39,42,39,65,43,47,43,35,38,34,42,32,35,26,28
"07-09-2021",26,37,28,23,25,30,35,32,38,44,48,40,46,39,40,43,44,39,38,28,29,35,31,39
"08-09-2021",34,34,34,33,27,35,40,48,47,50,45,43,37,31,36,33,28,17,32,9,17,16,9,8
"09-09-2021",13,19,6,12,9,10,11,12,27,19,17,21,24,21,25,25,24,30,32,26,28,32,33,26
"10-09-2021",31,22,31,21,24,14,25,29,34,47,35,43,36,34,28,24,24,23,17,22,26,24,17,23
"11-09-2021",15,42,34,44,30,35,45,41,54,38,33,27,28,27,45,24,26,26,27,31,30,30,30,39
"12-09-2021",51,43,37,36,30,25,31,34,48,38,43,39,47,40,42,51,42,52,48,38,39,44,48,42
"13-09-2021",42,43,46,50,43,31,34,41,58,52,49,52,54,44,51,46,44,35,30,32,24,24,28,27
"14-09-2021",30,38,34,38,36,43,39,41,69,57,57,57,52,46,49,44,35,38,39,29,40,49,46,45
"15-09-2021",47,46,46,45,40,42,61,69,61,80,67,79,69,59,79,47,47,44,48,44,47,53,44,38
"16-09-2021",51,48,45,49,44,38,43,59,75,89,92,98,48,44,46,42,42,40,37,43,44,42,51,61
"17-09-2021",56,54,53,53,50,46,58,62,82,93,71,51,51,48,44,45,35,31,29,36,33,43,32,35
"18-09-2021",38,25,33,29,31,31,44,45,64,74,63,59,49,45,133,89,72,63,60,42,45,42,52,37
"19-09-2021",38,37,41,36,35,34,41,51,67,46,55,39,50,43,44,45,44,47,49,58,52,62,77,81
"20-09-2021",55,47,56,42,38,41,47,69,60,80,66,59,48,52,90,61,50,40,58,56,68,63,54,45
"21-09-2021",49,51,43,43,48,38,48,64,111,65,77,67,41,43,43,34,36,39,34,34,28,41,48,42
"22-09-2021",36,35,32,27,30,30,36,47,46,51,54,46,45,37,43,41,36,33,35,29,35,36,37,37
"23-09-2021",35,27,26,19,37,27,12,24,54,37,29,31,17,23,27,32,29,21,27,21,24,19,22,25
"24-09-2021",22,15,21,7,21,20,27,41,53,61,41,25,25,26,24,15,20,22,17,22,18,20,25,42
"25-09-2021",78,47,56,40,41,38,36,40,43,46,53,54,43,34,26,25,27,21,17,23,28,35,26,18
"26-09-2021",31,71,68,38,34,38,33,53,34,26,26,22,23,33,15,22,29,27,22,40,36,37,44,40
"27-09-2021",30,38,48,42,38,37,41,69,69,80,51,58,45,34,55,28,37,20,29,45,58,55,46,31
"28-09-2021",41,43,38,42,31,23,36,41,49,70,53,46,48,41,35,41,40,40,50,38,37,39,38,38
"29-09-2021",32,27,25,25,26,26,34,47,44,51,51,43,40,37,37,36,33,43,41,39,34,32,29,27
"30-09-2021",35,35,25,22,24,24,25,30,35,35,42,42,54,39,35,37,27,27,34,27,27,25,28,31
"01-10-2021",24,28,90,27,32,27,33,31,46,47,34,29,27,30,38,45,39,36,38,38,36,25,27,24
"02-10-2021",25,26,22,25,20,28,20,30,33,33,27,32,29,37,32,35,34,29,20,29,27,21,21,18
"03-10-2021",18,22,20,21,18,21,21,26,24,32,30,23,23,22,19,20,16,20,18,19,25,24,22,29
"04-10-2021",24,27,26,22,22,20,19,28,38,34,34,27,33,28,26,33,26,28,33,27,26,25,32,40
"05-10-2021",32,29,17,19,20,18,27,37,36,45,60,31,36,34,38,32,35,39,37,45,36,39,32,37
"06-10-2021",33,29,26,26,24,36,35,37,39,42,47,43,34,36,40,38,38,38,41,40,36,37,28,29
"07-10-2021",19,19,21,18,21,24,18,33,43,37,42,30,33,31,27,24,25,32,31,28,48,43,38,46
"08-10-2021",42,43,33,30,26,30,34,61,72,57,69,23,20,20,27,33,42,67,39,38,38,37,49,22
"09-10-2021",20,9,8,16,19,22,21,47,72,47,38,31,28,27,18,19,19,17,20,20,17,19,27,40
"10-10-2021",44,36,29,33,31,34,38,41,46,49,45,33,34,31,24,22,23,10,19,12,15,38,22,13
"11-10-2021",23,39,38,20,25,28,30,42,60,55,44,47,41,22,34,36,28,30,33,22,27,48,76,90
"12-10-2021",62,58,42,38,53,35,52,78,69,43,34,26,27,29,33,27,19,23,17,17,17,30,28,52
"13-10-2021",37,32,30,24,27,26,43,51,65,62,67,49,29,24,20,13,15,13,15,18,19,25,23,28
"14-10-2021",39,17,130,28,16,38,42,47,69,34,43,35,44,25,33,27,26,32,17,28,31,31,29,44
"15-10-2021",41,40,22,17,16,22,21,34,37,39,41,37,30,29,25,37,30,31,27,13,15,28,-9999,-9999
"16-10-2021",-9999,-9999,-9999,-9999,-9999,-9999,-9999,-9999,-9999,-9999,-9999,-9999,-9999,-9999,-9999,-9999,-9999,-9999,-9999,-9999,-9999,-9999,-9999,-9999
"17-10-2021",-9999,-9999,-9999,-9999,-9999,-9999,-9999,-9999,-9999,-9999,-9999,-9999,-9999,-9999,-9999,-9999,-9999,-9999,-9999,-9999,-9999,-9999,-9999,-9999
"18-10-2021",-9999,-9999,-9999,-9999,-9999,-9999,-9999,-9999,-9999,-9999,-9999,-9999,-9999,19,19,28,40,17,20,36,50,60,38,36
"19-10-2021",35,35,31,28,19,23,47,53,63,56,56,42,35,31,31,28,35,43,33,38,36,34,37,38
"20-10-2021",45,41,37,29,31,24,38,65,49,71,84,45,36,33,36,26,26,26,26,41,40,36,38,41
"21-10-2021",43,37,26,26,26,27,36,55,64,72,74,40,33,33,27,27,26,24,20,30,31,27,46,64
"22-10-2021",46,42,39,34,35,44,46,66,78,81,78,44,29,28,21,26,21,21,19,23,26,19,27,21
"23-10-2021",32,27,31,44,34,40,35,54,52,67,63,41,35,24,24,32,28,15,24,23,23,30,33,29
"24-10-2021",39,29,37,37,36,48,45,48,44,47,49,38,40,38,42,35,28,25,30,33,33,38,23,16
"25-10-2021",20,17,26,11,13,22,36,25,32,24,44,38,34,33,35,31,54,145,144,178,29,23,39,22
"26-10-2021",20,24,19,16,12,18,25,27,34,37,33,34,32,36,28,35,22,30,31,30,30,32,21,23
"27-10-2021",21,18,19,15,19,14,23,37,65,49,35,38,31,29,21,23,24,25,31,37,38,29,34,25
"28-10-2021",18,25,18,20,25,28,28,33,28,31,25,22,26,24,31,28,19,24,26,29,23,26,22,25
"29-10-2021",30,25,25,27,25,33,33,48,56,76,49,32,36,42,28,25,33,27,21,28,23,26,21,18
"30-10-2021",23,26,25,22,20,25,24,27,45,29,30,30,35,34,39,31,38,42,39,44,46,38,36,40
"31-10-2021",35,35,29,27,23,17,21,25,30,48,32,30,35,38,38,35,38,32,35,38,45,27,32,26
"01-11-2021",30,26,30,29,38,37,54,77,100,86,53,45,40,31,29,30,25,24,30,28,28,36,44,57
"02-11-2021",57,60,48,41,39,28,26,21,34,27,27,28,36,37,45,47,42,40,46,46,39,48,47,34
"03-11-2021",33,38,27,20,27,27,60,64,88,68,62,43,42,29,26,29,28,23,25,39,44,60,71,85
"04-11-2021",78,58,40,38,41,35,45,60,85,101,76,27,30,29,31,30,28,29,32,39,33,37,50,74
"05-11-2021",72,74,47,40,44,108,71,84,103,90,48,44,44,35,48,39,40,28,27,32,35,38,48,45
"06-11-2021",63,72,73,77,66,55,56,50,60,62,88,94,70,73,66,64,64,69,69,82,86,80,133,149
"07-11-2021",144,116,128,93,51,35,49,48,60,50,49,54,60,58,58,59,57,50,50,57,58,58,64,67
"08-11-2021",78,77,61,59,49,43,55,72,86,80,84,68,62,52,43,48,45,44,51,50,54,57,58,55
"09-11-2021",66,58,75,55,62,61,69,74,90,86,91,80,74,72,74,74,71,67,59,61,68,63,74,65
"10-11-2021",65,53,54,46,35,56,44,43,39,52,51,48,41,39,36,43,34,28,29,26,28,24,34,26
"11-11-2021",19,24,24,20,24,23,24,22,28,-9999,31,42,39,32,37,51,32,34,31,25,22,21,21,17
"12-11-2021",23,21,21,18,20,20,24,32,59,34,43,40,35,30,37,38,35,27,32,45,46,43,45,54
"13-11-2021",54,43,40,39,29,30,32,32,49,42,40,34,29,21,24,37,33,31,30,34,54,74,73,75
"14-11-2021",83,75,59,54,49,41,42,39,55,55,53,51,41,25,29,31,33,35,34,52,59,60,57,60
"15-11-2021",60,51,41,29,35,32,42,49,83,68,64,51,48,47,48,49,49,53,48,58,58,57,50,50
"16-11-2021",50,42,41,32,36,33,37,36,32,71,64,48,46,43,43,45,39,48,38,39,38,38,33,35
"17-11-2021",32,27,23,25,25,27,33,46,60,64,204,73,53,45,33,43,38,46,45,40,39,41,33,32
"18-11-2021",36,29,26,18,26,23,32,32,42,46,47,55,34,37,29,29,33,24,21,24,35,28,50,48
"19-11-2021",48,34,29,24,22,17,23,20,34,34,25,71,71,48,53,43,37,32,36,31,34,43,36,32
"20-11-2021",32,28,20,25,20,33,24,25,42,32,42,28,27,30,35,29,26,27,22,21,26,24,21,19
"21-11-2021",24,20,20,16,17,24,19,23,31,24,26,25,29,17,15,19,30,19,24,33,59,83,78,90
"22-11-2021",94,108,86,82,80,50,59,68,81,97,87,68,27,20,15,17,20,23,32,24,20,33,28,22
"23-11-2021",26,25,17,14,22,15,14,19,42,51,41,46,41,27,18,16,11,15,25,32,56,79,54,19
"24-11-2021",11,17,14,12,11,12,13,12,58,21,21,21,40,39,39,45,31,30,34,33,29,28,27,27
"25-11-2021",22,20,18,20,23,18,28,35,48,55,47,33,30,25,31,29,32,40,36,29,41,45,47,53
"26-11-2021",45,41,28,31,21,26,13,31,23,30,34,35,20,28,35,47,19,22,36,61,88,97,132,107
"27-11-2021",143,129,116,81,70,61,61,56,74,52,28,29,29,24,28,28,22,35,34,23,27,29,29,45
"28-11-2021",40,30,18,14,10,13,15,22,28,32,25,30,22,22,24,28,35,48,46,54,68,85,83,71
"29-11-2021",82,102,144,209,190,169,222,249,61,48,33,24,33,30,34,28,25,33,28,20,32,24,26,23
"30-11-2021",18,27,31,20,14,22,15,15,19,15,24,31,26,19,30,41,30,28,25,26,18,23,33,24
"01-12-2021",18,21,24,21,23,21,24,27,42,31,35,33,43,31,47,28,31,32,30,24,24,23,27,21
"02-12-2021",20,24,18,17,14,16,34,37,78,90,79,38,16,17,17,16,18,21,12,18,13,18,25,24
"03-12-2021",24,19,41,69,45,47,52,57,31,26,35,36,50,35,29,28,38,34,33,37,39,42,32,39
"04-12-2021",45,58,53,22,13,14,20,20,29,29,27,21,24,35,23,-9999,-9999,-9999,-9999,-9999,-9999,-9999,-9999,-9999
"05-12-2021",-9999,-9999,-9999,-9999,-9999,-9999,-9999,-9999,-9999,-9999,-9999,-9999,-9999,-9999,-9999,-9999,-9999,-9999,-9999,-9999,-9999,-9999,-9999,-9999
"06-12-2021",-9999,-9999,-9999,-9999,-9999,-9999,-9999,-9999,-9999,-9999,-9999,-9999,-9999,-9999,-9999,-9999,-9999,-9999,-9999,-9999,-9999,-9999,-9999,-9999
"07-12-2021",-9999,-9999,-9999,-9999,-9999,-9999,-9999,-9999,-9999,-9999,-9999,-9999,-9999,-9999,-9999,-9999,-9999,-9999,-9999,-9999,-9999,-9999,-9999,-9999
"08-12-2021",-9999,-9999,-9999,-9999,-9999,-9999,-9999,-9999,-9999,-9999,-9999,-9999,-9999,-9999,-9999,-9999,-9999,-9999,-9999,-9999,-9999,-9999,-9999,-9999
"09-12-2021",-9999,-9999,-9999,-9999,-9999,-9999,-9999,-9999,-9999,-9999,-9999,58,42,24,26,31,35,41,43,51,65,75,76,74
"10-12-2021",80,66,64,78,62,59,62,77,53,26,21,27,15,18,23,20,14,17,16,14,18,14,13,19
"11-12-2021",14,21,11,14,15,17,16,22,26,24,30,34,38,40,40,41,41,46,47,49,49,51,54,25
"12-12-2021",12,12,15,17,18,14,17,35,23,24,30,28,18,17,13,12,12,22,15,19,19,29,24,38
"13-12-2021",37,32,35,49,46,24,27,26,33,33,28,28,29,20,25,29,36,34,34,39,41,25,18,19
"14-12-2021",16,10,8,6,10,13,17,23,31,22,22,19,18,17,24,17,13,16,10,9,8,7,10,8
"15-12-2021",10,12,9,7,6,7,7,15,22,37,67,43,31,30,32,29,21,19,16,24,22,29,46,46
"16-12-2021",63,38,18,23,19,22,24,36,86,42,43,30,28,23,27,35,25,38,38,38,42,48,37,34
"17-12-2021",31,32,23,22,21,21,23,27,36,39,36,33,30,28,26,21,20,18,25,28,40,55,51,34
"18-12-2021",31,20,20,27,9,11,10,8,20,10,10,15,17,26,31,25,29,25,24,17,26,23,23,16
"19-12-2021",19,8,11,9,14,11,12,14,13,12,11,14,15,10,13,16,20,12,21,16,13,12,24,24
"20-12-2021",27,41,106,77,62,45,66,74,90,93,99,87,54,34,22,31,25,32,54,69,91,84,100,89
"21-12-2021",103,107,97,37,14,11,23,27,24,41,27,57,48,34,31,27,38,48,48,42,51,48,46,49
"22-12-2021",34,33,27,20,14,17,27,27,43,40,40,40,32,36,27,28,40,39,42,38,48,46,48,38
"23-12-2021",31,33,27,22,14,21,15,32,35,38,26,30,30,22,23,40,28,-9999,34,-9999,46,52,65,73
"24-12-2021",63,69,59,52,43,40,52,75,76,76,106,58,35,24,21,18,23,16,10,24,35,20,26,23
"25-12-2021",22,26,25,31,32,25,51,64,66,63,59,33,21,17,12,7,17,16,19,27,54,71,97,114
"26-12-2021",94,92,175,147,114,87,70,56,46,56,70,100,37,28,23,29,28,28,29,29,27,30,28,30
"27-12-2021",30,33,43,34,28,29,33,37,53,43,42,46,39,36,35,30,32,34,34,44,29,45,44,33
"28-12-2021",30,24,20,24,28,27,20,36,40,31,36,39,50,42,41,40,32,27,29,17,21,24,20,23
"29-12-2021",23,14,16,17,13,11,9,23,35,37,36,46,62,46,25,25,36,36,30,29,25,35,29,29
"30-12-2021",63,33,93,69,28,20,37,42,30,20,22,-9999,-9999,17,19,18,13,15,15,10,16,15,10,11
"31-12-2021",19,19,12,12,18,15,25,22,25,19,27,22,22,28,18,26,20,24,16,25,24,22,26,24
"01-01-2022",17,22,16,10,10,27,115,107,76,65,49,49,31,26,28,14,16,17,26,31,53,82,89,82
"02-01-2022",84,83,64,76,41,18,25,22,52,23,21,24,19,19,18,11,14,25,24,32,50,67,68,58
"03-01-2022",89,98,72,61,56,39,53,60,71,91,93,52,28,26,38,20,25,17,14,19,25,30,25,22
"04-01-2022",28,27,18,40,30,31,49,62,68,77,86,73,29,33,27,19,27,29,32,39,37,30,33,26
"05-01-2022",24,18,17,16,25,22,21,28,32,34,28,25,25,19,25,22,18,16,20,16,29,50,59,80
"06-01-2022",81,107,87,101,96,100,84,66,74,63,62,53,22,20,28,28,50,32,28,34,34,32,31,33
"07-01-2022",32,31,27,24,28,21,26,48,34,37,37,26,20,17,14,14,22,17,22,29,34,30,41,74
"08-01-2022",69,64,38,20,10,17,13,16,24,30,60,73,26,21,23,17,23,15,26,39,71,90,95,96
"09-01-2022",98,67,44,22,13,12,9,8,10,17,17,21,33,29,26,31,45,42,64,71,54,58,64,64
"10-01-2022",90,75,80,60,59,50,42,39,51,56,52,58,43,33,41,37,38,15,17,40,40,25,21,27
"11-01-2022",26,21,12,12,12,7,8,12,23,24,29,40,38,22,49,43,21,22,30,32,8,14,11,15
"12-01-2022",12,8,7,6,5,2,1,6,-9999,-9999,13,-9999,8,9,32,29,21,15,22,25,19,19,19,11
"13-01-2022",17,16,20,18,19,24,34,35,35,35,40,42,32,40,32,31,22,23,26,27,22,17,21,10
"14-01-2022",17,12,16,19,24,14,23,31,44,50,35,40,45,24,40,25,17,24,20,31,34,47,46,98
"15-01-2022",211,195,178,163,130,87,71,66,70,72,82,31,30,28,38,47,37,29,24,24,23,39,44,53
"16-01-2022",61,53,39,30,26,26,17,19,29,27,30,25,24,28,26,28,25,25,27,37,65,77,104,107
"17-01-2022",121,104,99,81,57,59,64,63,91,89,117,90,48,32,24,19,17,23,29,55,64,79,87,85
"18-01-2022",158,189,104,137,77,75,50,29,32,27,30,42,47,37,45,29,26,17,28,21,26,27,33,34
"19-01-2022",27,18,18,18,22,23,28,32,31,45,36,38,41,28,31,28,28,25,30,36,52,81,100,95
"20-01-2022",106,87,87,77,62,55,65,82,95,108,103,77,51,16,11,18,16,11,19,21,56,45,28,33
"21-01-2022",33,47,39,36,40,61,60,74,73,92,114,132,49,17,10,12,18,21,28,32,28,39,39,20
"22-01-2022",21,17,30,17,16,18,7,6,3,11,20,35,35,23,14,20,20,20,14,23,16,24,25,20
"23-01-2022",21,29,28,27,20,9,14,-9999,-9999,-9999,-9999,-9999,-9999,-9999,-9999,-9999,-9999,-9999,-9999,-9999,-9999,-9999,-9999,-9999
"24-01-2022",-9999,-9999,-9999,-9999,-9999,-9999,-9999,-9999,-9999,-9999,-9999,-9999,-9999,-9999,-9999,-9999,-9999,-9999,-9999,-9999,-9999,-9999,-9999,-9999
"25-01-2022",-9999,-9999,-9999,-9999,-9999,-9999,-9999,-9999,-9999,-9999,-9999,-9999,-9999,-9999,-9999,-9999,-9999,-9999,-9999,-9999,-9999,-9999,-9999,-9999
"26-01-2022",-9999,-9999,-9999,-9999,-9999,-9999,-9999,-9999,-9999,-9999,-9999,-9999,-9999,-9999,-9999,-9999,-9999,-9999,-9999,-9999,-9999,-9999,-9999,-9999
"27-01-2022",-9999,-9999,-9999,-9999,-9999,-9999,-9999,-9999,-9999,-9999,-9999,-9999,-9999,-9999,-9999,-9999,-9999,-9999,-9999,-9999,-9999,-9999,-9999,-9999
"28-01-2022",-9999,-9999,-9999,-9999,-9999,-9999,-9999,-9999,-9999,-9999,-9999,-9999,-9999,-9999,-9999,-9999,-9999,-9999,-9999,-9999,-9999,-9999,-9999,-9999
"29-01-2022",-9999,-9999,-9999,-9999,-9999,-9999,-9999,-9999,-9999,-9999,-9999,-9999,-9999,-9999,-9999,-9999,-9999,-9999,-9999,-9999,-9999,-9999,-9999,-9999
"30-01-2022",-9999,-9999,-9999,-9999,-9999,-9999,-9999,-9999,-9999,-9999,-9999,-9999,-9999,-9999,-9999,-9999,-9999,-9999,-9999,-9999,-9999,-9999,-9999,-9999
"31-01-2022",-9999,-9999,-9999,-9999,-9999,-9999,-9999,-9999,-9999,-9999,-9999,-9999,38,45,27,23,23,25,30,28,29,25,26,27
"01-02-2022",19,17,19,18,14,21,30,21,22,31,1,43,43,46,54,55,66,68,56,53,50,37,23,30
"02-02-2022",23,24,23,24,31,36,46,48,31,31,28,25,26,27,33,26,39,42,18,5,11,11,7,5
"03-02-2022",10,10,8,10,11,11,17,19,18,24,25,26,30,15,20,20,17,12,21,13,31,35,17,10
"04-02-2022",16,15,16,17,8,10,12,17,25,52,45,34,33,28,21,18,19,21,18,24,33,34,100,142
"05-02-2022",165,176,164,143,105,85,80,73,90,94,83,44,26,22,21,20,21,19,16,26,51,109,160,190
"06-02-2022",178,128,134,116,99,93,60,62,83,57,43,38,39,43,33,33,24,34,28,40,40,42,105,130
"07-02-2022",133,138,137,118,85,75,90,85,106,114,98,51,53,50,43,49,38,63,44,44,42,36,36,35
"08-02-2022",30,32,25,23,17,27,25,30,26,17,17,28,34,25,36,20,12,21,17,18,15,20,15,17
"09-02-2022",15,13,17,15,13,17,21,19,37,29,28,26,38,27,37,25,24,21,28,19,27,28,54,65
"10-02-2022",71,66,51,39,30,24,33,37,105,75,88,54,39,22,18,28,22,21,24,31,32,51,74,72
"11-02-2022",45,55,40,60,56,46,56,86,108,83,68,50,37,29,27,20,16,22,21,23,29,37,89,131
"12-02-2022",148,147,106,110,86,69,69,69,79,87,92,54,27,27,17,19,24,23,22,24,47,64,86,90
"13-02-2022",73,55,39,38,39,33,31,30,34,37,41,38,40,36,31,31,26,28,23,35,36,38,47,48
"14-02-2022",45,49,32,29,22,29,30,71,63,58,59,37,32,34,26,28,23,28,27,25,27,30,35,31
"15-02-2022",50,86,127,87,81,67,80,88,101,88,85,51,50,33,35,35,31,36,27,28,22,38,74,104
"16-02-2022",137,106,98,92,76,65,78,90,104,93,109,70,57,24,24,21,17,23,24,31,29,33,32,23
"17-02-2022",29,27,13,9,8,10,24,25,32,36,79,52,14,19,42,40,39,33,28,30,23,70,80,71
"18-02-2022",128,145,112,109,114,108,123,148,110,77,75,52,43,22,30,33,21,17,23,24,28,56,54,43
"19-02-2022",62,66,28,23,31,40,64,51,34,42,47,42,37,25,17,15,18,20,26,22,22,21,33,63
"20-02-2022",85,83,68,65,53,66,70,64,73,91,76,46,32,41,37,23,35,30,33,32,27,39,35,24
"21-02-2022",24,31,30,18,28,24,58,80,83,102,84,53,53,37,30,26,31,32,30,34,39,48,57,50
"22-02-2022",43,29,39,33,30,30,36,48,79,81,40,26,29,22,26,28,31,32,37,21,32,35,36,27
"23-02-2022",23,35,30,22,29,21,25,28,33,34,31,36,30,37,46,31,27,20,20,22,19,27,20,26
"24-02-2022",18,14,15,14,15,32,31,24,27,43,43,49,57,39,39,35,35,27,18,17,26,32,25,25
"25-02-2022",19,22,22,17,11,17,26,34,56,32,22,28,16,17,19,11,21,16,20,20,23,17,25,51
"26-02-2022",87,77,64,57,48,38,48,43,53,66,49,27,26,33,20,18,25,23,19,17,24,24,22,31
"27-02-2022",61,53,46,37,17,13,11,13,23,26,28,30,30,32,29,16,26,24,19,25,28,31,41,20
"28-02-2022",24,56,24,65,15,17,32,49,50,33,21,33,22,22,24,12,18,14,17,17,18,24,30,19
"01-03-2022",17,20,15,17,13,21,37,48,62,59,49,47,36,38,33,38,42,38,36,31,34,35,33,24
"02-03-2022",24,23,17,18,16,22,22,28,34,39,37,33,44,35,43,27,24,27,26,26,21,19,21,23
"03-03-2022",16,27,17,21,14,13,28,25,41,46,32,30,34,26,22,29,24,19,21,17,23,30,24,26
"04-03-2022",17,25,68,58,43,32,51,53,67,65,52,33,21,28,22,19,17,16,19,20,27,23,39,100
"05-03-2022",116,97,82,82,66,68,81,79,85,59,62,60,40,26,20,20,20,18,18,38,46,63,54,71
"06-03-2022",79,67,69,58,46,38,30,32,42,42,56,57,38,31,22,20,14,17,13,16,17,23,19,18
"07-03-2022",31,23,19,18,22,23,23,24,42,23,21,30,26,17,24,23,16,30,29,29,18,18,33,52
"08-03-2022",42,38,39,28,23,14,16,23,45,21,28,27,27,18,14,20,24,22,15,24,24,22,16,21
"09-03-2022",17,26,11,14,12,14,21,24,45,38,30,39,35,18,10,6,6,28,30,31,23,29,24,20
"10-03-2022",15,10,10,12,9,11,10,12,26,24,16,14,15,28,21,17,19,10,12,14,45,37,36,41
"11-03-2022",44,15,14,19,19,12,19,33,37,28,27,40,39,21,25,35,26,20,24,31,25,41,40,29
"12-03-2022",31,27,37,50,29,18,17,32,44,38,29,24,87,21,23,20,25,16,24,25,30,33,28,32
"13-03-2022",33,44,53,48,30,24,27,34,39,31,37,26,19,21,23,17,14,12,25,21,24,27,69,86
"14-03-2022",94,81,58,39,35,38,43,35,45,34,31,23,25,24,26,22,29,28,32,32,32,47,56,56
"15-03-2022",37,23,22,27,34,33,30,43,43,38,32,34,27,26,30,35,32,24,28,24,36,47,93,103
"16-03-2022",105,106,92,78,69,61,67,88,93,98,92,52,47,49,37,28,26,27,27,28,28,27,33,21
"17-03-2022",20,24,28,63,70,77,62,66,95,80,42,-9999,-9999,-9999,-9999,-9999,-9999,-9999,-9999,-9999,-9999,-9999,-9999,-9999
"18-03-2022",-9999,-9999,-9999,-9999,-9999,-9999,-9999,-9999,-9999,-9999,-9999,-9999,47,49,36,26,28,30,30,30,32,34,29,26
"19-03-2022",29,22,22,22,23,18,18,27,28,31,35,28,27,24,29,27,24,24,22,19,27,26,25,29
"20-03-2022",28,16,23,8,11,10,16,14,33,19,20,14,13,15,22,22,30,22,24,22,30,32,35,30
"21-03-2022",21,26,26,25,16,27,27,30,29,32,28,23,28,17,16,18,20,21,31,18,24,25,22,16
"22-03-2022",28,19,26,22,23,20,31,37,47,38,25,25,33,26,27,25,34,31,29,29,26,27,22,11
"23-03-2022",18,22,22,20,27,29,25,46,47,46,35,17,14,18,52,21,30,34,31,34,29,30,30,32
"24-03-2022",22,24,25,18,18,18,19,25,28,25,30,30,26,28,27,31,24,22,25,30,26,41,52,61
"25-03-2022",36,74,125,110,84,78,63,83,94,73,33,34,39,44,35,27,31,36,41,38,44,45,35,36
"26-03-2022",49,78,67,74,38,21,37,-9999,-9999,-9999,46,39,36,38,34,44,33,35,34,37,34,29,29,33
"27-03-2022",33,49,46,60,76,71,68,71,-9999,78,60,56,50,73,47,48,35,39,32,43,37,35,38,42
"28-03-2022",37,52,54,60,76,75,70,73,90,77,102,81,51,54,48,44,39,36,37,36,37,37,44,41
"29-03-2022",57,57,56,43,42,41,53,71,107,96,48,60,57,74,48,41,47,34,24,35,43,47,40,48
"30-03-2022",41,48,54,56,48,57,71,93,98,98,90,65,55,53,59,38,42,54,59,67,71,73,76,93
"31-03-2022",94,93,78,82,80,86,88,97,100,101,89,77,80,84,69,63,59,80,75,58,58,65,62,66
"01-04-2022",71,70,71,66,78,77,73,76,80,79,81,83,80,84,95,125,158,180,161,139,108,103,140,218
"02-04-2022",241,280,252,212,167,156,142,68,88,51,64,58,66,62,56,43,42,43,54,49,43,52,55,54
"03-04-2022",70,73,49,44,34,22,25,26,52,32,28,21,22,29,28,21,24,17,23,23,32,29,35,21
"04-04-2022",25,23,23,20,16,17,21,36,48,48,57,30,28,24,45,21,26,24,16,16,21,30,28,30
"05-04-2022",31,20,21,12,11,13,27,27,39,40,40,48,54,58,70,60,58,54,53,47,36,39,48,42
"06-04-2022",43,38,35,37,38,43,39,48,69,58,59,59,61,54,57,52,53,48,37,40,37,37,37,36
"07-04-2022",28,25,23,25,25,34,42,60,46,56,52,57,48,39,51,60,99,168,142,73,38,29,70,99
"08-04-2022",53,39,33,23,72,35,27,34,34,47,38,53,48,36,40,35,35,24,18,17,17,18,30,35
"09-04-2022",35,22,22,24,24,22,27,33,46,34,40,28,31,32,33,34,34,33,32,33,25,35,29,35
"10-04-2022",32,25,21,25,17,22,27,25,29,32,30,24,21,22,15,27,27,33,72,68,56,37,63,42
"11-04-2022",38,23,27,22,17,21,16,17,25,25,32,29,29,29,36,28,27,28,30,30,34,39,28,32
"12-04-2022",33,25,27,24,27,30,48,47,69,45,54,36,36,23,26,19,19,18,19,22,20,18,19,16
"13-04-2022",21,28,29,31,31,33,42,53,70,74,42,34,39,29,20,19,17,19,17,13,23,25,21,18
"14-04-2022",19,21,24,40,41,36,55,59,75,73,52,44,33,24,26,26,25,28,25,21,26,25,37,38
"15-04-2022",36,53,48,48,31,44,41,41,89,73,62,45,47,34,34,33,38,37,38,53,44,36,33,37
"16-04-2022",37,37,37,45,40,48,64,60,84,75,91,62,56,35,32,31,30,30,27,42,37,38,45,51
"17-04-2022",41,53,48,39,36,36,40,46,65,64,56,69,41,27,30,27,28,27,16,7,8,14,15,12
"18-04-2022",12,14,16,6,7,7,32,41,49,51,41,37,37,25,30,22,13,11,15,70,50,46,38,27
"19-04-2022",19,10,10,10,19,25,23,23,23,35,30,22,16,19,21,14,14,13,14,15,14,19,15,15
"20-04-2022",15,14,13,13,26,35,61,89,76,53,43,28,22,23,22,19,12,17,20,19,24,27,29,29
"21-04-2022",27,24,19,18,20,30,44,67,89,78,41,39,33,25,38,19,26,27,24,32,26,22,21,26
"22-04-2022",28,28,20,40,34,43,61,59,56,53,24,17,17,24,17,22,18,20,19,27,20,19,21,22
"23-04-2022",27,21,23,23,23,24,45,61,74,45,56,45,38,49,62,64,78,54,42,30,34,35,32,44
"24-04-2022",57,73,52,72,95,96,94,97,85,94,72,63,60,61,67,57,52,56,65,69,72,75,82,89
"25-04-2022",93,79,80,53,32,37,28,32,59,68,54,50,35,36,38,59,59,48,47,50,46,55,53,61
"26-04-2022",52,44,49,42,48,55,58,72,80,72,72,56,52,44,38,32,35,40,43,45,41,43,44,51
"27-04-2022",64,69,55,62,46,58,59,94,96,84,94,62,53,35,41,37,65,41,50,50,56,71,83,71
"28-04-2022",73,67,72,70,64,73,81,89,129,109,117,120,118,123,103,80,83,142,138,151,160,138,96,96
"29-04-2022",93,89,93,119,95,80,65,59,73,59,44,43,50,46,47,46,40,51,33,36,29,27,28,25
"30-04-2022",25,27,23,25,23,24,24,21,33,36,38,31,25,35,29,25,25,15,19,19,21,30,29,30
"01-05-2022",28,18,24,17,29,24,29,25,28,27,25,26,24,25,26,24,30,33,22,19,18,26,25,11
"02-05-2022",19,23,22,18,23,20,19,28,19,27,19,14,14,18,21,15,17,18,17,17,28,28,30,18
"03-05-2022",27,23,20,18,27,22,31,28,66,38,34,38,36,28,38,29,32,28,25,24,22,27,29,25
"04-05-2022",26,20,17,9,9,10,19,32,30,33,37,31,25,22,-9999,-9999,-9999,28,27,23,19,21,18,15
"05-05-2022",18,23,24,17,28,41,45,54,74,72,73,61,45,30,32,20,17,21,20,22,23,19,26,24
"06-05-2022",35,42,45,36,38,31,40,42,40,50,60,42,40,37,44,30,44,36,36,39,37,33,29,33
"07-05-2022",28,17,22,19,25,19,26,24,31,38,31,28,25,22,18,23,19,29,29,28,29,30,33,26
"08-05-2022",27,23,18,23,24,25,30,41,36,34,34,35,23,24,32,31,29,32,30,20,24,22,24,24
"09-05-2022",22,22,22,22,25,19,26,34,29,32,27,25,29,27,24,20,25,28,23,26,27,23,19,18
"10-05-2022",21,13,56,18,16,21,24,26,56,32,32,27,24,22,27,18,28,19,16,21,20,16,22,27
"11-05-2022",29,19,23,21,20,20,19,43,67,40,42,24,30,32,35,39,28,27,25,27,41,42,53,43
"12-05-2022",31,31,37,36,30,29,51,68,98,84,69,51,41,36,50,33,29,35,21,20,24,35,31,36
"13-05-2022",36,37,43,36,35,39,54,43,50,71,84,59,60,40,42,45,37,30,39,30,36,23,29,27
"14-05-2022",27,20,21,21,20,23,27,40,53,32,33,32,34,33,33,33,33,26,28,32,32,31,32,36
"15-05-2022",43,43,65,42,52,53,58,60,56,74,49,41,53,39,34,35,36,27,33,39,33,39,38,44
"16-05-2022",38,45,30,32,35,27,44,72,80,75,56,52,50,40,48,28,33,37,28,36,30,37,42,28
"17-05-2022",27,31,33,42,47,43,66,83,66,82,38,43,39,39,49,34,35,32,29,34,31,45,37,37
"18-05-2022",34,47,50,44,38,28,41,51,55,52,52,47,31,40,34,29,31,27,23,26,25,24,64,85
"19-05-2022",14,9,9,21,27,27,28,50,41,45,50,41,35,48,35,38,36,36,32,22,27,22,21,25
"20-05-2022",32,22,23,15,16,16,16,22,33,31,31,33,33,30,27,33,26,27,26,22,28,25,18,32
"21-05-2022",25,20,19,23,22,26,25,21,43,43,24,37,31,24,19,28,26,24,26,31,49,33,34,20
"22-05-2022",17,25,42,32,38,28,48,58,54,52,70,43,27,26,27,27,22,18,20,19,23,26,38,36
"23-05-2022",34,33,32,41,31,37,52,56,81,60,48,44,50,35,45,38,34,26,26,27,28,30,29,30
"24-05-2022",27,30,30,33,30,34,36,60,64,48,57,39,40,57,40,27,31,31,33,35,34,44,46,44
"25-05-2022",49,51,34,37,38,44,44,118,101,65,44,48,37,55,48,32,33,36,32,36,25,26,27,39
"26-05-2022",39,27,22,20,33,34,46,73,-9999,-9999,-9999,-9999,-9999,-9999,-9999,-9999,-9999,-9999,-9999,-9999,-9999,-9999,-9999,-9999
"27-05-2022",-9999,-9999,-9999,-9999,-9999,-9999,-9999,-9999,-9999,-9999,-9999,-9999,53,85,57,43,53,40,35,40,38,40,43,45
"28-05-2022",48,51,57,51,49,49,51,46,54,64,63,56,57,50,43,40,45,37,38,42,39,35,45,41
"29-05-2022",35,36,30,35,31,34,32,37,39,37,41,41,46,51,49,56,50,51,62,57,50,49,43,40
"30-05-2022",34,30,36,44,29,27,32,35,47,45,48,44,31,34,36,26,17,29,30,31,30,24,25,28
"31-05-2022",29,34,26,31,33,35,51,55,58,68,54,58,41,32,33,28,33,34,40,29,38,28,31,27
"01-06-2022",39,41,52,45,42,39,54,71,82,80,87,77,46,45,46,41,42,28,24,28,37,33,35,32
"02-06-2022",27,40,42,36,33,27,42,52,66,56,62,70,69,63,57,50,53,43,42,30,27,24,37,37
"03-06-2022",50,49,41,31,322,38,65,39,149,63,88,73,56,56,53,49,66,46,42,46,42,33,35,38
"04-06-2022",40,36,39,35,31,31,37,45,55,52,58,49,68,51,46,38,30,36,27,33,30,30,32,40
"05-06-2022",42,49,52,39,39,33,40,39,56,48,45,40,41,34,34,37,35,41,36,40,42,45,55,46
"06-06-2022",44,60,37,54,62,69,77,106,141,99,85,61,64,60,55,52,53,46,52,44,40,74,68,29
"07-06-2022",42,30,26,35,27,33,37,41,43,44,39,33,29,35,34,30,46,63,55,27,39,19,34,28
"08-06-2022",31,19,17,24,31,17,26,34,42,48,47,28,27,93,23,23,28,20,21,19,21,16,22,26
"09-06-2022",20,17,13,17,22,16,14,16,40,43,42,39,24,29,20,21,19,25,23,33,29,33,36,37
"10-06-2022",37,37,36,38,25,27,28,39,35,37,39,39,37,34,36,50,46,48,48,52,52,47,44,40
"11-06-2022",44,36,35,30,24,24,26,25,28,27,27,32,-9999,-9999,46,27,37,31,45,26,36,29,26,23
"12-06-2022",23,14,17,15,19,17,14,23,28,17,19,15,15,20,16,20,15,24,16,15,19,24,37,25
"13-06-2022",19,22,31,13,15,14,17,19,23,22,24,31,24,26,26,30,25,27,26,26,27,28,31,36
"14-06-2022",38,41,30,55,31,22,36,44,38,47,44,43,36,37,35,34,31,34,45,39,45,43,45,51
"15-06-2022",48,43,49,50,31,34,35,46,48,38,36,36,34,37,27,43,45,46,61,60,52,38,37,28
"16-06-2022",28,26,23,22,33,19,32,41,52,42,39,32,37,28,34,32,30,30,28,26,28,26,36,35
"17-06-2022",24,50,42,23,19,25,27,46,50,39,32,34,29,31,36,39,30,26,27,31,35,38,59,30
"18-06-2022",33,22,25,38,31,28,29,26,29,38,48,43,37,31,35,32,30,39,27,28,29,33,36,37
"19-06-2022",37,31,22,23,21,21,18,23,29,26,34,22,23,30,24,25,33,19,27,21,15,26,21,20
"20-06-2022",30,31,47,20,29,25,31,30,54,34,31,42,31,24,28,35,25,23,25,23,23,24,21,19
"21-06-2022",23,29,25,20,18,36,35,58,57,54,58,40,49,35,33,33,31,31,21,21,26,23,25,34
"22-06-2022",46,53,49,49,35,31,28,80,90,61,59,50,54,46,50,31,28,24,22,27,28,27,32,34
"23-06-2022",32,39,46,34,41,42,43,54,85,90,76,85,53,66,54,55,55,49,47,45,51,49,39,48
"24-06-2022",62,62,59,48,35,35,41,49,49,61,53,45,46,41,41,48,51,51,42,44,33,33,44,26
"25-06-2022",42,35,44,24,23,42,38,32,89,52,31,27,30,22,23,29,26,22,23,25,24,22,30,32
"26-06-2022",27,27,27,54,55,46,48,73,82,53,58,57,51,58,31,31,28,37,41,36,32,31,33,31
"27-06-2022",30,28,34,21,35,23,31,41,41,38,27,43,40,33,29,34,27,25,30,30,37,36,39,30
"28-06-2022",29,26,60,33,33,48,78,80,66,39,40,38,34,29,27,27,26,39,29,36,32,35,33,33
"29-06-2022",31,32,23,24,20,25,23,36,41,34,32,26,36,29,34,35,33,33,31,30,29,27,26,28
"30-06-2022",21,28,24,38,35,30,49,57,39,47,40,35,38,40,37,41,36,28,29,36,30,28,38,36
"01-07-2022",27,31,22,23,34,52,46,43,39,64,47,39,55,40,38,34,33,29,27,35,23,29,29,27
"02-07-2022",28,38,32,32,25,31,32,35,49,38,39,43,41,41,34,32,38,35,35,38,30,28,26,24
"03-07-2022",27,18,29,27,23,22,24,23,26,27,28,27,29,28,34,27,25,24,21,20,22,26,20,23
"04-07-2022",27,26,30,23,25,22,24,28,32,42,42,44,39,37,40,63,45,32,23,20,20,17,14,19
"05-07-2022",16,17,17,12,19,18,21,25,45,29,34,38,40,27,42,45,33,33,27,17,18,21,30,24
"06-07-2022",22,33,25,33,33,27,37,41,49,42,46,37,37,38,41,42,37,37,43,39,39,37,40,42
"07-07-2022",40,31,42,46,46,52,59,58,49,49,45,40,37,31,42,28,38,34,41,38,45,42,40,42
"08-07-2022",44,31,36,48,40,53,49,44,47,54,40,49,55,47,33,26,27,28,32,25,28,31,32,44
"09-07-2022",39,37,32,35,39,44,24,19,23,24,22,25,28,25,25,17,23,23,20,23,23,25,29,18
"10-07-2022",17,14,11,13,10,8,11,21,32,16,20,23,24,20,19,19,27,20,25,26,22,34,31,33
"11-07-2022",29,31,29,30,31,32,56,53,48,39,48,38,41,29,25,33,25,22,31,25,24,33,28,25
"12-07-2022",32,24,25,22,28,26,37,47,38,32,41,37,48,30,42,25,32,31,33,29,39,22,37,38
"13-07-2022",32,24,23,17,27,33,29,30,31,33,31,43,37,38,32,29,36,37,32,27,28,27,27,27
"14-07-2022",23,25,25,27,21,18,23,33,43,42,38,41,55,31,33,42,33,29,25,23,25,26,25,24
"15-07-2022",29,27,20,16,19,14,27,27,42,32,37,40,31,28,27,28,18,26,23,22,23,21,28,23
"16-07-2022",17,29,20,35,34,38,35,27,36,31,40,43,39,24,31,32,35,25,23,27,32,27,37,32
"17-07-2022",38,28,26,27,27,24,31,40,33,35,30,29,32,51,33,32,33,28,27,31,34,36,35,34
"18-07-2022",36,35,33,29,27,28,35,36,45,35,39,46,54,47,46,38,38,37,35,29,29,31,27,28
"19-07-2022",29,30,26,21,21,18,26,29,37,34,34,35,40,33,32,29,25,28,19,21,24,21,19,20
"20-07-2022",21,23,22,21,17,23,25,21,30,31,40,38,34,27,33,38,25,21,20,25,25,24,23,29
"21-07-2022",28,18,18,24,22,22,26,25,40,44,40,30,36,37,36,27,27,30,24,25,24,29,32,26
"22-07-2022",24,28,44,42,36,52,43,57,53,50,42,40,36,42,51,46,46,42,44,61,69,65,56,42
"23-07-2022",54,49,47,33,34,37,42,41,34,52,51,44,37,33,29,31,32,27,36,34,32,38,38,33
"24-07-2022",49,43,40,39,49,64,85,92,82,45,44,41,42,60,49,52,45,38,54,72,57,61,69,70
"25-07-2022",79,44,59,55,72,59,58,65,69,104,77,70,55,50,47,38,43,37,40,45,59,64,48,38
"26-07-2022",34,49,50,48,43,49,40,38,56,57,50,43,35,31,33,29,22,27,22,33,60,52,38,42
"27-07-2022",47,42,22,25,41,55,46,71,73,72,55,37,43,33,38,40,37,33,31,38,38,33,35,33
"28-07-2022",38,34,37,39,45,24,40,48,56,35,51,43,42,34,31,30,33,30,35,22,28,23,27,28
"29-07-2022",37,43,34,26,38,31,39,32,40,46,70,41,46,31,32,34,34,21,25,24,22,26,22,26
"30-07-2022",36,22,32,30,29,29,29,34,36,41,47,35,26,22,19,18,36,16,19,18,69,25,41,42
"31-07-2022",37,23,24,19,24,20,32,46,33,25,34,45,71,53,38,27,23,27,27,29,34,34,54,44
"01-08-2022",47,30,39,35,34,30,29,36,41,56,47,40,41,38,35,33,42,44,36,32,36,32,36,31
"02-08-2022",26,22,33,29,33,31,33,36,36,39,50,48,38,34,31,36,30,29,21,29,24,26,29,21
"03-08-2022",22,25,24,15,21,17,25,25,27,40,37,37,38,33,40,40,27,27,27,28,28,21,22,25
"04-08-2022",20,21,18,18,11,15,19,27,39,41,43,35,34,-9999,-9999,-9999,-9999,-9999,-9999,-9999,-9999,-9999,-9999,-9999
"05-08-2022",-9999,-9999,-9999,-9999,-9999,-9999,-9999,-9999,-9999,-9999,-9999,-9999,27,32,34,36,26,23,22,27,32,22,29,31
"06-08-2022",31,25,21,27,23,18,24,27,28,30,32,26,28,26,32,25,31,23,18,16,23,22,21,27
"07-08-2022",26,31,22,22,26,24,28,25,23,19,26,27,34,28,30,22,22,16,13,16,22,19,20,24
"08-08-2022",26,25,25,20,17,25,24,26,27,33,41,39,40,37,35,36,34,38,31,35,30,33,37,36
"09-08-2022",41,35,29,27,23,25,29,37,36,40,41,60,75,47,74,67,45,27,27,33,38,32,27,26
"10-08-2022",27,25,27,26,25,27,31,35,33,44,45,41,42,34,36,43,37,37,38,37,36,29,29,28
"11-08-2022",31,30,28,33,28,31,28,39,40,44,46,44,38,35,37,33,36,29,29,26,33,35,32,27
"12-08-2022",36,31,27,22,26,36,33,37,43,45,41,40,30,29,26,27,28,26,25,30,27,27,23,30
"13-08-2022",25,22,18,23,19,18,22,33,31,32,37,46,36,35,48,38,25,25,31,23,25,19,28,22
"14-08-2022",24,24,27,26,36,34,39,33,43,33,28,50,54,36,23,26,21,22,27,28,32,24,28,28
"15-08-2022",17,17,24,14,11,18,15,15,25,15,14,14,10,13,17,21,14,11,21,15,19,19,13,18
"16-08-2022",22,13,16,16,22,25,34,28,48,41,46,39,30,31,35,24,22,19,19,17,16,14,20,21
"17-08-2022",14,16,24,25,26,29,34,44,51,49,37,42,30,37,37,45,35,27,19,32,37,34,29,32
"18-08-2022",35,29,33,30,31,38,70,62,51,68,44,36,33,28,27,27,26,22,25,22,20,22,28,37
"19-08-2022",31,25,31,45,59,32,50,57,56,49,83,53,42,38,30,48,28,27,28,28,31,28,45,41
"20-08-2022",39,42,47,71,48,60,81,47,41,69,59,58,60,50,49,37,34,28,33,37,31,29,34,41
"21-08-2022",43,39,38,44,46,60,61,64,73,59,52,40,36,27,33,50,29,55,35,24,29,22,24,28
"22-08-2022",31,27,36,35,33,36,40,37,42,38,43,31,43,35,33,37,38,24,23,31,25,25,26,27
"23-08-2022",24,26,22,26,28,32,30,46,32,43,41,41,40,38,32,26,27,21,24,30,16,51,44,44
"24-08-2022",52,51,31,32,28,28,43,36,58,49,42,34,29,21,31,29,22,30,35,36,38,25,24,19
"25-08-2022",35,36,22,23,22,30,45,43,45,45,38,27,23,27,27,27,18,23,46,60,36,31,38,35
"26-08-2022",37,39,27,36,37,35,39,53,62,56,41,41,37,34,36,34,36,36,36,33,33,28,35,31
"27-08-2022",35,30,34,41,45,46,64,55,69,67,61,54,46,52,63,48,44,44,50,51,47,45,42,51
"28-08-2022",47,48,50,58,62,54,48,59,75,77,62,84,75,59,48,64,52,44,51,52,56,55,57,58
"29-08-2022",67,65,64,66,55,60,76,80,82,67,74,57,49,52,61,74,56,62,67,46,49,55,69,61
"30-08-2022",73,47,48,61,66,65,69,87,201,87,74,82,95,63,65,58,51,45,61,60,59,52,57,63
"31-08-2022",61,59,63,44,58,52,57,57,66,71,55,73,85,50,47,55,39,40,64,39,35,62,80,80
"01-09-2022",82,78,56,50,42,50,77,92,102,96,93,65,51,52,52,43,40,43,40,47,43,41,47,44
"02-09-2022",41,35,38,37,58,56,67,76,77,89,79,73,43,38,38,39,39,33,28,35,36,30,42,36
"03-09-2022",35,29,33,29,31,24,33,33,44,58,42,43,35,57,56,43,33,37,35,47,36,33,35,34
"04-09-2022",26,29,31,37,36,43,38,49,53,37,36,42,51,32,38,27,33,22,27,25,34,39,35,41
"05-09-2022",36,32,27,30,17,22,33,40,42,44,38,29,26,28,27,28,28,33,32,25,24,31,31,26
"06-09-2022",25,24,19,15,20,17,33,31,33,41,34,26,30,29,26,29,37,32,29,22,21,20,22,28
"07-09-2022",31,24,20,19,15,22,38,35,36,36,32,29,31,28,31,31,25,27,27,23,26,25,27,34
"08-09-2022",33,34,28,25,23,17,38,35,39,51,39,35,28,24,29,31,25,22,34,23,23,24,29,38
"09-09-2022",41,35,33,25,21,26,43,50,61,61,67,76,38,32,36,22,31,25,27,21,22,25,31,34
"10-09-2022",35,37,34,39,41,36,52,56,65,60,47,59,50,36,39,34,21,19,22,20,21,32,34,45
"11-09-2022",49,59,41,50,56,61,38,46,48,49,30,53,55,41,27,26,23,30,38,33,34,37,34,34
"12-09-2022",34,29,24,25,18,22,22,27,32,47,44,43,42,35,40,38,24,29,23,26,23,34,37,31
"13-09-2022",31,22,19,17,27,25,39,25,53,43,44,44,33,25,22,23,33,32,26,26,26,26,41,42
"14-09-2022",30,26,24,31,20,22,32,38,46,56,49,31,34,31,35,34,40,21,15,19,19,21,19,23
"15-09-2022",23,30,39,30,31,32,46,48,63,76,52,28,27,26,28,24,19,26,23,28,26,25,29,31
"16-09-2022",26,24,27,30,32,39,65,85,78,62,48,38,35,35,28,24,25,24,17,27,20,22,23,27
"17-09-2022",25,20,24,26,27,30,56,66,51,43,47,37,36,25,33,35,30,29,26,26,22,21,26,24
"18-09-2022",29,32,24,26,29,25,25,28,41,29,28,25,26,48,38,55,72,46,34,26,26,31,29,36
"19-09-2022",31,31,21,22,17,22,17,30,26,35,37,26,29,33,23,31,30,24,27,27,26,25,28,34
"20-09-2022",25,25,28,26,23,20,22,34,32,41,40,47,41,40,37,28,22,25,25,27,35,36,36,36
"21-09-2022",29,22,20,19,23,20,20,27,30,36,35,33,45,32,34,31,24,26,35,38,28,27,26,18
"22-09-2022",14,14,10,16,12,12,21,23,49,38,32,26,17,25,24,29,23,24,18,27,28,24,30,27
"23-09-2022",22,18,13,17,14,12,39,31,27,30,34,27,21,17,20,15,28,27,21,40,30,32,30,25
"24-09-2022",20,29,18,17,26,23,31,25,44,47,35,25,20,23,31,20,27,19,21,18,20,20,18,20
"25-09-2022",40,41,44,29,38,24,30,31,36,46,32,27,33,23,22,17,15,19,23,18,19,21,26,24
"26-09-2022",27,38,57,37,34,30,45,59,72,72,75,40,27,29,24,21,20,17,19,23,19,18,20,20
"27-09-2022",28,37,45,31,31,25,24,39,56,60,41,17,24,16,17,23,15,14,34,38,40,27,45,39
"28-09-2022",34,37,27,32,34,36,40,48,47,45,34,26,25,22,27,14,23,26,24,28,33,27,36,27
"29-09-2022",27,24,27,29,17,29,26,43,60,54,37,24,22,19,19,19,18,20,17,25,34,28,34,29
"30-09-2022",30,25,36,31,27,30,44,45,73,84,53,61,38,31,40,25,16,19,18,22,12,18,36,36
"01-10-2022",56,66,52,42,34,34,41,48,60,80,56,27,27,28,27,44,44,46,48,55,55,51,57,59
"02-10-2022",59,67,63,67,65,65,87,56,39,50,69,22,39,23,18,15,17,17,15,17,19,8,22,18
"03-10-2022",19,25,26,15,22,24,25,27,40,36,39,31,31,26,-9999,-9999,19,18,20,15,19,14,15,31
"04-10-2022",27,23,14,39,37,41,44,32,35,34,40,31,30,27,29,29,36,20,20,24,30,23,31,23
"05-10-2022",23,19,12,14,9,13,14,22,29,32,35,36,30,33,28,28,24,31,32,22,26,24,19,22
"06-10-2022",13,12,22,20,21,20,19,18,29,26,34,31,21,21,23,33,26,24,26,21,17,17,21,16
"07-10-2022",18,17,15,12,17,19,21,27,26,33,34,34,31,33,32,25,36,35,27,27,27,27,22,25
"08-10-2022",23,24,22,16,21,21,21,22,46,41,34,32,31,21,22,20,19,20,30,25,26,35,42,43
"09-10-2022",45,38,22,30,25,27,23,32,38,40,35,43,38,26,33,22,35,22,24,23,30,27,27,34
"10-10-2022",41,55,48,39,29,28,45,41,71,68,65,54,52,45,40,36,40,52,47,38,45,39,37,33
"11-10-2022",32,33,32,27,32,34,38,36,39,46,57,47,47,48,45,32,31,37,34,33,37,39,45,51
"12-10-2022",84,64,68,36,52,38,67,51,61,71,59,48,41,42,43,38,38,27,39,39,40,40,41,31
"13-10-2022",29,27,22,17,17,18,25,38,36,33,42,84,37,31,38,29,31,27,22,26,35,31,29,30
"14-10-2022",27,24,16,15,16,15,27,33,39,41,38,38,31,24,51,42,40,29,23,15,39,35,28,28
"15-10-2022",16,22,25,24,20,15,17,14,13,12,8,6,12,20,18,11,19,32,36,17,22,23,22,15
"16-10-2022",17,17,17,21,16,16,16,25,29,22,20,23,22,18,28,23,26,21,16,24,14,18,21,22
"17-10-2022",23,20,25,20,19,21,32,25,31,29,35,35,27,24,40,36,28,21,20,26,19,22,23,25
"18-10-2022",25,26,24,21,17,18,26,25,22,28,33,43,45,27,40,37,36,27,26,21,20,21,23,19
"19-10-2022",17,16,14,21,25,25,29,32,33,29,34,44,39,30,33,37,29,24,27,27,30,27,41,55
"20-10-2022",49,45,33,35,27,25,35,48,57,66,64,45,40,35,34,44,39,68,41,40,37,39,46,42
"21-10-2022",40,33,34,38,37,33,39,52,34,50,43,43,37,36,37,35,34,33,29,28,29,32,36,33
"22-10-2022",34,26,25,23,23,30,21,27,33,34,33,31,36,31,31,28,33,26,20,27,25,47,59,59
"23-10-2022",71,67,63,51,41,38,39,42,35,56,54,48,50,37,29,25,31,23,26,26,32,32,65,62
"24-10-2022",64,78,65,57,50,53,63,69,82,113,106,89,42,39,53,68,40,32,32,36,35,39,34,60
"25-10-2022",71,71,71,65,63,51,59,77,88,94,88,105,67,56,46,44,40,44,48,34,38,44,57,91
"26-10-2022",94,79,81,77,68,68,78,78,96,118,128,95,76,73,84,54,54,48,48,55,48,52,43,44
"27-10-2022",69,77,76,55,62,70,61,81,96,96,92,67,57,-9999,-9999,-9999,35,38,31,31,29,29,40,25
"28-10-2022",22,34,28,27,17,26,25,25,36,29,25,33,25,31,28,39,32,24,20,17,18,17,25,15
"29-10-2022",21,18,21,19,13,18,19,23,21,18,24,27,25,24,24,29,22,22,28,24,21,20,27,27
"30-10-2022",23,27,30,21,20,21,19,24,24,38,23,28,23,24,13,20,17,19,18,23,24,14,23,33
"31-10-2022",39,27,29,31,33,25,33,44,69,83,57,52,46,29,31,32,27,31,40,33,36,23,32,39
"01-11-2022",39,38,30,25,29,33,34,33,47,47,32,32,31,27,26,21,30,25,25,19,26,29,39,31
"02-11-2022",25,32,22,35,25,23,32,70,72,73,62,43,41,29,40,33,30,37,32,37,42,59,68,85
"03-11-2022",90,74,61,51,47,41,50,65,85,89,76,73,69,49,46,45,28,39,37,38,45,56,69,102
"04-11-2022",101,80,71,65,55,55,58,73,87,91,76,52,51,55,49,45,46,44,48,42,55,54,71,71
"05-11-2022",53,89,60,50,54,43,52,62,66,61,51,32,28,35,33,38,42,39,37,34,32,31,30,29
"06-11-2022",27,30,25,17,23,31,30,40,32,27,24,27,28,20,32,53,19,23,34,35,66,64,27,48
"07-11-2022",66,63,41,35,21,23,41,49,58,56,42,43,36,29,32,41,56,47,49,49,53,48,63,67
"08-11-2022",68,72,44,44,45,49,57,81,73,106,78,57,49,44,61,59,41,48,48,51,56,62,58,69
"09-11-2022",60,71,60,51,42,38,57,101,94,58,50,45,48,51,44,45,40,43,54,48,48,40,47,50
"10-11-2022",40,43,40,45,39,37,47,61,61,71,57,57,47,45,43,40,41,49,54,60,53,52,51,60
"11-11-2022",51,51,51,57,50,50,64,67,74,69,69,48,47,40,48,60,45,38,48,49,53,58,56,58
"12-11-2022",50,47,40,39,42,20,13,18,20,15,44,38,23,19,25,27,19,19,18,18,13,22,26,30
"13-11-2022",43,43,33,38,22,27,34,35,44,45,50,33,36,48,40,46,47,40,43,41,45,47,59,50
"14-11-2022",51,53,73,67,54,56,48,46,55,75,64,52,43,36,38,41,35,34,30,29,31,35,33,34
"15-11-2022",42,48,60,53,48,46,55,62,70,80,73,40,37,39,40,30,32,30,33,24,26,24,44,53
"16-11-2022",62,30,24,30,41,40,49,58,78,86,75,35,24,25,19,17,15,18,25,45,32,57,35,43
"17-11-2022",36,55,44,46,38,32,43,39,52,55,27,23,23,23,29,37,39,43,45,55,58,55,49,47
"18-11-2022",47,58,50,69,52,49,60,69,88,80,62,57,43,22,25,27,26,29,28,32,31,22,36,37
"19-11-2022",30,49,33,29,32,39,40,37,47,57,59,31,22,33,30,31,23,20,30,29,25,30,25,25
"20-11-2022",25,47,39,31,28,37,38,45,59,87,110,93,75,61,53,61,53,48,51,56,56,73,76,102
"21-11-2022",120,115,100,109,96,48,33,44,33,29,29,22,15,18,71,38,19,25,33,26,25,20,30,19
"22-11-2022",20,22,14,15,17,14,15,21,34,28,37,25,24,17,11,11,16,18,13,20,21,21,22,21
"23-11-2022",28,34,32,28,19,20,12,12,21,47,-9999,-9999,-9999,28,27,19,17,31,33,26,39,54,52,37
"24-11-2022",30,36,22,21,18,26,46,45,90,51,22,22,28,26,26,29,27,26,30,21,24,18,36,22
"25-11-2022",27,29,12,11,10,7,16,15,19,29,27,22,28,26,17,26,28,22,20,27,24,33,32,34
"26-11-2022",31,30,23,28,19,22,26,36,39,56,51,27,28,21,19,26,19,34,25,36,36,27,32,24
"27-11-2022",24,19,25,15,15,17,22,22,26,19,26,25,36,31,32,27,30,26,22,18,24,22,23,25
"28-11-2022",21,22,19,17,19,16,22,28,34,17,19,21,16,13,13,10,11,12,16,19,17,16,19,12
"29-11-2022",9,15,10,7,9,10,23,28,36,28,34,27,29,18,30,32,27,41,27,19,29,35,43,33
"30-11-2022",42,33,20,19,12,16,17,20,35,28,39,37,34,38,29,28,35,41,36,48,54,51,56,39
"01-12-2022",44,33,23,45,15,21,19,21,37,41,40,48,32,25,38,32,27,26,28,25,26,23,90,112
"02-12-2022",152,33,19,18,17,21,34,64,84,99,75,50,30,27,26,21,24,14,22,51,50,48,48,48
"03-12-2022",48,43,29,29,25,20,24,31,36,31,30,26,19,21,24,25,32,25,27,27,28,37,40,38
"04-12-2022",30,32,32,30,32,28,37,44,48,44,40,33,27,15,20,23,24,23,22,23,31,28,32,31
"05-12-2022",36,34,23,18,19,17,26,39,38,43,34,32,29,24,30,30,29,46,45,29,32,36,39,40
"06-12-2022",36,39,29,27,15,22,26,30,46,41,37,23,23,33,27,24,20,19,16,16,21,26,25,11
"07-12-2022",16,15,15,14,13,19,45,65,89,64,69,27,22,16,13,14,26,22,11,20,17,19,17,16
"08-12-2022",16,20,15,39,37,31,28,42,39,49,118,78,30,24,22,21,30,30,36,36,32,83,40,36
"09-12-2022",36,34,31,27,34,42,69,76,83,89,118,50,58,51,67,65,67,63,60,66,64,69,79,73
"10-12-2022",65,58,79,58,51,47,51,54,66,62,62,54,51,51,50,56,59,63,58,62,65,64,67,66
"11-12-2022",59,58,51,61,66,76,50,47,33,29,32,23,35,31,40,46,57,45,21,34,24,36,29,29
"12-12-2022",26,26,24,25,17,21,23,33,47,43,41,51,45,32,27,24,24,17,24,16,19,18,22,23
"13-12-2022",19,17,43,38,38,40,42,38,66,43,46,55,41,54,43,50,38,36,39,39,33,50,42,28
"14-12-2022",25,44,17,17,15,14,21,19,40,41,44,41,33,27,-9999,-9999,-9999,-9999,22,20,18,27,28,26
"15-12-2022",20,17,15,20,14,22,33,25,38,47,47,55,60,50,58,59,48,53,54,58,65,75,105,131
"16-12-2022",148,135,95,79,77,60,61,82,115,114,121,90,78,41,53,44,36,40,47,44,38,37,45,46
"17-12-2022",48,45,42,39,60,65,67,74,74,67,59,42,40,40,44,36,38,44,41,42,38,38,48,42
"18-12-2022",51,52,77,74,63,59,60,55,64,72,50,63,64,57,61,51,59,57,43,35,47,51,55,48
"19-12-2022",-9999,-9999,-9999,-9999,-9999,-9999,-9999,-9999,-9999,-9999,-9999,-9999,-9999,-9999,-9999,-9999,-9999,33,35,26,28,22,28,21
"20-12-2022",20,18,16,18,12,15,24,16,18,25,25,26,27,19,28,27,20,24,21,17,20,17,18,17
"21-12-2022",16,14,16,19,17,14,18,25,43,39,31,25,23,23,33,25,29,25,22,28,20,25,42,47
"22-12-2022",65,69,50,52,32,23,33,40,51,74,73,44,29,26,22,22,21,24,30,31,39,92,126,139
"23-12-2022",131,111,122,93,68,46,55,47,60,83,64,62,43,31,26,30,41,26,29,53,72,90,124,154
"24-12-2022",128,117,108,105,72,56,56,58,57,64,65,59,37,25,25,26,24,25,30,28,61,107,158,256
"25-12-2022",281,273,189,140,93,60,41,34,41,19,29,25,22,18,26,23,14,17,14,18,39,38,49,32
"26-12-2022",18,29,61,81,58,51,50,38,36,30,40,32,27,18,17,20,10,15,17,13,27,77,110,181
"27-12-2022",186,180,148,116,73,61,63,61,77,82,85,75,53,39,28,20,27,26,29,27,36,38,100,176
"28-12-2022",187,175,150,98,59,51,47,65,66,63,62,57,55,40,37,35,36,39,41,34,63,70,71,87
"29-12-2022",108,99,98,85,60,46,45,54,82,133,94,72,69,40,25,30,29,33,32,31,36,44,90,103
"30-12-2022",106,114,114,124,91,80,79,79,86,84,98,68,48,40,36,32,27,30,26,26,31,53,77,118
"31-12-2022",137,119,125,95,68,48,46,55,54,63,61,48,39,22,20,29,24,36,47,45,63,86,95,107
"01-01-2023",90,153,139,85,78,69,57,49,49,47,47,43,15,20,16,20,15,24,28,35,38,43,50,51
"02-01-2023",68,101,103,84,51,53,47,47,61,65,55,54,42,42,24,23,27,21,29,35,53,80,113,134
"03-01-2023",143,116,89,80,71,49,48,59,69,65,69,54,38,33,30,29,23,29,38,37,55,75,127,145
"04-01-2023",176,174,123,100,72,50,55,66,86,84,83,76,64,37,30,28,17,24,34,50,51,59,61,64
"05-01-2023",81,88,87,91,79,54,47,62,87,86,72,82,42,36,39,32,26,31,34,33,49,69,106,127
"06-01-2023",129,161,148,137,89,79,76,69,57,62,50,40,29,31,27,23,22,23,20,30,43,67,92,127
"07-01-2023",135,148,120,112,69,51,49,53,49,57,61,46,35,23,27,20,21,19,27,37,66,66,84,80
"08-01-2023",81,86,76,61,48,48,42,46,41,51,46,50,32,19,19,23,21,18,27,32,50,79,87,72
"09-01-2023",78,71,67,70,49,44,54,60,70,86,86,87,57,47,33,24,23,20,26,24,29,27,33,65
"10-01-2023",65,25,28,12,12,8,37,32,42,44,59,29,15,17,17,38,29,27,21,26,19,17,17,8
"11-01-2023",20,19,16,17,27,25,42,32,69,76,82,46,29,23,19,19,21,27,20,22,26,32,48,29
"12-01-2023",27,21,26,19,15,22,14,30,36,39,34,30,28,25,29,33,32,27,29,32,25,37,30,25
"13-01-2023",20,11,15,17,14,12,20,23,32,26,29,27,28,24,35,26,30,28,21,25,21,35,25,29
"14-01-2023",21,40,29,56,26,30,34,44,48,61,59,45,26,21,19,19,19,26,28,35,32,80,80,68
"15-01-2023",98,78,88,69,55,34,30,25,-9999,-9999,33,-9999,15,10,17,14,22,18,19,22,28,28,37,42
"16-01-2023",82,95,113,55,38,30,33,38,67,76,70,56,39,36,22,13,21,14,25,18,19,13,15,18
"17-01-2023",19,18,18,13,26,20,25,26,32,29,32,24,22,33,31,36,35,36,40,41,40,55,40,42
"18-01-2023",41,41,39,41,42,60,44,41,59,52,69,70,46,53,46,53,54,57,57,51,59,55,49,63
"19-01-2023",51,45,43,54,75,60,48,41,42,43,43,-9999,-9999,38,42,41,34,35,46,44,45,37,37,34
"20-01-2023",27,31,44,34,29,35,37,56,16,19,17,22,22,25,21,23,34,18,17,21,24,36,32,24
"21-01-2023",17,15,26,45,40,23,15,19,26,30,37,43,44,45,80,87,74,66,34,37,59,80,67,66
"22-01-2023",61,48,49,38,19,27,46,45,51,39,39,24,21,20,21,30,33,28,30,39,43,47,52,57
"23-01-2023",40,39,36,35,42,34,47,54,62,69,70,34,39,37,37,40,38,32,32,37,40,34,37,41
"24-01-2023",75,33,17,19,13,17,15,26,33,43,53,57,53,47,37,31,33,26,37,44,44,46,44,45
"25-01-2023",41,34,31,28,24,22,28,19,37,38,42,33,24,26,24,28,29,21,28,30,29,31,27,28
"26-01-2023",30,27,26,24,27,23,31,37,49,48,43,41,10,21,27,14,22,27,28,33,47,46,76,84
"27-01-2023",103,84,81,64,50,27,46,63,64,74,47,42,37,28,24,22,17,19,11,22,65,73,85,78
"28-01-2023",55,46,35,16,17,19,38,15,29,32,38,25,24,15,14,17,13,12,13,14,32,83,77,73
"29-01-2023",57,40,25,22,18,23,27,20,24,13,21,27,27,16,15,22,23,20,18,21,26,30,24,25
"30-01-2023",20,25,23,15,10,14,27,35,32,27,36,21,21,24,26,24,26,25,23,33,38,50,90,105
"31-01-2023",121,124,92,86,73,56,67,56,61,38,37,33,28,27,29,36,25,24,26,21,24,22,22,26
"01-02-2023",21,15,13,12,18,21,14,31,27,20,22,23,19,24,19,26,17,19,19,21,31,34,58,67
"02-02-2023",82,100,129,107,78,69,67,73,71,79,98,41,31,20,33,35,30,30,28,23,33,36,32,23
"03-02-2023",22,44,30,39,60,74,52,58,67,75,104,61,28,27,17,27,23,19,20,24,24,27,34,43
"04-02-2023",37,54,71,62,59,62,61,61,63,63,76,85,76,42,31,21,17,20,24,20,21,49,54,16
"05-02-2023",37,23,9,9,7,7,5,7,8,14,10,7,5,8,8,10,10,7,14,12,21,17,23,27
"06-02-2023",17,7,7,6,9,11,9,10,14,14,14,12,17,23,23,24,21,23,25,22,27,15,18,19
"07-02-2023",21,20,17,15,21,18,19,22,25,27,20,20,14,10,12,32,21,10,10,17,28,24,26,39
"08-02-2023",35,47,21,22,13,25,30,31,30,39,49,33,28,30,27,23,26,23,26,28,30,28,26,40
"09-02-2023",29,22,15,15,24,16,16,18,11,20,17,24,51,41,35,30,28,22,21,29,28,36,36,39
"10-02-2023",27,23,23,18,20,15,23,21,34,33,30,30,32,19,21,21,27,21,21,30,32,26,28,24
"11-02-2023",24,24,22,18,19,17,24,28,45,27,29,25,38,23,26,27,25,22,24,26,34,38,47,37
"12-02-2023",44,40,55,68,120,109,86,71,64,61,48,38,35,32,25,26,24,28,22,26,46,51,44,44
"13-02-2023",51,40,31,34,26,28,35,27,30,37,26,20,27,27,20,20,25,24,20,27,24,28,22,32
"14-02-2023",26,16,24,28,24,20,22,27,39,40,33,33,34,31,43,42,38,34,28,27,43,64,67,74
"15-02-2023",63,75,39,28,30,32,35,35,38,38,45,46,45,41,41,45,41,48,31,32,34,45,62,66
"16-02-2023",85,114,110,101,82,67,69,70,87,84,88,71,39,37,27,33,35,35,32,33,41,39,86,201
"17-02-2023",393,314,213,168,121,92,84,82,101,111,117,71,54,37,37,31,37,33,34,35,40,41,39,40
"18-02-2023",60,61,129,91,91,83,81,69,65,71,76,61,31,30,32,31,22,24,21,25,34,38,67,36
"19-02-2023",37,36,29,24,25,29,66,49,53,50,40,29,36,33,31,30,28,35,38,37,37,33,37,33
"20-02-2023",40,45,25,20,24,22,41,48,55,71,35,36,63,42,49,36,29,23,16,18,27,43,46,56
"21-02-2023",38,29,30,42,47,42,43,58,62,94,91,30,35,34,36,29,25,21,41,32,32,38,57,35
"22-02-2023",37,56,78,35,35,34,60,84,103,107,69,-9999,-9999,38,34,38,33,40,35,43,44,52,50,46
"23-02-2023",49,65,66,76,86,83,80,92,108,108,81,78,63,47,42,39,38,38,40,35,42,38,41,50
"24-02-2023",111,111,104,75,73,64,60,65,86,63,53,54,52,45,37,38,36,30,38,33,33,38,42,52
"25-02-2023",62,60,65,57,36,32,60,77,72,44,41,40,38,40,37,37,35,34,38,39,35,36,42,40
"26-02-2023",41,33,33,32,35,32,33,27,31,31,29,32,36,38,40,43,44,45,45,45,44,42,45,44
"27-02-2023",52,58,69,63,77,48,59,48,53,53,52,52,49,50,66,64,81,88,153,78,61,59,61,71
"28-02-2023",61,56,71,62,56,56,60,70,113,122,87,85,85,93,93,98,99,92,89,78,87,95,99,89
"01-03-2023",84,77,66,70,67,55,88,80,109,108,83,80,83,66,61,60,61,55,58,68,58,64,61,63
"02-03-2023",50,48,42,45,41,34,46,59,56,51,61,54,50,52,45,49,53,50,49,29,13,21,25,28
"03-03-2023",27,32,21,37,27,38,30,34,49,45,38,24,19,22,30,21,27,31,30,31,35,38,42,30
"04-03-2023",32,63,57,43,26,24,26,25,21,22,27,30,34,27,27,34,35,37,32,38,41,48,44,50
"05-03-2023",100,133,132,111,92,77,87,62,64,72,60,37,25,20,16,10,9,15,18,18,23,18,20,17
"06-03-2023",16,26,19,12,8,17,12,33,28,41,39,18,17,16,19,15,13,16,11,12,17,30,32,23
"07-03-2023",22,26,28,27,31,29,25,37,55,-9999,22,23,29,25,27,31,54,24,22,25,23,22,46,14
"08-03-2023",21,24,24,26,38,51,42,44,59,52,36,23,22,22,21,19,18,17,16,23,21,20,23,16
"09-03-2023",21,24,21,14,23,28,42,41,58,31,-9999,34,36,23,24,14,16,21,21,23,24,31,43,26
"10-03-2023",24,25,24,34,39,28,26,30,72,60,25,22,14,23,21,15,23,21,32,29,35,36,20,19
"11-03-2023",29,14,27,24,24,27,37,30,33,28,27,27,29,26,26,22,30,30,32,32,30,33,38,30
"12-03-2023",36,29,21,22,26,36,36,42,41,43,21,34,19,21,28,31,37,22,28,24,22,23,29,20
"13-03-2023",21,25,22,23,28,22,22,23,32,32,28,24,33,32,30,32,37,32,24,24,25,28,25,20
"14-03-2023",17,22,15,15,19,15,24,26,30,30,37,40,41,28,30,26,20,26,24,27,22,30,21,26
"15-03-2023",23,26,44,39,52,46,55,77,101,86,46,25,31,17,19,34,20,15,34,39,27,25,23,39
"16-03-2023",72,76,69,67,46,40,38,57,65,62,-9999,-9999,-9999,25,29,24,24,26,34,22,22,26,29,26
"17-03-2023",22,13,20,9,10,7,9,6,27,30,23,24,19,18,32,36,34,20,25,21,27,25,26,12
"18-03-2023",18,19,23,12,20,13,25,20,54,26,36,36,27,28,24,31,27,23,16,23,25,25,34,25
"19-03-2023",21,18,12,13,27,20,21,19,23,21,23,12,18,25,25,21,17,9,13,16,19,20,35,43
"20-03-2023",35,42,47,51,47,47,52,59,61,57,47,29,37,30,16,15,14,13,24,19,26,21,27,34
"21-03-2023",41,50,64,77,54,54,62,70,79,86,85,54,59,76,72,52,50,60,33,27,40,74,80,67
"22-03-2023",79,80,85,65,62,70,105,87,97,89,74,57,51,49,37,35,23,28,35,23,32,41,37,37
"23-03-2023",37,30,36,29,27,29,42,47,74,56,35,41,35,36,27,25,20,23,23,25,31,33,29,27
"24-03-2023",21,16,24,29,24,20,32,41,38,34,33,37,34,30,33,22,26,23,28,34,38,38,34,31
"25-03-2023",37,46,63,75,60,46,49,55,69,60,40,25,31,41,35,31,25,24,26,29,30,36,37,36
"26-03-2023",44,25,24,24,39,27,-9999,23,35,36,29,30,22,25,26,23,20,28,19,23,20,17,22,24
"27-03-2023",28,40,46,45,43,36,50,59,75,64,43,39,29,37,27,29,27,33,32,34,78,37,37,35
"28-03-2023",34,20,24,15,21,40,49,42,31,54,48,55,44,72,75,27,25,113,17,18,12,14,9,9
"29-03-2023",17,17,24,19,16,19,19,22,29,32,32,49,27,26,24,28,15,16,12,10,11,15,28,35
"30-03-2023",60,55,51,56,50,52,36,45,43,39,39,29,28,18,23,21,17,16,10,17,17,15,15,21
"31-03-2023",38,52,64,34,27,18,19,28,28,26,48,50,38,32,29,21,24,25,26,24,25,22,62,36
"01-04-2023",36,34,28,31,24,21,23,26,27,35,30,38,37,39,39,30,31,31,31,40,46,45,51,42
"02-04-2023",47,42,31,49,41,41,42,49,57,58,52,51,41,44,52,57,48,58,47,47,32,38,37,31
"03-04-2023",42,36,48,63,42,39,48,73,60,53,73,74,63,62,44,52,46,25,39,47,49,47,57,51
"04-04-2023",28,34,24,16,17,27,30,24,27,47,41,24,22,22,22,25,18,19,30,29,18,35,30,22
"05-04-2023",20,21,25,24,19,14,18,23,29,45,38,40,31,27,31,21,27,19,21,24,29,23,22,19
"06-04-2023",21,15,17,9,17,10,24,29,46,36,23,15,17,22,20,17,14,16,19,13,22,35,25,24
"07-04-2023",21,18,9,14,12,13,23,28,39,41,42,35,43,29,29,19,23,15,17,21,24,23,24,23
"08-04-2023",28,32,26,52,40,33,47,51,60,69,37,19,25,26,22,18,19,22,18,21,18,27,29,37
"09-04-2023",42,45,34,41,35,30,37,34,41,37,24,19,19,29,27,24,19,21,24,22,26,32,26,23
"10-04-2023",20,25,23,18,16,23,36,31,41,40,33,30,31,35,26,19,28,29,26,21,23,27,29,16
"11-04-2023",16,19,13,15,12,11,15,17,15,26,27,13,23,26,25,29,32,25,20,22,25,26,31,21
"12-04-2023",18,28,24,30,32,27,33,37,47,50,49,38,37,32,36,27,27,31,29,28,23,30,31,22
"13-04-2023",30,19,49,56,21,32,45,43,59,67,54,45,34,26,25,29,27,27,24,31,31,28,33,29
"14-04-2023",26,34,35,30,56,38,53,54,50,38,40,41,38,40,43,39,39,45,42,33,32,33,37,33
"15-04-2023",38,43,39,33,42,24,23,30,34,23,26,20,26,21,20,18,14,19,14,19,16,23,18,23
"16-04-2023",26,59,39,32,31,25,27,25,34,34,22,23,22,24,29,27,26,23,15,18,20,20,24,22
"17-04-2023",22,15,12,19,19,19,16,16,14,15,10,22,10,14,26,11,10,11,18,19,25,23,29,33
"18-04-2023",27,34,28,34,27,27,35,37,33,55,42,40,23,21,30,21,23,19,13,16,17,20,21,24
"19-04-2023",17,24,27,12,16,21,24,30,42,17,29,21,17,21,18,16,14,16,13,15,14,12,13,12
"20-04-2023",15,24,19,15,13,28,26,38,56,43,31,29,19,22,16,11,10,14,16,13,18,21,19,19
"21-04-2023",22,31,38,35,28,30,39,40,48,43,42,-9999,-9999,25,25,17,22,18,18,21,18,19,13,15
"22-04-2023",13,11,20,20,15,37,41,40,48,36,29,30,18,19,17,9,10,14,28,21,28,18,17,16
"23-04-2023",14,11,17,20,16,19,12,25,18,17,16,17,24,20,26,30,20,21,22,19,26,30,43,39
"24-04-2023",30,37,49,44,39,43,53,48,59,57,47,38,41,36,38,26,32,28,37,25,29,26,29,29
"25-04-2023",25,35,25,27,17,19,26,39,42,37,32,33,31,33,27,24,25,22,20,14,24,28,31,29
"26-04-2023",28,25,24,24,25,22,28,27,35,42,37,39,32,29,25,34,25,24,21,22,57,47,27,19
"27-04-2023",17,14,14,15,15,14,19,19,25,23,28,32,27,29,28,28,28,23,20,32,30,29,31,29
"28-04-2023",24,31,17,17,17,21,37,22,26,34,37,30,27,29,27,32,26,30,27,26,18,30,23,30
"29-04-2023",41,35,31,37,29,30,35,44,44,36,27,35,26,27,22,22,21,19,23,21,22,26,20,26
"30-04-2023",29,27,27,30,27,24,23,32,36,35,30,36,28,23,27,28,23,36,25,27,19,23,27,26
"01-05-2023",20,20,21,26,26,28,43,43,47,28,32,27,28,19,24,24,19,20,24,22,24,29,35,43
"02-05-2023",42,38,38,33,24,22,38,42,54,46,58,54,35,29,32,30,29,33,38,32,28,29,37,24
"03-05-2023",24,28,25,30,32,27,28,30,43,68,78,47,56,33,30,54,37,39,39,43,49,48,63,55
"04-05-2023",47,53,44,38,38,37,56,77,89,75,42,34,40,44,44,44,44,46,31,30,35,33,32,35
"05-05-2023",35,41,27,27,25,27,26,38,50,41,31,40,32,38,23,20,26,35,26,20,21,23,31,22
"06-05-2023",23,25,21,17,23,22,25,21,29,26,33,28,30,28,37,28,19,23,17,17,25,23,29,27
"07-05-2023",21,23,21,20,20,25,19,28,24,19,23,23,27,29,20,18,17,16,15,25,30,48,28,24
"08-05-2023",23,31,20,22,30,37,40,64,74,51,72,44,44,24,29,32,27,25,31,23,30,29,27,33
"09-05-2023",20,29,39,31,32,33,54,36,50,40,34,41,38,37,50,38,35,31,40,39,42,47,42,37
"10-05-2023",35,31,33,31,22,23,46,58,34,40,38,35,33,33,30,31,26,23,30,33,29,29,36,26
"11-05-2023",21,17,10,15,15,20,26,31,29,34,37,34,39,34,23,32,30,27,25,18,18,17,19,20
"12-05-2023",20,20,21,17,14,16,17,32,28,34,35,29,37,31,34,31,26,34,30,29,24,22,33,27
"13-05-2023",27,22,18,17,19,18,25,38,30,31,32,27,35,32,27,24,24,19,25,27,25,20,19,27
"14-05-2023",27,36,29,26,33,41,43,54,52,53,51,49,56,36,31,26,26,18,20,23,38,35,27,30
"15-05-2023",29,29,30,27,38,33,48,54,58,48,42,61,35,33,31,22,22,24,16,23,40,33,46,54
"16-05-2023",44,48,63,40,49,42,40,67,63,46,65,64,48,36,51,44,38,40,47,45,64,44,48,50
"17-05-2023",43,48,50,47,31,30,47,51,66,49,43,41,42,41,41,27,19,28,79,38,34,38,39,41
"18-05-2023",30,30,28,30,24,24,25,40,50,39,42,31,23,34,32,24,21,20,29,27,24,25,25,27
"19-05-2023",52,30,27,29,18,26,22,26,38,46,36,35,31,25,26,27,22,28,25,27,27,24,45,29
"20-05-2023",32,50,39,36,38,43,49,42,54,70,48,38,36,34,31,33,25,24,27,28,23,36,33,28
"21-05-2023",21,25,19,23,23,21,25,37,44,30,29,24,26,26,31,37,36,39,32,35,31,34,32,34
"22-05-2023",26,27,29,22,26,28,31,32,45,37,47,46,40,48,50,48,41,39,31,38,92,33,31,30
"23-05-2023",31,28,28,29,23,25,30,30,59,38,30,36,-9999,-9999,-9999,-9999,-9999,-9999,-9999,-9999,-9999,-9999,-9999,-9999
"24-05-2023",-9999,-9999,-9999,-9999,-9999,-9999,-9999,-9999,-9999,-9999,-9999,-9999,-9999,-9999,31,26,21,19,14,20,19,29,40,29
"25-05-2023",36,36,41,35,35,29,36,55,68,49,90,38,28,33,34,28,29,24,24,17,24,27,23,27
"26-05-2023",31,46,50,31,51,62,60,35,58,77,34,29,40,36,32,26,30,33,47,36,38,31,29,27
"27-05-2023",30,23,19,19,26,23,23,24,21,25,29,28,32,24,25,24,26,18,21,25,24,27,23,23
"28-05-2023",22,25,24,16,20,23,26,25,26,21,21,25,23,29,16,14,16,15,15,21,13,22,22,22
"29-05-2023",17,25,17,17,12,16,20,23,29,27,25,17,23,22,39,14,16,27,27,29,25,21,31,28
"30-05-2023",27,25,22,26,17,23,20,39,50,49,46,31,27,24,1,-9999,15,22,17,16,21,19,23,22
"31-05-2023",21,23,26,22,31,29,39,34,46,42,38,40,35,42,35,57,46,52,63,56,37,30,38,56
"01-06-2023",43,39,44,43,42,40,41,54,60,41,32,43,39,34,29,27,30,28,25,28,27,24,31,25
"02-06-2023",31,26,43,34,24,25,30,42,40,54,47,44,42,35,32,27,25,28,25,23,30,23,22,27
"03-06-2023",25,25,28,25,29,44,59,65,64,55,46,31,26,35,36,23,20,22,22,23,24,24,33,41
"04-06-2023",38,32,29,24,25,33,29,42,42,80,48,51,44,45,38,32,27,24,25,25,34,38,39,26
"05-06-2023",27,30,31,31,23,24,27,32,28,47,68,31,33,30,26,21,26,27,24,28,24,27,24,26
"06-06-2023",25,25,24,24,19,15,27,30,32,33,40,40,30,32,22,22,25,29,35,49,53,33,35,31
"07-06-2023",26,25,23,21,22,26,44,43,57,45,45,31,32,37,38,34,33,32,47,40,37,31,42,30
"08-06-2023",39,40,34,31,21,25,25,32,46,44,41,49,48,42,45,30,27,39,46,41,48,32,44,36
"09-06-2023",29,32,31,25,26,32,34,49,48,67,52,36,27,36,44,29,27,25,24,28,23,27,25,24
"10-06-2023",31,34,40,34,37,47,55,57,60,57,28,31,35,52,36,26,23,25,21,22,21,17,25,35
"11-06-2023",36,26,33,45,28,33,28,32,35,36,27,28,43,41,36,26,28,17,25,30,44,36,55,46
"12-06-2023",43,37,39,45,32,30,49,57,58,56,53,44,26,35,31,32,22,39,40,24,28,31,38,33
"13-06-2023",30,37,31,23,25,22,35,39,47,35,38,29,25,45,31,29,25,35,48,34,28,31,31,30
"14-06-2023",24,28,21,18,21,24,32,44,50,51,37,37,41,42,34,23,20,22,20,23,23,21,21,21
"15-06-2023",17,32,28,24,31,27,44,44,47,59,61,45,29,30,32,23,20,20,29,30,30,26,27,38
"16-06-2023",38,47,54,33,34,21,28,42,27,30,44,34,32,25,30,28,26,21,20,28,20,33,41,38
"17-06-2023",47,48,36,31,34,30,40,38,50,39,44,37,33,26,30,25,27,21,28,27,26,21,28,23
"18-06-2023",29,25,16,24,23,16,16,21,15,11,8,12,11,18,17,11,13,11,10,20,19,22,24,27
"19-06-2023",20,24,28,30,28,21,36,45,53,39,33,33,31,30,31,33,28,43,22,26,30,19,24,23
"20-06-2023",26,27,52,40,33,41,50,60,72,50,80,59,41,58,49,36,29,24,22,17,21,20,21,21
"21-06-2023",38,25,38,30,29,31,46,70,61,42,37,39,41,47,40,32,22,28,19,20,24,31,38,26
"22-06-2023",23,29,36,41,20,21,27,47,63,84,-9999,-9999,-9999,-9999,-9999,34,27,31,76,34,51,31,33,38
"23-06-2023",33,32,35,38,42,30,39,48,65,45,40,37,38,35,34,25,27,25,26,22,26,27,25,25
"24-06-2023",23,25,32,26,29,37,44,38,37,43,42,23,26,16,31,26,25,32,25,29,33,38,34,50
"25-06-2023",34,27,26,32,27,33,37,45,43,25,56,43,42,43,41,30,32,29,32,43,31,40,48,41
"26-06-2023",28,34,26,29,28,31,31,42,46,46,57,41,36,44,31,28,26,30,26,40,50,45,46,28
"27-06-2023",28,34,22,16,15,17,26,36,38,35,26,28,25,29,27,29,26,34,35,23,25,28,29,29
"28-06-2023",22,27,38,21,23,27,34,38,40,38,68,39,48,43,35,25,23,23,23,27,19,25,28,27
"29-06-2023",21,25,32,33,29,32,33,47,47,49,58,45,41,43,29,34,41,37,27,32,40,40,38,31
"30-06-2023",29,24,30,21,19,18,21,23,28,33,30,36,24,27,24,26,28,14,18,23,20,23,20,17
"01-07-2023",21,25,27,15,18,24,34,37,33,38,33,25,33,31,30,24,25,24,21,18,22,25,29,27
"02-07-2023",26,22,20,17,21,17,21,31,19,28,20,20,28,25,25,27,24,26,35,33,29,37,35,37
"03-07-2023",37,44,45,45,35,37,37,38,70,44,53,42,34,43,40,31,27,37,113,28,33,33,34,25
"04-07-2023",26,30,30,28,38,31,49,52,60,46,59,47,38,43,51,41,41,35,30,30,32,39,38,27
"05-07-2023",35,31,40,43,39,46,44,49,57,45,37,47,36,29,37,41,35,28,32,32,33,36,39,30
"06-07-2023",35,38,33,29,21,23,30,27,44,41,43,47,33,35,34,44,34,31,28,27,26,34,35,39
"07-07-2023",36,42,31,32,28,28,35,43,65,74,43,37,34,77,32,26,34,25,26,27,34,38,35,27
"08-07-2023",60,28,32,41,30,48,34,32,46,39,55,55,44,38,41,33,30,32,26,25,28,27,24,30
"09-07-2023",36,28,20,25,20,20,28,33,24,25,22,52,38,33,29,21,25,16,25,22,30,29,29,29
"10-07-2023",24,14,21,34,38,39,47,44,43,34,40,33,27,33,24,34,27,32,31,25,22,36,32,33
"11-07-2023",26,27,37,38,34,31,45,69,67,56,76,59,42,37,27,29,29,21,21,22,26,24,33,27
"12-07-2023",30,32,34,43,56,44,59,64,76,61,88,63,51,42,32,32,18,18,25,27,25,30,24,43
"13-07-2023",52,73,69,80,61,62,70,79,84,103,120,79,59,62,38,43,37,35,30,33,32,39,46,46
"14-07-2023",69,89,84,84,96,76,71,82,120,108,107,66,56,72,60,42,38,33,30,29,35,46,54,45
"15-07-2023",70,42,46,75,81,82,78,72,96,46,46,63,52,53,54,53,49,71,69,55,52,57,55,50
"16-07-2023",43,37,40,41,36,50,59,64,45,32,42,40,33,39,33,35,26,38,31,26,31,30,25,36
"17-07-2023",27,29,27,24,34,37,23,34,43,44,41,47,44,39,46,42,31,35,31,30,26,27,30,24
"18-07-2023",27,28,26,31,24,26,25,29,32,38,43,31,38,34,38,40,38,45,45,38,38,48,46,42
"19-07-2023",39,30,38,31,34,39,42,41,86,67,50,43,50,37,40,32,31,38,26,23,22,28,32,34
"20-07-2023",31,40,45,40,27,58,77,83,97,-9999,-9999,-9999,72,57,38,37,32,30,33,30,44,31,28,34
"21-07-2023",36,40,51,81,53,76,78,66,77,69,55,64,64,58,56,39,29,55,57,63,61,48,40,43
"22-07-2023",52,35,47,41,51,50,52,81,132,104,91,47,47,69,92,50,44,44,36,40,33,27,40,47
"23-07-2023",63,62,61,38,41,47,52,59,70,93,91,86,82,61,72,57,61,66,65,64,66,63,55,54
"24-07-2023",45,55,55,70,65,56,51,52,57,66,53,49,50,41,36,37,38,35,32,26,25,31,37,33
"25-07-2023",42,29,22,27,41,47,45,54,54,85,58,47,45,34,25,24,29,24,27,29,24,23,34,39
"26-07-2023",35,29,34,28,27,29,50,76,94,103,109,51,51,57,58,47,36,32,28,41,46,52,44,60
"27-07-2023",85,69,61,59,59,41,46,36,52,44,34,50,56,42,37,28,28,32,34,35,36,35,34,35
"28-07-2023",41,34,34,28,28,21,28,30,34,38,35,34,27,23,23,24,26,23,26,26,25,23,24,22
"29-07-2023",23,24,17,24,22,22,32,38,44,33,51,50,43,35,33,27,32,25,24,29,26,24,27,33
"30-07-2023",27,30,31,36,32,30,30,38,29,29,37,25,36,64,62,43,24,22,22,19,25,28,28,26
"31-07-2023",29,29,41,25,34,35,45,42,50,47,80,56,43,49,39,33,28,30,36,29,31,27,28,32
"01-08-2023",29,27,18,22,14,18,27,30,38,36,48,51,39,31,32,28,25,27,27,21,26,24,24,25
"02-08-2023",25,19,21,23,26,32,28,39,55,49,51,41,32,29,23,25,28,28,19,20,20,23,27,21
"03-08-2023",18,26,29,31,23,36,50,54,62,52,51,42,39,36,32,30,31,27,25,34,29,29,25,23
"04-08-2023",32,29,32,37,42,38,47,56,50,67,80,46,43,49,34,26,28,23,28,26,31,33,25,24
"05-08-2023",33,30,34,31,24,30,37,48,62,36,51,46,31,31,29,29,32,21,22,20,22,21,30,32
"06-08-2023",29,36,30,26,23,26,35,33,31,31,41,25,39,40,43,44,33,47,84,47,31,29,31,25
"07-08-2023",23,32,-9999,22,17,17,23,31,28,30,29,38,47,24,27,11,23,13,18,14,16,24,27,12
"08-08-2023",16,29,45,33,27,29,38,43,58,38,53,32,26,30,30,31,37,27,38,46,33,38,23,28
"09-08-2023",27,26,21,25,31,20,27,29,32,40,36,35,26,23,25,19,26,20,23,22,20,24,20,26
"10-08-2023",21,14,13,18,24,20,27,24,42,44,33,41,25,23,25,-9999,17,22,22,24,22,26,29,15
"11-08-2023",21,23,25,17,28,22,27,21,24,23,27,29,26,27,19,25,20,24,21,30,28,23,22,23
"12-08-2023",20,19,14,15,13,10,15,17,25,25,40,45,49,32,27,18,23,23,21,24,19,26,27,33
"13-08-2023",28,28,25,22,22,20,26,20,34,26,24,25,29,22,25,16,21,13,15,11,20,21,29,23
"14-08-2023",28,19,23,19,30,25,25,24,35,31,22,27,23,25,29,30,28,25,27,27,24,28,21,30
"15-08-2023",28,25,19,25,29,28,26,27,32,19,22,26,27,25,28,31,21,29,29,25,28,30,25,25
"16-08-2023",23,30,35,46,38,39,49,42,62,43,37,34,28,25,31,28,26,25,26,30,35,33,31,32
"17-08-2023",32,30,42,51,42,37,44,33,37,47,45,40,39,40,34,38,42,33,27,31,31,26,36,30
"18-08-2023",36,28,36,33,36,35,30,40,51,44,58,47,39,34,36,44,36,34,31,45,34,38,38,39
"19-08-2023",42,46,32,43,33,34,37,35,40,38,49,41,40,27,27,32,26,27,21,25,24,30,31,32
"20-08-2023",33,24,24,20,25,37,35,37,41,37,47,36,33,33,29,32,35,47,32,34,33,34,31,33
"21-08-2023",39,32,30,30,32,23,30,31,34,50,-9999,-9999,-9999,71,63,54,47,32,25,33,31,32,31,32
"22-08-2023",36,38,25,33,38,35,46,46,42,45,45,47,42,47,37,43,45,48,40,48,51,80,120,82
"23-08-2023",138,96,142,97,107,119,102,101,154,149,180,149,169,124,60,64,57,48,48,39,34,42,92,84
"24-08-2023",74,61,63,62,55,47,51,58,53,48,64,72,59,39,36,31,27,24,28,25,27,27,52,84
"25-08-2023",53,45,99,57,46,45,47,54,68,72,68,61,55,46,31,29,31,30,29,28,32,34,37,39
"26-08-2023",28,35,25,36,32,34,38,41,59,49,36,42,38,33,61,44,46,38,29,20,37,22,30,27
"27-08-2023",25,25,23,22,24,28,24,26,45,36,30,12,20,25,22,19,17,20,20,21,22,33,32,29
"28-08-2023",48,32,33,30,37,34,51,63,75,46,61,43,32,37,26,32,32,31,31,26,32,29,33,28
"29-08-2023",28,25,26,21,27,22,40,44,52,52,49,51,38,33,24,25,23,26,25,31,32,31,32,44
"30-08-2023",50,52,46,49,38,33,38,36,45,42,49,39,38,45,50,24,29,25,27,24,23,21,35,29
"31-08-2023",53,25,28,28,21,21,31,31,35,39,41,37,51,34,35,27,21,27,57,22,30,32,28,34
"01-09-2023",26,24,27,20,24,21,26,34,36,36,43,33,46,52,38,31,38,33,41,30,38,34,37,27
"02-09-2023",36,33,45,30,32,30,30,36,54,42,40,37,30,-9999,-9999,-9999,-9999,26,23,28,17,27,26,29
"03-09-2023",30,-9999,20,17,20,20,15,27,19,21,21,22,27,16,24,17,23,21,18,17,16,15,20,24
"04-09-2023",21,26,38,33,24,18,26,30,35,36,38,25,27,35,52,35,31,30,25,22,30,21,16,12
"05-09-2023",12,12,8,12,11,20,19,21,29,43,48,41,37,35,36,34,25,49,46,42,38,38,24,49
"06-09-2023",41,27,32,32,26,22,31,56,71,52,24,24,22,14,33,58,56,59,18,12,17,17,15,14
"07-09-2023",23,11,10,18,13,13,26,33,51,34,29,35,38,42,30,24,32,27,27,25,33,23,37,33
"08-09-2023",29,21,26,21,20,28,30,40,42,60,45,33,37,37,33,33,31,36,33,30,31,38,35,32
"09-09-2023",30,28,24,19,22,22,35,24,32,28,32,30,31,26,26,23,17,23,20,29,23,20,21,25
"10-09-2023",28,30,25,29,18,18,18,17,15,25,22,19,28,28,24,23,26,22,25,24,22,29,31,39
"11-09-2023",28,29,30,20,23,22,23,25,25,27,23,30,28,32,28,28,29,20,24,22,21,20,25,20
"12-09-2023",15,26,19,17,16,17,30,39,52,34,34,28,24,18,18,17,17,20,33,24,20,22,23,23
"13-09-2023",23,25,23,20,14,17,17,23,23,41,41,35,32,41,33,35,26,27,28,29,24,33,38,31
"14-09-2023",38,45,51,47,41,41,42,61,58,66,53,45,44,48,43,47,45,45,33,32,34,38,43,28
"15-09-2023",28,35,53,66,59,53,70,96,106,108,95,72,49,71,46,43,46,39,34,39,44,51,47,61
"16-09-2023",51,67,71,89,59,58,65,72,108,87,89,65,59,54,48,51,63,53,54,40,39,42,37,34
"17-09-2023",29,42,41,33,46,40,42,36,36,32,35,34,27,36,33,38,30,33,32,31,35,38,34,41
"18-09-2023",34,35,31,28,26,26,35,32,35,33,29,33,33,28,34,28,26,22,27,24,25,19,29,26
"19-09-2023",24,24,26,21,16,20,24,21,31,36,33,29,31,33,30,26,28,34,28,24,22,31,31,41
"20-09-2023",50,40,36,34,23,30,33,51,56,72,-9999,-9999,-9999,-9999,67,68,39,37,33,36,41,43,39,33
"21-09-2023",38,41,33,53,50,53,56,51,77,38,47,46,43,36,28,35,35,41,33,35,31,34,27,31
"22-09-2023",37,41,44,58,55,49,61,67,83,79,92,92,55,57,68,69,68,45,62,58,68,53,49,53
"23-09-2023",56,60,93,58,75,81,81,90,113,110,90,130,137,109,102,78,70,71,72,76,63,58,71,85
"24-09-2023",89,96,98,101,89,95,99,98,96,103,118,125,100,80,78,83,77,73,71,79,91,100,88,79
"25-09-2023",87,76,67,73,63,58,75,108,126,121,109,91,80,64,77,69,61,49,57,51,43,39,41,43
"26-09-2023",34,37,35,48,40,37,39,48,50,60,60,55,67,60,63,61,61,59,59,56,56,56,63,50
"27-09-2023",43,46,44,54,41,28,16,19,21,22,25,23,24,27,25,21,22,25,22,23,29,41,44,30
"28-09-2023",25,34,28,31,21,21,21,33,47,44,35,36,29,29,26,26,23,18,21,21,31,35,37,34
"29-09-2023",39,41,33,33,31,31,32,41,47,54,44,37,38,39,36,40,39,46,40,39,51,56,66,58
"30-09-2023",52,54,66,60,54,54,54,52,46,51,52,50,55,59,46,45,50,41,45,47,46,55,49,38
"01-10-2023",48,50,45,58,46,49,45,38,44,48,44,39,40,39,40,38,39,36,39,38,39,45,51,43
"02-10-2023",57,46,54,55,47,49,60,57,56,56,65,57,49,57,58,53,45,53,46,53,57,56,61,49
"03-10-2023",51,42,37,33,32,38,33,40,43,43,41,39,40,52,42,33,42,43,39,37,32,33,40,41
"04-10-2023",35,31,36,32,30,32,38,39,51,46,50,43,37,38,39,35,27,34,29,40,39,35,47,51
"05-10-2023",46,46,54,44,39,35,48,56,76,80,76,49,45,35,36,33,32,31,37,40,36,31,52,49
"06-10-2023",49,61,53,47,44,46,51,51,63,88,79,53,57,50,57,46,37,35,36,45,39,42,49,42
"07-10-2023",40,32,38,30,30,31,39,42,50,44,47,48,46,37,40,40,38,29,28,33,29,35,32,33
"08-10-2023",38,32,32,39,39,41,39,48,51,54,42,36,45,34,43,31,27,25,29,33,26,32,35,50
"09-10-2023",59,59,62,61,56,54,75,53,87,65,63,49,50,46,50,44,47,60,52,56,55,57,50,48
"10-10-2023",44,49,37,39,37,39,47,51,67,71,76,55,45,40,42,34,34,38,34,45,47,41,40,40
"11-10-2023",40,40,33,23,23,23,36,46,44,53,50,57,48,53,38,36,36,33,29,30,33,28,29,27
"12-10-2023",25,27,21,24,23,23,30,34,54,45,38,28,33,29,30,36,37,39,36,27,29,33,28,25
"13-10-2023",37,41,31,31,23,24,31,41,44,67,53,34,30,46,39,44,35,37,26,29,27,29,26,40
"14-10-2023",69,80,75,52,41,38,55,46,54,62,61,51,46,54,50,42,35,27,27,31,36,43,38,40
"15-10-2023",97,87,64,65,57,41,52,59,72,74,74,46,39,48,38,29,30,24,22,23,23,20,32,47
"16-10-2023",46,46,48,41,40,38,47,65,64,100,109,63,45,52,41,43,42,27,41,51,48,53,45,56
"17-10-2023",46,32,23,27,25,15,17,28,34,45,37,-9999,-9999,-9999,33,37,30,28,27,23,27,29,35,31
"18-10-2023",29,27,18,26,18,27,34,42,56,38,59,34,30,21,26,21,19,26,26,30,30,39,40,19
"19-10-2023",19,17,15,11,20,17,21,26,38,46,42,32,25,16,17,11,9,15,17,19,18,21,24,19
"20-10-2023",23,20,21,16,30,42,57,66,65,83,85,33,23,20,18,24,22,21,29,31,37,38,36,55
"21-10-2023",74,77,52,45,48,39,49,48,38,36,27,24,32,28,23,22,26,20,26,24,32,30,32,32
"22-10-2023",36,36,33,21,23,23,24,23,26,25,21,19,21,18,27,30,21,22,22,19,29,33,29,51
"23-10-2023",53,55,44,31,32,41,43,55,63,94,70,65,38,40,32,33,27,28,28,29,35,38,25,20
"24-10-2023",27,21,55,50,52,55,64,72,79,91,90,88,76,56,44,56,42,36,43,33,37,34,42,48
"25-10-2023",49,54,49,52,52,52,67,78,94,117,108,75,60,50,51,41,39,45,49,42,46,52,50,69
"26-10-2023",96,104,68,81,89,73,94,115,121,148,-9999,-9999,114,102,106,99,94,101,106,124,117,104,121,120
"27-10-2023",132,133,114,101,109,104,113,111,124,116,95,77,77,75,69,58,71,82,84,84,84,86,90,54
"28-10-2023",31,27,28,20,23,25,24,29,36,37,36,33,40,42,26,20,12,20,21,23,28,34,32,57
"29-10-2023",51,51,47,55,47,48,47,61,56,59,52,48,44,52,53,53,45,47,39,49,45,62,47,44
"30-10-2023",38,51,38,37,36,41,50,52,69,60,45,54,42,52,43,41,39,38,38,47,48,56,43,55
"31-10-2023",71,66,47,47,40,38,56,61,67,66,74,48,36,38,38,40,44,31,36,34,36,29,49,59
"01-11-2023",54,37,27,27,30,25,37,51,68,50,51,29,27,27,26,31,36,34,37,25,31,34,27,60
"02-11-2023",26,32,22,17,21,23,29,39,59,35,44,48,34,37,35,33,29,43,39,35,28,29,27,29
"03-11-2023",33,25,24,18,27,29,41,57,71,51,30,19,26,21,19,26,40,45,48,51,64,57,61,58
"04-11-2023",55,49,48,48,48,44,48,48,50,59,64,67,66,69,89,119,61,50,49,43,32,23,24,24
"05-11-2023",24,22,23,26,21,28,32,31,41,45,25,21,27,31,18,25,19,36,41,34,35,28,26,34
"06-11-2023",25,35,33,48,57,64,83,81,92,131,111,98,72,79,95,105,101,108,113,126,104,52,54,54
"07-11-2023",64,73,41,38,38,39,52,51,67,72,57,57,52,50,51,44,42,50,43,43,38,47,54,95
"08-11-2023",104,85,72,57,59,54,71,72,86,104,92,46,39,44,41,48,48,50,52,65,93,101,87,82
"09-11-2023",70,71,74,77,72,72,76,81,81,79,61,53,54,39,43,49,44,55,40,33,31,25,27,29
"10-11-2023",19,25,17,17,20,19,27,28,40,41,50,34,31,17,25,32,43,16,15,19,31,60,83,86
"11-11-2023",81,81,62,44,45,45,55,52,54,41,39,162,48,37,31,41,32,22,19,31,28,24,24,14
"12-11-2023",18,19,15,21,24,24,24,33,44,48,50,32,20,24,16,14,19,16,16,24,18,18,19,15
"13-11-2023",11,17,27,30,24,22,27,28,33,39,30,37,33,26,19,22,12,25,25,20,19,17,27,37
"14-11-2023",37,37,26,21,15,21,25,42,62,69,52,35,28,19,14,17,19,27,30,28,25,24,30,32
"15-11-2023",22,23,29,35,27,29,34,30,45,45,37,29,26,35,31,31,32,33,33,24,27,24,27,27
"16-11-2023",24,23,25,33,34,32,34,42,37,35,-9999,-9999,-9999,28,33,33,27,24,27,26,29,28,28,32
"17-11-2023",21,34,26,23,18,13,28,32,49,57,44,23,25,24,23,25,22,19,23,29,42,47,68,81
"18-11-2023",52,40,16,22,19,21,31,45,65,100,22,20,19,19,13,14,14,18,8,14,17,261,15,17
"19-11-2023",18,26,27,7,12,15,14,17,17,12,17,19,22,14,22,17,12,13,12,20,27,21,33,58
"20-11-2023",72,83,69,60,41,35,36,49,59,60,69,43,24,16,15,11,19,17,15,14,33,49,77,92
"21-11-2023",101,88,78,76,53,38,63,62,79,101,82,60,41,35,22,22,21,19,20,27,47,58,93,101
"22-11-2023",82,68,57,39,37,30,40,40,46,66,78,24,26,25,17,28,27,32,32,33,32,31,39,39
"23-11-2023",39,56,48,41,33,24,28,35,33,44,92,52,28,27,26,23,25,28,36,31,45,48,50,51
"24-11-2023",50,42,36,32,26,32,48,70,50,84,68,41,30,18,22,20,15,24,25,23,24,31,50,31
"25-11-2023",23,29,33,33,37,18,20,17,24,24,31,22,27,25,21,23,23,18,20,19,24,21,22,24
"26-11-2023",18,46,46,30,22,38,24,30,22,12,11,9,14,9,7,11,19,19,15,17,12,15,13,15
"27-11-2023",12,15,18,21,20,7,31,39,58,49,63,50,29,24,24,31,24,23,25,34,52,85,82,94
"28-11-2023",91,74,63,51,41,31,18,17,23,24,19,21,15,23,24,22,38,30,41,27,22,26,26,24
"29-11-2023",28,33,34,38,34,38,35,39,59,71,80,34,28,31,33,32,19,24,24,22,25,17,34,26
"30-11-2023",22,17,21,14,21,24,27,42,55,90,68,36,30,28,17,22,16,17,16,26,33,36,32,30
"01-12-2023",27,24,27,29,23,19,32,34,50,67,30,30,35,19,19,19,18,24,26,57,61,86,82,99
"02-12-2023",127,116,84,86,68,55,50,58,64,57,64,68,26,31,32,34,25,38,50,57,126,65,65,68
"03-12-2023",76,65,72,65,67,68,63,77,72,89,88,64,53,54,54,50,48,44,48,50,49,54,60,51
"04-12-2023",57,83,74,59,57,54,68,78,92,88,103,85,87,68,56,42,44,47,28,27,28,24,29,24
"05-12-2023",24,23,22,19,22,17,23,30,40,38,39,36,33,25,21,29,24,33,40,41,49,43,41,28
"06-12-2023",34,25,17,12,11,8,19,17,23,38,46,77,43,28,21,23,21,20,18,21,21,23,27,14
"07-12-2023",15,16,11,17,21,31,33,52,77,60,66,45,33,14,19,17,25,24,33,30,27,29,22,20
"08-12-2023",22,14,17,17,12,13,14,28,31,27,38,59,28,21,24,30,25,18,23,25,23,21,26,22
"09-12-2023",17,17,16,17,9,18,15,18,29,23,24,22,17,15,23,27,20,20,19,26,21,35,28,34
"10-12-2023",66,47,45,49,27,16,29,36,40,34,39,23,10,16,14,12,10,7,18,47,27,85,103,103
"11-12-2023",85,56,49,29,31,33,19,21,21,26,43,42,33,34,38,34,27,29,33,52,75,87,114,123
"12-12-2023",127,144,123,121,94,85,74,89,88,106,109,49,36,22,29,34,29,36,41,37,46,60,81,100
"13-12-2023",115,115,80,64,54,47,58,69,89,93,99,67,50,29,30,22,18,25,29,41,44,34,30,44
"14-12-2023",64,76,53,71,58,55,72,77,75,123,108,123,92,48,62,68,60,61,63,52,55,50,46,47
"15-12-2023",44,54,38,37,42,42,42,53,64,61,44,39,46,49,53,45,46,46,48,41,39,38,35,38
"16-12-2023",40,47,54,46,27,4,7,8,13,9,12,14,10,12,6,15,10,17,19,21,19,26,22,22
"17-12-2023",32,33,10,9,6,11,7,4,7,21,28,27,32,30,37,53,28,18,27,19,25,29,23,24
"18-12-2023",16,15,22,12,15,13,19,35,49,62,48,48,43,78,82,62,39,42,39,51,32,24,21,43
"19-12-2023",50,26,18,25,26,25,50,64,40,75,94,61,33,23,38,50,38,33,42,62,62,70,80,114
"20-12-2023",124,100,77,64,43,29,41,46,65,81,99,74,51,21,21,29,29,37,75,23,17,16,20,20
"21-12-2023",19,22,14,20,19,18,14,21,25,31,31,37,43,37,30,43,37,26,34,30,35,36,47,44
"22-12-2023",88,107,102,106,70,76,87,48,37,58,48,34,30,46,38,34,39,39,28,34,27,44,53,42
"23-12-2023",27,31,28,19,32,24,43,49,58,38,55,67,44,61,99,54,34,43,33,32,35,31,36,33
"24-12-2023",36,25,31,26,24,24,25,34,36,27,34,32,29,28,27,26,29,33,35,36,36,35,47,113
"25-12-2023",185,175,197,185,132,100,99,65,60,59,55,50,34,33,23,28,23,31,37,37,43,45,87,152
"26-12-2023",173,141,156,136,110,101,73,75,66,62,59,53,36,34,30,27,27,31,30,33,37,40,39,42
"27-12-2023",46,39,30,26,24,30,51,62,75,90,97,-9999,-9999,-9999,33,29,29,32,43,43,62,72,91,95
"28-12-2023",86,115,109,82,72,58,65,63,88,90,91,82,52,38,35,31,34,31,35,40,56,89,133,139
"29-12-2023",150,131,99,97,83,65,75,77,94,93,80,41,28,28,22,17,25,27,25,38,52,46,44,48
"30-12-2023",125,153,133,78,69,69,52,57,63,59,61,61,58,26,24,30,30,32,33,29,46,68,136,120
"31-12-2023",91,157,123,91,95,83,58,51,50,61,50,69,35,25,19,25,24,20,22,24,34,49,59,71

