"01-01-2021",6,21,6,8,5,4,8,9,6,7,6,7,4,2,2,2,9,6,4,4,21,55,94,88
"02-01-2021",108,68,58,54,31,19,16,11,11,14,19,15,13,18,15,9,8,14,20,36,36,18,12,10
"03-01-2021",17,18,12,9,11,10,8,8,10,9,10,13,8,9,8,10,13,10,9,10,16,12,13,12
"04-01-2021",9,9,13,10,16,12,12,13,14,13,14,17,20,19,17,16,18,17,18,11,13,19,4,4
"05-01-2021",3,3,2,4,5,8,7,13,13,11,12,10,9,17,5,6,5,5,8,12,24,25,43,58
"06-01-2021",66,108,77,58,40,47,46,40,29,23,24,22,17,15,9,6,2,3,6,6,6,4,5,5
"07-01-2021",5,99,90,68,52,27,32,32,29,27,36,39,22,14,10,7,7,5,6,7,13,13,34,8
"08-01-2021",9,22,40,63,31,23,19,28,27,34,38,8,6,10,12,19,20,20,18,20,19,19,24,17
"09-01-2021",19,17,22,22,16,18,15,22,16,22,20,19,23,24,26,30,27,25,28,29,29,33,36,58
"10-01-2021",62,76,102,80,74,56,40,51,42,38,42,35,27,16,15,13,17,18,21,17,18,20,21,16
"11-01-2021",20,23,13,15,14,12,11,16,15,14,19,16,18,18,21,23,21,27,22,19,18,17,20,18
"12-01-2021",19,13,15,16,17,20,19,26,25,26,28,28,29,30,28,29,26,16,22,11,11,9,5,5
"13-01-2021",5,6,7,5,7,6,4,8,7,11,9,7,6,7,6,4,7,7,7,12,8,9,7,5
"14-01-2021",6,8,6,9,6,2,3,3,2,7,10,8,6,7,7,4,4,6,5,9,8,5,11,7
"15-01-2021",3,1,4,6,6,3,2,2,7,9,6,4,4,6,7,-9999,-9999,-9999,-9999,-9999,-9999,-9999,-9999,-9999
"16-01-2021",-9999,-9999,-9999,-9999,-9999,-9999,-9999,-9999,-9999,-9999,-9999,-9999,-9999,-9999,-9999,-9999,-9999,-9999,-9999,-9999,-9999,-9999,-9999,-9999
"17-01-2021",-9999,-9999,-9999,-9999,-9999,-9999,-9999,-9999,-9999,-9999,-9999,-9999,-9999,-9999,-9999,-9999,-9999,-9999,-9999,-9999,-9999,-9999,-9999,-9999
"18-01-2021",-9999,-9999,-9999,-9999,-9999,-9999,-9999,-9999,-9999,-9999,-9999,-9999,-9999,-9999,-9999,-9999,-9999,-9999,-9999,-9999,-9999,-9999,-9999,-9999
"19-01-2021",-9999,-9999,-9999,-9999,-9999,-9999,-9999,-9999,-9999,-9999,-9999,-9999,-9999,-9999,-9999,-9999,-9999,-9999,-9999,-9999,-9999,-9999,-9999,-9999
"20-01-2021",-9999,-9999,-9999,-9999,-9999,-9999,-9999,-9999,-9999,-9999,-9999,-9999,-9999,-9999,-9999,-9999,-9999,-9999,-9999,-9999,-9999,-9999,-9999,-9999
"21-01-2021",-9999,-9999,-9999,-9999,-9999,-9999,-9999,-9999,-9999,-9999,-9999,-9999,17,9,6,6,6,6,5,5,19,79,85,133
"22-01-2021",160,147,122,77,62,43,41,35,36,30,50,46,22,11,9,5,6,6,6,6,4,2,3,3
"23-01-2021",6,5,3,2,1,0,2,3,5,5,4,3,3,4,5,4,3,4,8,5,6,7,8,6
"24-01-2021",6,7,5,5,4,4,3,6,9,11,23,14,8,5,6,6,7,5,4,3,3,6,4,3
"25-01-2021",5,8,6,3,2,2,5,6,4,4,4,11,11,10,9,13,12,10,6,8,10,9,9,10
"26-01-2021",9,11,10,10,11,23,0,4,6,5,6,7,10,7,6,7,8,7,8,8,15,8,7,4
"27-01-2021",2,3,1,1,3,3,2,3,5,6,5,6,9,-9999,6,6,7,7,8,7,6,6,9,7
"28-01-2021",6,4,5,5,6,5,5,8,12,12,15,11,7,4,4,5,5,4,5,11,22,38,50,57
"29-01-2021",91,84,96,-9999,-9999,-9999,-9999,-9999,-9999,-9999,-9999,-9999,-9999,-9999,-9999,-9999,-9999,-9999,-9999,-9999,-9999,-9999,-9999,-9999
"30-01-2021",-9999,-9999,-9999,-9999,-9999,-9999,-9999,-9999,-9999,-9999,-9999,-9999,-9999,-9999,-9999,-9999,-9999,-9999,-9999,-9999,-9999,-9999,-9999,-9999
"31-01-2021",-9999,-9999,-9999,-9999,-9999,-9999,-9999,-9999,-9999,-9999,-9999,-9999,-9999,-9999,-9999,-9999,-9999,-9999,-9999,-9999,-9999,-9999,-9999,-9999
"01-02-2021",-9999,-9999,-9999,-9999,-9999,-9999,-9999,-9999,-9999,-9999,-9999,-9999,-9999,-9999,-9999,-9999,-9999,-9999,-9999,-9999,-9999,-9999,-9999,-9999
"02-02-2021",-9999,-9999,-9999,-9999,-9999,-9999,-9999,-9999,-9999,-9999,-9999,-9999,-9999,-9999,-9999,-9999,-9999,-9999,-9999,-9999,-9999,-9999,-9999,-9999
"03-02-2021",-9999,-9999,-9999,-9999,-9999,-9999,-9999,-9999,-9999,-9999,-9999,-9999,-9999,-9999,-9999,-9999,-9999,-9999,-9999,-9999,-9999,-9999,-9999,-9999
"04-02-2021",-9999,-9999,-9999,-9999,-9999,-9999,-9999,-9999,-9999,-9999,-9999,-9999,-9999,-9999,-9999,-9999,-9999,-9999,-9999,-9999,-9999,-9999,-9999,-9999
"05-02-2021",-9999,-9999,-9999,-9999,-9999,-9999,-9999,-9999,-9999,-9999,-9999,-9999,-9999,-9999,-9999,-9999,-9999,-9999,-9999,-9999,-9999,-9999,-9999,-9999
"06-02-2021",-9999,-9999,-9999,-9999,-9999,-9999,-9999,-9999,-9999,-9999,-9999,-9999,-9999,-9999,-9999,-9999,-9999,-9999,-9999,-9999,-9999,-9999,-9999,-9999
"07-02-2021",-9999,-9999,-9999,-9999,-9999,-9999,-9999,-9999,-9999,-9999,-9999,-9999,-9999,-9999,-9999,-9999,-9999,-9999,-9999,-9999,-9999,-9999,-9999,-9999
"08-02-2021",-9999,-9999,-9999,-9999,-9999,-9999,-9999,-9999,-9999,-9999,-9999,-9999,-9999,-9999,-9999,-9999,-9999,-9999,-9999,-9999,-9999,-9999,-9999,-9999
"09-02-2021",-9999,-9999,-9999,-9999,-9999,-9999,-9999,-9999,-9999,-9999,-9999,-9999,-9999,-9999,-9999,-9999,-9999,-9999,-9999,-9999,-9999,-9999,-9999,-9999
"10-02-2021",-9999,-9999,-9999,-9999,-9999,-9999,-9999,-9999,-9999,-9999,-9999,-9999,-9999,-9999,-9999,4,5,4,1,0,4,8,9,20
"11-02-2021",27,27,25,25,21,23,22,14,18,30,31,27,31,33,29,15,12,9,10,6,3,3,5,5
"12-02-2021",4,3,3,5,6,7,6,15,20,20,14,9,7,6,6,6,7,7,5,8,16,14,11,14
"13-02-2021",10,9,6,6,8,8,6,5,10,9,11,7,8,9,16,15,15,10,9,12,9,14,15,14
"14-02-2021",14,10,6,4,2,1,1,2,0,0,0,1,1,0,0,2,3,4,4,2,4,6,5,2
"15-02-2021",3,5,3,1,1,2,4,3,2,4,3,2,3,2,5,4,5,5,5,7,9,15,11,7
"16-02-2021",6,6,6,5,4,3,8,7,12,8,6,9,8,10,10,9,7,8,9,12,10,13,13,11
"17-02-2021",17,13,9,9,7,5,5,12,17,12,8,12,9,7,7,7,8,7,9,18,29,71,109,128
"18-02-2021",122,112,84,66,48,34,27,28,33,35,37,27,28,12,7,4,8,7,7,6,17,24,28,19
"19-02-2021",27,47,54,55,48,38,36,29,31,32,36,17,6,6,6,7,6,5,7,13,21,35,39,49
"20-02-2021",52,44,40,35,25,20,21,19,20,21,23,22,13,14,11,8,7,7,10,10,19,37,32,46
"21-02-2021",39,20,15,18,22,12,12,11,9,5,11,11,12,14,10,8,8,8,9,12,11,14,9,9
"22-02-2021",10,11,11,9,24,30,34,33,38,31,18,13,17,12,11,14,11,10,8,13,19,21,33,33
"23-02-2021",28,33,42,47,27,18,23,15,22,28,30,25,18,14,10,9,10,10,13,13,15,29,41,53
"24-02-2021",68,51,56,52,37,19,24,22,23,22,27,15,12,11,13,14,13,13,15,13,10,15,14,15
"25-02-2021",15,16,15,15,14,12,15,12,16,17,15,16,18,15,14,16,11,14,13,13,13,17,21,19
"26-02-2021",16,13,13,14,10,13,15,14,25,19,19,19,18,20,14,15,13,17,12,14,10,13,17,25
"27-02-2021",31,34,29,27,29,27,26,18,29,20,18,20,14,19,19,16,16,14,17,19,15,18,27,39
"28-02-2021",47,59,58,56,48,40,41,28,33,30,27,25,23,16,10,8,8,7,8,8,5,4,5,7
"01-03-2021",8,6,6,5,10,7,8,8,11,12,10,11,9,7,6,7,7,7,6,6,7,10,16,15
"02-03-2021",12,9,12,10,5,6,4,4,6,8,5,3,3,2,4,6,3,1,1,2,5,5,6,8
"03-03-2021",6,2,5,6,3,2,2,5,8,9,10,7,7,10,10,7,4,6,6,4,7,7,8,9
"04-03-2021",9,19,17,17,16,11,13,16,21,20,16,1,14,8,13,9,5,5,3,6,7,18,29,34
"05-03-2021",49,45,73,67,57,44,17,14,27,17,6,9,10,7,6,7,8,8,6,6,4,11,10,10
"06-03-2021",11,9,7,5,15,7,6,9,18,10,7,7,6,7,6,5,7,6,6,4,6,11,19,16
"07-03-2021",12,13,11,9,8,5,7,6,3,5,5,4,4,5,6,7,7,7,7,6,9,9,16,20
"08-03-2021",16,10,16,11,9,9,6,7,17,12,7,4,2,7,9,6,5,6,6,9,7,11,6,6
"09-03-2021",6,5,5,5,5,13,15,11,13,12,13,13,9,8,8,10,11,9,10,8,11,12,12,9
"10-03-2021",9,9,7,11,6,6,7,11,21,16,16,15,10,16,6,13,13,13,-9999,-9999,-9999,-9999,-9999,-9999
"11-03-2021",-9999,-9999,-9999,-9999,-9999,-9999,-9999,-9999,-9999,-9999,-9999,-9999,-9999,-9999,-9999,-9999,-9999,-9999,-9999,-9999,-9999,-9999,-9999,-9999
"12-03-2021",-9999,-9999,-9999,-9999,-9999,-9999,-9999,-9999,-9999,-9999,-9999,-9999,-9999,-9999,-9999,-9999,-9999,-9999,-9999,-9999,-9999,-9999,-9999,-9999
"13-03-2021",-9999,-9999,-9999,-9999,-9999,-9999,-9999,-9999,-9999,-9999,-9999,-9999,-9999,-9999,-9999,-9999,-9999,-9999,-9999,-9999,-9999,-9999,-9999,-9999
"14-03-2021",-9999,-9999,-9999,-9999,-9999,-9999,-9999,-9999,-9999,-9999,-9999,-9999,-9999,-9999,-9999,-9999,-9999,-9999,-9999,-9999,-9999,-9999,-9999,-9999
"15-03-2021",-9999,-9999,-9999,-9999,-9999,-9999,-9999,-9999,-9999,-9999,-9999,-9999,-9999,-9999,-9999,-9999,-9999,-9999,-9999,-9999,-9999,-9999,-9999,-9999
"16-03-2021",-9999,-9999,-9999,-9999,-9999,-9999,-9999,-9999,-9999,-9999,-9999,-9999,-9999,-9999,-9999,-9999,-9999,-9999,-9999,-9999,-9999,-9999,-9999,-9999
"17-03-2021",-9999,-9999,-9999,-9999,-9999,-9999,-9999,-9999,-9999,-9999,-9999,10,6,8,6,4,3,4,25,7,7,7,6,6
"18-03-2021",4,4,5,4,4,6,6,5,18,4,2,1,5,6,5,4,3,3,4,2,3,6,12,7
"19-03-2021",5,6,6,4,4,4,9,10,16,10,9,7,6,5,7,4,2,3,3,4,5,10,11,14
"20-03-2021",13,10,7,7,7,8,10,13,11,13,9,10,7,8,8,7,8,6,8,7,9,13,13,17
"21-03-2021",17,13,14,10,6,9,8,6,6,10,9,6,11,10,10,10,11,12,10,9,12,16,29,28
"22-03-2021",17,18,20,24,17,16,11,10,13,22,10,12,8,4,2,5,4,3,5,7,7,9,6,3
"23-03-2021",3,3,4,6,5,6,6,6,5,5,6,6,5,9,7,8,5,4,5,8,5,4,10,8
"24-03-2021",8,7,4,4,3,3,8,8,15,12,7,9,8,6,4,7,6,4,6,7,9,10,9,6
"25-03-2021",11,9,6,5,2,2,5,4,5,6,4,3,3,3,3,5,5,6,6,5,7,12,16,16
"26-03-2021",16,8,7,5,9,18,24,18,16,17,8,6,7,6,6,6,8,9,7,7,7,4,5,16
"27-03-2021",39,43,37,27,20,17,23,18,21,10,14,11,10,11,8,6,6,6,6,7,8,6,-9999,12
"28-03-2021",11,37,49,49,42,38,30,25,24,22,16,18,12,13,11,8,8,8,11,8,11,12,14,12
"29-03-2021",28,31,44,34,29,28,24,25,28,29,27,15,17,14,14,12,11,10,7,8,11,17,12,9
"30-03-2021",6,7,8,6,8,7,7,10,13,12,11,10,9,7,9,6,3,9,8,7,5,8,9,8
"31-03-2021",9,9,8,5,4,5,8,13,9,8,8,13,8,4,2,1,1,1,1,6,6,5,12,7
"01-04-2021",11,11,11,9,11,11,13,12,12,16,13,13,12,13,13,12,12,7,10,9,13,16,12,18
"02-04-2021",17,27,34,40,24,17,25,20,27,21,22,16,13,15,18,11,10,8,9,11,12,13,12,11
"03-04-2021",12,10,10,10,12,12,19,13,24,17,14,11,10,11,10,11,9,7,9,10,13,13,17,14
"04-04-2021",12,11,13,17,13,10,10,10,14,8,14,11,10,8,8,11,10,11,19,15,16,21,18,18
"05-04-2021",25,20,27,28,27,21,19,21,32,27,19,15,25,16,16,16,15,15,10,6,9,10,10,9
"06-04-2021",15,10,11,10,8,9,16,14,12,11,14,17,19,18,15,18,16,17,16,17,12,10,11,8
"07-04-2021",6,5,6,4,5,5,7,9,14,13,9,6,3,6,8,6,12,9,10,9,10,11,15,13
"08-04-2021",11,10,10,9,11,8,8,14,16,9,11,11,8,5,4,4,7,5,3,6,5,7,7,7
"09-04-2021",6,6,4,5,4,5,6,6,20,10,8,6,8,7,6,8,8,8,5,5,6,5,6,7
"10-04-2021",6,7,8,8,7,9,10,13,13,14,10,8,6,6,6,4,3,4,6,6,6,9,4,2
"11-04-2021",8,11,11,20,15,21,13,12,20,12,12,10,9,9,8,8,6,8,5,6,7,6,5,7
"12-04-2021",8,12,13,15,12,15,14,15,21,22,18,27,12,12,9,7,7,7,5,5,5,6,10,7
"13-04-2021",8,7,6,16,11,12,14,22,27,22,20,20,13,12,12,10,11,7,12,8,17,13,15,11
"14-04-2021",20,22,23,18,1,8,20,21,29,19,12,7,7,10,9,6,7,12,9,10,9,12,11,7
"15-04-2021",9,10,6,4,3,4,7,14,13,12,9,9,8,7,10,7,8,8,6,11,10,10,8,7
"16-04-2021",9,8,8,6,8,10,9,8,11,14,11,10,14,10,8,9,8,8,7,7,19,16,14,10
"17-04-2021",15,9,6,6,6,6,8,10,14,11,10,11,12,12,12,16,11,14,13,14,20,18,19,17
"18-04-2021",19,18,15,17,17,13,17,12,30,24,17,19,17,18,16,22,23,17,23,13,16,21,23,17
"19-04-2021",26,22,28,26,27,12,14,32,31,25,16,10,9,9,11,11,11,12,7,6,4,6,9,6
"20-04-2021",6,5,3,4,5,6,3,5,6,6,7,8,6,4,7,4,3,4,1,4,6,5,6,7
"21-04-2021",6,4,2,1,4,4,3,7,11,10,8,4,5,4,5,9,7,4,3,3,5,5,8,8
"22-04-2021",6,5,4,3,6,7,10,14,17,17,16,15,13,7,3,3,2,6,7,7,8,6,6,6
"23-04-2021",6,6,7,6,6,6,13,9,7,6,4,12,8,8,6,5,9,6,6,4,2,5,9,9
"24-04-2021",7,7,7,5,4,2,4,6,6,7,8,6,8,5,5,7,6,6,5,3,3,4,2,3
"25-04-2021",9,8,4,3,5,3,2,3,3,3,4,3,5,9,9,10,14,12,15,8,13,10,7,8
"26-04-2021",8,6,10,11,13,11,12,14,23,17,14,12,10,10,11,10,8,9,10,7,11,13,10,11
"27-04-2021",9,11,8,15,11,12,20,18,24,21,28,14,13,11,10,9,12,8,10,8,7,8,6,6
"28-04-2021",13,11,13,14,15,12,16,14,28,22,11,9,10,9,9,8,7,10,10,10,9,14,15,13
"29-04-2021",16,17,16,17,21,21,24,29,20,28,25,23,17,20,21,15,12,14,17,13,12,20,17,23
"30-04-2021",17,15,14,15,15,18,25,26,24,21,38,25,25,21,26,14,13,13,10,13,13,13,18,17
"01-05-2021",15,21,23,21,18,19,22,16,34,12,24,18,13,18,17,16,20,19,13,14,14,14,47,14
"02-05-2021",27,22,22,21,14,18,26,25,30,36,18,24,18,21,28,17,22,17,14,16,13,15,27,16
"03-05-2021",18,15,19,21,32,29,35,41,33,34,22,17,19,10,10,11,13,17,11,15,9,16,16,16
"04-05-2021",16,20,14,22,17,20,18,17,13,10,9,11,11,10,10,11,7,6,8,8,13,7,6,10
"05-05-2021",11,10,12,10,6,8,15,17,22,23,16,15,11,10,9,9,8,12,11,7,7,9,9,10
"06-05-2021",11,10,6,6,7,6,6,8,11,10,7,10,10,9,10,12,9,9,9,7,7,9,11,10
"07-05-2021",15,27,16,15,14,11,15,27,21,23,30,20,14,9,9,8,8,6,6,5,8,8,10,12
"08-05-2021",9,6,7,7,10,8,12,14,23,15,15,13,14,10,10,17,14,13,15,16,14,9,8,13
"09-05-2021",12,11,10,10,9,8,9,9,9,7,7,6,8,5,6,3,2,3,3,4,5,6,5,5
"10-05-2021",3,4,6,6,4,4,5,5,8,5,5,8,6,5,5,7,6,6,6,4,6,6,4,8
"11-05-2021",9,6,4,8,6,5,7,6,12,10,5,6,7,5,6,7,6,3,8,7,10,10,7,9
"12-05-2021",7,4,1,3,6,4,7,16,21,27,19,13,14,11,7,5,5,4,7,5,3,4,6,8
"13-05-2021",7,4,2,7,8,6,11,15,16,16,17,10,13,11,12,11,11,9,11,11,11,7,13,11
"14-05-2021",7,6,5,7,6,6,6,10,8,7,9,10,11,9,6,4,10,6,5,6,8,9,8,8
"15-05-2021",8,10,7,5,6,6,7,13,18,13,14,14,9,16,6,7,12,8,8,7,9,9,9,12
"16-05-2021",18,7,9,7,8,6,3,7,6,8,6,4,6,7,4,2,4,3,7,6,2,5,13,8
"17-05-2021",8,6,6,6,4,8,13,12,13,14,12,7,6,11,9,9,8,9,6,8,6,5,8,6
"18-05-2021",10,12,9,7,6,8,13,9,15,15,12,8,6,8,5,8,6,10,7,6,6,8,10,7
"19-05-2021",7,7,8,7,9,8,13,18,19,26,15,14,15,12,11,10,8,7,8,10,9,12,12,8
"20-05-2021",6,15,27,17,13,10,8,6,14,10,6,7,11,12,23,37,26,35,17,9,8,6,13,8
"21-05-2021",9,7,6,6,6,5,6,3,6,5,6,6,5,6,4,4,4,3,3,5,6,6,3,9
"22-05-2021",7,3,4,5,7,5,7,12,13,11,12,9,10,8,8,10,7,6,4,5,5,6,5,7
"23-05-2021",9,8,6,5,4,7,8,13,14,15,10,11,16,8,8,9,10,8,7,10,10,8,8,10
"24-05-2021",10,21,17,18,18,19,16,19,22,42,29,23,21,20,26,14,17,11,16,6,4,13,12,12
"25-05-2021",13,20,14,17,14,21,26,27,17,14,15,16,20,22,15,12,18,20,17,16,14,-9999,-9999,-9999
"26-05-2021",-9999,-9999,-9999,-9999,-9999,-9999,-9999,-9999,-9999,-9999,-9999,-9999,-9999,-9999,-9999,-9999,-9999,-9999,-9999,-9999,-9999,-9999,-9999,-9999
"27-05-2021",-9999,-9999,-9999,-9999,-9999,-9999,-9999,-9999,-9999,-9999,-9999,-9999,-9999,-9999,-9999,-9999,-9999,-9999,-9999,-9999,-9999,-9999,-9999,-9999
"28-05-2021",-9999,-9999,-9999,-9999,-9999,-9999,-9999,-9999,-9999,-9999,-9999,-9999,8,9,11,9,13,12,10,8,12,11,10,13
"29-05-2021",16,14,14,11,14,11,8,11,17,7,7,7,7,7,7,7,6,8,6,4,5,6,6,4
"30-05-2021",8,6,6,6,5,6,8,15,11,11,9,10,8,6,11,8,6,8,5,4,6,6,4,3
"31-05-2021",5,7,6,8,7,8,11,10,25,10,10,10,10,11,6,4,9,7,10,8,6,5,10,8
"01-06-2021",4,6,6,5,6,5,6,9,15,9,7,5,4,6,6,6,6,8,5,7,8,10,15,9
"02-06-2021",6,4,8,7,4,4,6,9,17,9,7,7,4,4,5,4,5,7,5,3,2,6,8,6
"03-06-2021",4,6,4,4,14,12,10,13,16,7,9,13,9,7,6,7,6,7,9,10,10,8,7,9
"04-06-2021",7,7,14,13,10,9,8,12,17,14,12,13,15,7,10,7,12,8,7,5,12,9,8,10
"05-06-2021",11,9,11,7,4,4,10,9,8,8,8,8,9,9,10,9,11,8,10,10,7,8,10,11
"06-06-2021",8,5,7,6,11,13,13,11,17,22,18,9,13,11,15,11,9,11,13,8,8,9,10,11
"07-06-2021",9,9,9,12,9,11,15,17,20,17,18,14,14,19,7,9,10,9,13,13,11,12,11,11
"08-06-2021",9,9,15,10,12,12,16,16,20,18,11,11,16,12,11,11,6,8,7,10,7,12,17,10
"09-06-2021",11,13,9,10,13,9,15,10,12,12,11,8,12,10,7,7,16,10,13,9,14,9,10,5
"10-06-2021",8,5,6,5,3,8,10,8,10,8,8,10,10,8,13,10,9,14,14,12,8,6,11,14
"11-06-2021",13,15,13,17,10,14,18,24,19,23,9,10,10,12,17,11,10,10,8,12,13,17,24,23
"12-06-2021",26,24,22,14,18,18,17,22,24,17,14,8,11,7,5,4,9,9,6,11,9,12,13,11
"13-06-2021",13,17,6,6,10,10,11,15,10,13,15,11,7,6,5,5,8,6,4,7,6,8,10,18
"14-06-2021",10,9,16,9,6,3,4,9,10,14,10,6,6,11,11,8,10,6,5,5,6,5,7,7
"15-06-2021",16,7,7,6,4,4,5,7,17,15,9,5,7,4,3,5,8,6,6,9,8,7,7,4
"16-06-2021",7,7,8,6,10,10,15,16,17,10,11,8,7,6,8,12,8,5,6,8,6,6,6,6
"17-06-2021",13,17,15,9,12,13,12,17,20,13,19,17,23,11,8,12,11,8,8,11,6,4,9,11
"18-06-2021",17,9,7,6,9,7,9,15,25,28,31,12,9,9,7,9,7,7,8,11,8,7,11,10
"19-06-2021",8,8,12,17,10,10,15,11,24,20,14,14,20,14,13,9,9,10,13,9,13,9,12,12
"20-06-2021",11,11,13,13,16,20,18,17,23,18,12,14,15,12,12,8,12,12,8,8,13,9,12,12
"21-06-2021",14,10,12,18,12,21,28,23,22,22,18,19,21,18,8,5,3,5,5,6,6,5,7,12
"22-06-2021",8,7,6,6,6,5,10,12,23,11,14,8,9,11,13,15,11,10,11,13,8,11,11,13
"23-06-2021",14,16,6,12,15,11,11,13,16,-9999,-9999,-9999,-9999,-9999,-9999,-9999,-9999,-9999,-9999,-9999,-9999,-9999,-9999,-9999
"24-06-2021",-9999,-9999,-9999,-9999,-9999,-9999,-9999,-9999,-9999,-9999,20,-9999,15,33,26,22,17,18,13,14,10,16,13,17
"25-06-2021",18,21,18,20,21,25,28,32,32,43,30,30,30,30,21,16,25,14,20,14,16,17,18,17
"26-06-2021",25,22,27,32,27,28,24,33,46,30,22,28,26,26,23,19,24,18,26,23,15,22,27,22
"27-06-2021",28,35,26,21,21,25,18,14,18,17,15,23,29,24,22,20,19,13,17,18,23,17,19,16
"28-06-2021",17,16,14,13,20,18,15,23,17,18,19,17,15,19,20,14,20,16,13,10,21,15,15,15
"29-06-2021",19,17,18,14,13,15,13,11,14,18,17,21,17,19,15,12,14,11,10,14,15,14,13,14
"30-06-2021",12,12,8,15,17,20,20,20,32,19,20,21,26,27,23,18,17,9,10,8,16,10,10,11
"01-07-2021",7,9,9,8,13,18,25,31,42,32,19,18,24,24,24,11,13,11,14,15,38,19,24,34
"02-07-2021",45,32,27,23,18,23,22,28,27,21,18,18,9,9,10,10,8,6,9,7,11,8,14,20
"03-07-2021",17,12,15,12,14,10,12,15,15,8,12,9,10,10,14,10,8,8,7,6,9,8,10,9
"04-07-2021",7,5,8,13,9,18,12,19,28,9,10,11,8,12,11,7,6,9,7,9,8,9,10,6
"05-07-2021",6,7,6,5,5,4,7,10,20,16,14,13,9,14,12,8,5,6,6,6,5,10,7,6
"06-07-2021",7,13,12,15,13,13,12,19,16,16,9,11,17,18,14,11,7,6,6,14,11,9,8,7
"07-07-2021",12,11,16,10,13,15,13,18,14,23,21,22,14,17,16,12,17,14,9,-9999,6,13,11,10
"08-07-2021",10,12,9,11,12,9,9,11,10,11,15,13,13,10,10,13,16,2,4,13,8,8,8,7
"09-07-2021",13,11,11,9,8,5,9,15,14,7,8,7,9,6,6,5,5,2,4,9,8,8,8,8
"10-07-2021",12,9,9,7,7,9,13,8,17,11,12,9,9,6,6,5,11,8,5,4,3,7,7,6
"11-07-2021",6,19,12,8,7,6,7,9,20,6,9,10,9,10,9,7,5,5,3,2,7,5,7,8
"12-07-2021",15,12,13,13,11,12,15,16,20,17,11,10,8,9,11,6,7,8,7,6,4,8,9,10
"13-07-2021",12,10,9,12,12,10,14,9,15,21,15,15,12,10,11,12,13,8,5,8,10,9,11,10
"14-07-2021",12,12,17,15,13,18,21,14,22,14,13,10,10,12,13,14,14,11,15,12,13,14,13,12
"15-07-2021",13,11,10,15,18,14,17,19,27,15,20,12,14,9,10,11,8,11,8,8,11,12,9,10
"16-07-2021",12,12,12,12,11,19,18,27,38,19,13,20,20,12,12,12,11,8,8,12,12,8,14,13
"17-07-2021",15,15,13,14,12,10,14,18,22,16,14,15,10,13,9,12,9,7,5,11,7,9,13,10
"18-07-2021",11,7,11,15,12,7,9,13,16,19,21,17,11,10,10,8,10,10,9,10,11,9,15,10
"19-07-2021",9,9,7,10,11,9,12,9,9,15,20,17,11,11,11,10,12,9,5,6,5,8,8,8
"20-07-2021",8,7,5,9,10,10,10,11,17,10,7,8,10,9,6,6,8,6,2,4,5,6,9,7
"21-07-2021",4,8,10,6,5,5,12,15,21,14,13,10,12,9,11,11,9,10,9,12,14,16,14,19
"22-07-2021",14,10,10,9,9,7,9,12,11,10,13,11,11,13,9,9,8,6,8,7,6,6,10,13
"23-07-2021",16,9,9,6,6,7,6,8,10,7,7,11,11,9,8,13,8,9,6,10,8,6,7,9
"24-07-2021",11,9,10,9,9,6,10,8,11,10,7,8,10,10,9,11,9,9,8,5,8,9,7,12
"25-07-2021",10,8,9,9,7,9,9,8,5,4,6,6,8,7,6,4,3,4,7,7,5,4,6,7
"26-07-2021",8,8,15,9,11,12,13,10,8,11,11,11,8,7,5,3,3,2,3,5,5,11,7,6
"27-07-2021",8,6,8,6,9,8,8,13,21,10,10,6,6,11,6,5,6,11,8,7,12,10,10,18
"28-07-2021",12,11,12,7,4,10,9,13,11,10,8,13,13,12,8,6,5,9,12,16,8,14,10,10
"29-07-2021",12,11,10,11,20,11,12,13,21,18,20,23,16,15,15,21,17,16,14,14,25,21,25,28
"30-07-2021",26,16,20,34,32,25,35,34,50,57,37,30,32,30,31,23,22,22,18,22,25,18,17,17
"31-07-2021",23,34,43,40,29,24,34,33,23,46,36,31,27,26,40,32,24,30,18,17,18,20,21,20
"01-08-2021",30,26,27,35,37,30,31,27,32,31,25,22,29,26,20,21,30,16,23,26,30,24,27,28
"02-08-2021",21,27,31,36,32,32,33,42,27,21,36,31,30,28,32,21,17,22,19,25,18,17,23,27
"03-08-2021",33,38,43,43,30,25,22,33,45,30,33,27,25,28,20,13,17,20,23,25,26,17,19,31
"04-08-2021",52,31,25,24,41,112,66,107,69,44,115,41,23,31,27,23,17,19,23,34,31,18,17,23
"05-08-2021",24,18,23,27,27,30,49,64,38,38,32,30,25,29,24,17,22,14,13,14,17,13,22,18
"06-08-2021",22,21,22,21,35,29,25,45,90,83,58,41,29,-9999,15,18,13,9,6,22,20,16,19,27
"07-08-2021",23,28,28,17,14,14,21,23,43,29,8,10,9,5,6,16,37,46,14,17,17,10,12,12
"08-08-2021",14,12,9,13,14,16,21,28,29,21,7,9,17,15,13,10,10,8,5,10,9,8,9,13
"09-08-2021",9,9,8,17,16,20,20,22,16,24,14,15,14,17,14,11,9,14,8,3,3,8,9,7
"10-08-2021",14,11,8,12,16,27,25,28,42,23,28,34,30,28,20,16,16,15,9,9,13,9,7,8
"11-08-2021",14,13,18,14,14,20,28,31,30,35,27,19,26,11,14,14,9,6,8,14,15,17,22,22
"12-08-2021",19,24,21,7,6,6,6,19,21,16,20,11,9,8,10,7,4,3,4,5,11,7,7,6
"13-08-2021",8,6,13,12,9,7,6,10,8,5,7,7,5,5,5,6,8,8,7,10,10,8,7,11
"14-08-2021",10,10,7,13,8,6,13,9,11,7,6,6,6,10,6,6,5,5,3,2,2,2,2,12
"15-08-2021",9,7,8,6,7,4,5,6,6,6,7,7,6,5,6,4,5,8,5,3,5,5,4,7
"16-08-2021",8,4,6,9,9,6,6,7,18,4,9,6,6,7,5,4,3,3,4,6,10,7,4,10
"17-08-2021",8,7,6,4,9,8,13,11,7,9,19,18,20,14,9,6,6,6,9,10,9,9,6,10
"18-08-2021",9,8,6,7,7,15,17,19,20,24,14,13,16,22,15,13,15,9,10,10,10,6,9,11
"19-08-2021",16,14,10,13,11,12,22,23,17,22,31,11,7,6,16,15,12,13,14,13,11,15,15,15
"20-08-2021",17,7,10,10,8,10,14,10,10,9,10,10,10,8,7,8,6,8,8,10,10,10,8,10
"21-08-2021",10,7,7,6,6,9,14,11,9,9,8,6,3,3,6,7,6,6,6,7,9,6,9,11
"22-08-2021",9,5,13,10,8,9,7,8,10,10,9,5,3,5,5,8,7,5,5,5,5,5,7,6
"23-08-2021",10,9,7,6,5,5,9,13,15,10,10,9,6,6,12,12,10,9,9,8,8,9,9,8
"24-08-2021",17,12,13,14,12,10,8,7,13,9,13,11,9,11,12,10,12,7,8,7,7,5,7,9
"25-08-2021",13,10,11,11,9,7,8,12,14,14,14,9,6,14,-9999,12,12,13,10,10,8,8,11,9
"26-08-2021",9,8,6,9,11,14,16,14,25,20,16,17,13,16,12,11,11,10,17,8,13,12,12,14
"27-08-2021",11,14,24,19,18,16,12,20,26,17,26,24,22,15,17,14,17,9,11,16,15,12,18,15
"28-08-2021",19,9,12,11,15,11,14,16,14,13,12,17,9,12,10,10,8,11,10,10,13,9,13,10
"29-08-2021",17,10,6,7,8,13,11,9,9,10,10,7,10,10,8,5,8,7,6,9,9,7,9,12
"30-08-2021",7,5,8,9,8,9,14,11,15,9,9,11,9,9,8,8,9,7,6,5,6,15,12,10
"31-08-2021",12,12,14,16,8,11,22,17,25,7,8,13,12,7,9,15,8,10,9,8,12,8,13,14
"01-09-2021",13,11,17,14,9,9,12,11,13,11,11,9,11,10,10,7,9,7,7,6,8,11,12,10
"02-09-2021",18,14,10,17,9,7,8,8,9,9,10,11,8,9,10,8,8,13,13,8,11,11,10,11
"03-09-2021",9,7,8,8,5,5,7,7,11,8,10,8,8,9,6,12,11,9,6,11,10,13,10,10
"04-09-2021",8,7,7,5,6,9,11,7,9,9,7,5,8,11,9,11,10,8,5,9,10,10,10,9
"05-09-2021",9,9,7,11,8,6,9,6,7,6,5,8,10,8,8,9,13,10,10,9,7,6,7,7
"06-09-2021",10,6,3,4,7,9,8,6,6,12,8,6,7,9,7,9,6,9,6,8,10,11,8,7
"07-09-2021",5,7,7,5,10,7,3,8,11,11,10,9,8,6,10,10,10,10,8,12,10,10,8,8
"08-09-2021",11,11,8,10,9,10,12,15,14,16,15,11,13,10,9,9,6,2,16,3,4,6,5,3
"09-09-2021",2,3,4,5,5,2,0,1,11,6,3,5,3,4,6,4,1,6,8,5,7,7,11,10
"10-09-2021",10,7,9,9,9,7,8,15,10,14,8,7,10,7,8,7,8,5,10,8,10,9,5,6
"11-09-2021",9,13,13,16,16,10,14,15,16,11,10,7,7,6,7,8,7,8,6,5,8,12,10,14
"12-09-2021",19,17,13,12,11,10,11,11,15,11,11,11,11,13,10,10,13,12,12,10,8,16,13,15
"13-09-2021",13,14,13,23,16,13,10,11,22,17,8,10,18,12,22,12,13,8,8,8,8,9,8,9
"14-09-2021",7,15,15,12,13,12,10,14,26,15,12,16,14,13,8,8,9,9,8,8,9,14,13,15
"15-09-2021",12,10,13,11,10,15,17,24,15,25,24,19,24,18,27,14,16,13,11,13,12,15,17,14
"16-09-2021",15,14,15,15,11,10,15,17,24,25,28,28,20,11,20,16,11,12,16,12,16,14,20,20
"17-09-2021",22,22,21,19,16,16,23,24,27,33,25,21,21,18,20,12,12,11,11,13,11,13,11,11
"18-09-2021",14,17,12,10,9,14,14,19,20,19,21,17,13,11,37,15,21,17,12,16,17,11,18,15
"19-09-2021",14,12,13,16,10,15,11,20,34,16,17,11,19,15,18,16,15,18,12,17,15,18,25,24
"20-09-2021",17,18,19,16,8,16,16,26,17,29,19,9,13,14,26,13,15,12,17,14,16,15,17,14
"21-09-2021",17,15,15,13,18,14,13,17,41,19,23,18,13,16,12,10,11,12,11,9,9,9,14,16
"22-09-2021",12,13,13,10,13,11,13,13,14,15,15,12,17,14,13,11,15,13,12,13,10,13,13,12
"23-09-2021",8,9,6,3,3,3,1,4,6,7,7,6,6,6,3,6,7,5,4,5,3,14,11,13
"24-09-2021",7,6,8,6,6,5,7,13,15,18,13,8,10,6,3,5,6,8,7,8,6,8,5,14
"25-09-2021",35,17,21,19,15,11,13,13,13,10,15,14,12,9,9,8,6,8,7,6,5,10,8,7
"26-09-2021",13,22,20,15,12,13,13,16,4,7,8,9,8,9,9,9,7,6,6,6,9,11,18,14
"27-09-2021",12,10,17,11,12,11,17,19,19,25,12,17,13,10,16,8,13,10,10,17,15,16,16,12
"28-09-2021",12,14,16,16,15,12,13,15,15,19,14,11,10,12,14,10,11,9,11,11,10,10,8,13
"29-09-2021",9,8,9,13,7,6,9,16,12,18,12,9,10,13,11,11,11,11,9,8,8,7,9,9
"30-09-2021",8,9,10,9,6,3,3,9,7,8,11,11,7,9,8,9,8,6,4,7,6,5,7,7
"01-10-2021",6,7,23,1,2,5,9,7,6,9,10,8,6,8,7,9,6,10,7,7,9,8,10,8
"02-10-2021",3,8,7,6,4,3,3,9,10,10,6,10,6,7,9,7,6,6,8,8,6,5,4,5
"03-10-2021",6,5,6,6,10,7,7,5,7,10,7,6,9,7,3,3,7,7,5,7,6,3,5,11
"04-10-2021",11,14,9,9,9,8,5,9,13,9,9,11,9,5,6,5,8,7,7,7,7,6,7,11
"05-10-2021",8,10,8,6,4,3,5,7,9,17,18,13,10,9,5,9,8,9,10,9,12,11,14,11
"06-10-2021",12,8,8,10,10,14,10,9,8,9,9,10,10,10,11,10,13,11,9,12,10,9,9,6
"07-10-2021",5,7,6,5,4,6,7,8,16,7,13,9,6,6,7,7,6,7,7,8,13,13,12,12
"08-10-2021",11,10,11,10,9,10,10,18,16,17,17,10,7,6,8,7,12,20,13,19,15,11,11,8
"09-10-2021",11,6,4,3,4,6,11,12,16,13,16,7,9,10,7,6,7,5,4,8,6,7,9,13
"10-10-2021",20,10,11,14,9,15,11,15,15,17,18,12,11,13,8,6,3,0,3,4,6,8,5,10
"11-10-2021",8,10,10,6,6,6,6,7,19,17,14,13,14,9,7,6,5,7,9,8,5,13,15,20
"12-10-2021",18,17,14,11,15,12,14,21,20,7,9,7,9,6,5,7,5,4,4,4,4,9,7,20
"13-10-2021",12,10,6,7,5,5,9,10,13,18,17,15,10,8,5,3,1,1,3,4,4,5,5,6
"14-10-2021",11,7,77,16,6,23,14,10,27,11,17,17,21,4,7,9,10,13,9,6,11,16,16,13
"15-10-2021",10,12,8,6,-9999,-9999,-9999,-9999,-9999,-9999,-9999,-9999,-9999,-9999,-9999,-9999,-9999,-9999,-9999,-9999,-9999,-9999,-9999,-9999
"16-10-2021",-9999,-9999,-9999,-9999,-9999,-9999,-9999,-9999,-9999,-9999,-9999,-9999,-9999,-9999,-9999,-9999,-9999,-9999,-9999,-9999,-9999,-9999,-9999,-9999
"17-10-2021",-9999,-9999,-9999,-9999,-9999,-9999,-9999,-9999,-9999,-9999,-9999,-9999,-9999,-9999,-9999,-9999,-9999,-9999,-9999,-9999,-9999,-9999,-9999,-9999
"18-10-2021",-9999,-9999,-9999,-9999,-9999,-9999,-9999,-9999,-9999,-9999,-9999,-9999,-9999,6,5,9,14,11,7,11,12,15,11,11
"19-10-2021",9,10,11,9,13,10,14,17,17,17,16,14,10,11,10,9,13,12,9,10,8,12,13,12
"20-10-2021",17,19,15,9,11,15,15,14,16,17,26,18,15,11,9,9,11,10,10,12,10,13,10,15
"21-10-2021",15,12,11,11,12,12,12,21,19,27,27,16,14,11,11,12,11,13,12,13,11,12,18,21
"22-10-2021",17,12,13,16,17,13,17,19,20,24,27,20,8,6,7,5,7,8,6,4,8,6,9,7
"23-10-2021",7,7,13,11,13,14,11,18,17,20,18,14,10,9,7,7,6,5,5,5,8,7,12,10
"24-10-2021",11,8,13,19,14,19,18,19,18,15,13,11,12,16,16,11,11,9,8,9,10,8,6,6
"25-10-2021",6,4,4,4,3,1,1,7,9,9,13,8,6,6,7,9,6,5,6,9,9,7,6,5
"26-10-2021",6,6,5,4,3,6,8,7,12,12,8,11,10,11,7,6,6,5,7,6,7,6,8,6
"27-10-2021",4,5,6,5,3,6,8,10,15,12,9,11,9,6,8,6,6,6,6,7,12,8,6,7
"28-10-2021",5,4,4,5,7,10,7,10,9,7,9,5,3,5,6,9,6,5,5,8,7,5,11,10
"29-10-2021",8,7,7,8,6,10,12,16,17,23,18,10,8,9,9,8,11,6,5,5,6,7,5,5
"30-10-2021",7,8,5,8,9,9,10,7,18,10,8,9,12,12,8,14,15,15,11,12,12,15,13,11
"31-10-2021",14,14,10,9,9,9,8,7,15,21,13,12,13,18,13,18,10,16,14,15,14,13,16,7
"01-11-2021",11,13,12,8,11,16,17,19,33,26,17,14,14,9,6,7,7,12,10,11,12,11,15,19
"02-11-2021",22,19,18,18,18,13,10,7,6,10,11,10,8,9,15,14,10,9,12,9,13,12,11,9
"03-11-2021",9,11,13,7,7,7,15,14,22,20,16,14,10,9,11,11,8,9,7,9,12,17,21,27
"04-11-2021",29,23,17,18,16,13,11,12,20,25,22,9,7,8,8,10,8,11,9,12,11,11,17,23
"05-11-2021",21,16,15,11,12,30,20,23,26,24,14,12,15,9,9,10,9,9,13,8,10,11,15,12
"06-11-2021",21,30,30,29,17,18,21,19,24,18,31,37,27,27,25,21,23,24,23,33,34,24,51,57
"07-11-2021",65,44,55,45,20,14,18,15,25,16,17,17,22,16,19,18,15,14,17,18,21,17,23,26
"08-11-2021",27,32,25,21,20,16,17,24,25,26,30,22,21,13,14,15,20,18,22,20,18,19,21,21
"09-11-2021",19,20,20,21,23,25,28,28,30,30,34,31,28,27,24,27,21,22,22,22,26,22,28,25
"10-11-2021",23,18,15,16,3,6,5,7,12,9,9,8,11,8,6,9,7,7,5,8,6,4,5,7
"11-11-2021",6,6,7,7,8,6,6,6,6,-9999,6,7,5,4,3,11,8,6,8,5,5,5,5,3
"12-11-2021",3,5,6,4,3,5,6,10,20,6,11,11,9,10,9,9,8,8,8,9,16,15,17,14
"13-11-2021",24,20,15,15,13,11,8,14,13,13,9,12,10,10,10,12,11,6,10,15,23,29,33,35
"14-11-2021",35,36,23,25,21,16,17,16,17,18,22,20,12,13,10,14,13,13,14,23,24,26,23,27
"15-11-2021",27,21,17,16,12,13,15,20,21,18,21,15,15,21,17,20,20,13,21,22,26,20,18,20
"16-11-2021",23,14,18,12,16,15,11,11,13,18,19,16,15,19,14,18,18,17,12,11,8,15,14,14
"17-11-2021",9,8,12,10,12,10,11,14,17,18,60,33,16,14,10,10,19,9,11,13,8,14,13,18
"18-11-2021",13,12,10,11,10,8,7,9,16,13,17,15,10,12,10,7,9,9,9,6,9,9,21,20
"19-11-2021",21,13,7,6,9,10,7,7,11,12,11,18,18,16,14,13,14,16,15,12,13,10,11,13
"20-11-2021",11,9,8,7,8,9,8,5,17,8,8,6,7,6,8,8,6,8,10,8,9,9,8,8
"21-11-2021",6,6,10,8,8,8,7,11,16,6,8,6,4,4,5,6,8,8,9,9,21,36,37,38
"22-11-2021",45,51,46,43,44,26,27,28,24,28,25,24,15,9,6,5,6,8,5,6,8,6,4,7
"23-11-2021",7,9,6,6,7,6,4,5,13,28,12,15,12,7,6,5,3,3,7,9,10,22,24,5
"24-11-2021",6,5,4,3,5,4,4,6,26,6,6,6,6,11,8,9,9,8,6,11,11,6,4,7
"25-11-2021",9,7,6,6,6,4,7,9,15,13,11,8,6,9,8,6,6,8,8,12,12,12,16,17
"26-11-2021",13,14,12,13,9,11,9,9,8,13,9,11,8,6,12,14,10,9,18,27,41,52,79,64
"27-11-2021",80,72,67,38,35,29,29,25,22,20,7,9,6,7,6,5,8,10,7,7,6,6,6,8
"28-11-2021",9,7,6,3,2,4,2,2,11,10,13,9,5,4,4,7,7,10,11,11,21,21,23,17
"29-11-2021",19,27,39,58,59,48,60,81,17,17,7,7,7,9,6,6,5,9,6,5,5,5,3,2
"30-11-2021",3,6,6,8,5,4,4,2,3,5,7,5,4,3,7,8,7,8,8,8,5,11,9,9
"01-12-2021",5,5,4,6,10,8,7,7,13,8,6,9,6,8,8,7,7,7,8,6,6,7,11,7
"02-12-2021",6,4,2,2,2,3,15,9,14,23,24,11,10,6,6,8,4,2,5,6,5,6,5,3
"03-12-2021",4,4,10,35,17,20,17,20,7,6,7,10,9,9,9,6,8,9,6,8,11,8,6,7
"04-12-2021",8,11,13,7,2,7,6,14,12,7,5,6,6,15,10,8,5,4,4,16,27,36,45,31
"05-12-2021",28,20,27,33,33,31,22,12,19,17,25,6,7,6,5,5,6,7,5,7,10,8,9,7
"06-12-2021",7,13,18,38,31,22,17,14,22,16,6,4,3,9,8,10,11,11,10,10,11,11,11,9
"07-12-2021",7,37,50,20,7,5,6,8,7,5,5,10,12,8,6,4,6,5,6,4,5,5,8,7
"08-12-2021",3,4,4,2,5,4,4,4,7,7,6,4,7,5,4,4,3,7,7,7,5,6,13,9
"09-12-2021",9,8,6,7,4,3,6,11,20,23,28,18,11,7,6,9,7,7,10,17,14,20,21,18
"10-12-2021",19,20,17,19,17,11,19,20,17,9,6,6,9,5,1,3,5,2,4,6,4,4,5,3
"11-12-2021",3,3,2,3,6,4,5,6,5,7,6,6,7,7,9,9,9,9,10,12,13,11,16,6
"12-12-2021",6,3,2,6,4,4,3,6,6,7,12,7,5,3,6,7,5,3,3,4,5,8,9,11
"13-12-2021",14,14,12,23,18,8,8,7,5,7,5,4,4,3,6,6,4,8,8,11,14,13,8,5
"14-12-2021",4,0,0,3,2,4,3,6,14,8,7,5,2,6,8,5,2,4,3,2,3,5,5,4
"15-12-2021",2,0,1,2,1,1,1,1,7,5,18,14,11,9,10,8,6,4,8,7,6,10,15,18
"16-12-2021",24,16,3,8,13,8,4,7,44,10,17,11,11,8,6,6,6,12,13,13,16,17,16,9
"17-12-2021",10,10,8,9,8,8,8,11,12,7,13,8,6,6,6,6,10,7,6,9,17,21,23,15
"18-12-2021",11,7,6,6,3,0,1,3,5,5,6,3,1,7,6,4,3,6,8,10,7,6,5,7
"19-12-2021",4,2,5,4,2,2,3,3,5,3,4,2,0,0,1,5,3,5,7,8,8,8,8,7
"20-12-2021",10,21,52,43,35,31,27,28,28,32,33,34,15,8,9,6,4,8,17,26,27,33,46,42
"21-12-2021",43,40,56,19,2,3,6,11,12,18,8,16,10,9,7,9,11,17,11,13,13,15,12,16
"22-12-2021",10,10,12,8,5,6,6,7,9,9,18,10,10,8,7,6,10,13,11,11,14,17,17,21
"23-12-2021",7,5,3,10,8,5,4,6,10,8,7,7,7,7,5,8,11,-9999,11,-9999,13,23,27,32
"24-12-2021",29,31,26,22,27,22,22,26,25,24,34,30,12,8,8,6,5,5,3,4,9,6,6,6
"25-12-2021",6,11,9,10,13,14,20,27,30,30,29,9,6,4,2,2,3,5,5,10,19,34,43,57
"26-12-2021",49,38,99,81,64,51,37,27,23,21,23,27,14,8,-9999,-9999,-9999,-9999,-9999,-9999,-9999,-9999,-9999,-9999
"27-12-2021",-9999,-9999,-9999,-9999,-9999,-9999,-9999,-9999,-9999,-9999,-9999,-9999,-9999,-9999,-9999,-9999,-9999,-9999,-9999,-9999,-9999,-9999,-9999,-9999
"28-12-2021",-9999,-9999,-9999,-9999,-9999,-9999,-9999,-9999,-9999,-9999,-9999,-9999,-9999,11,15,8,11,8,9,7,7,7,9,8
"29-12-2021",10,8,3,2,6,5,3,5,20,20,17,17,11,10,8,7,6,13,10,12,8,13,16,8
"30-12-2021",30,12,43,32,10,7,8,13,10,7,4,4,11,6,3,2,2,4,4,3,4,9,6,5
"31-12-2021",10,6,6,5,3,5,5,9,9,6,8,9,5,10,6,5,7,6,6,7,11,10,9,6
"01-01-2022",5,8,8,4,1,10,67,63,45,38,26,27,15,13,11,8,10,9,10,11,21,29,45,40
"02-01-2022",44,47,28,41,20,6,9,8,28,8,9,7,5,6,6,4,2,3,10,12,23,31,32,27
"03-01-2022",42,47,39,38,34,21,21,22,24,29,33,25,8,9,6,11,10,10,12,8,8,11,9,8
"04-01-2022",9,11,11,14,15,17,17,21,20,22,24,25,10,12,11,8,10,14,12,16,10,10,15,8
"05-01-2022",11,7,4,3,5,6,6,8,14,10,6,7,6,10,12,8,6,5,5,14,10,16,24,32
"06-01-2022",29,52,46,49,56,51,39,29,36,27,27,25,9,7,6,7,7,8,9,9,8,7,6,9
"07-01-2022",7,4,4,5,8,6,6,15,9,11,11,8,6,6,8,9,7,6,6,6,8,10,15,34
"08-01-2022",28,27,17,10,6,3,7,6,6,10,13,18,6,4,7,6,6,3,6,10,24,36,44,47
"09-01-2022",42,31,21,10,6,3,6,6,9,6,5,9,11,16,9,10,17,14,24,35,17,21,26,29
"10-01-2022",40,32,38,39,27,25,16,18,24,22,24,21,17,15,20,18,17,5,5,5,8,9,7,14
"11-01-2022",17,12,7,4,3,1,0,4,14,11,7,13,10,9,7,11,10,10,13,13,7,6,4,4
"12-01-2022",4,2,1,3,3,3,2,1,-9999,-9999,1,-9999,0,0,7,7,9,8,6,11,9,12,9,6
"13-01-2022",6,7,7,6,8,7,7,7,10,10,9,8,6,7,9,7,5,11,9,10,10,8,8,7
"14-01-2022",8,5,2,8,13,9,15,13,16,18,14,12,12,7,5,8,6,4,4,4,11,15,22,36
"15-01-2022",108,98,103,85,77,46,37,30,28,31,25,6,9,7,7,8,8,7,12,13,10,17,20,20
"16-01-2022",29,27,18,16,13,8,6,10,8,7,8,7,10,7,9,9,9,8,10,13,22,39,57,56
"17-01-2022",57,53,57,40,30,27,26,28,28,32,38,38,22,15,14,7,6,11,8,18,18,27,35,25
"18-01-2022",81,93,53,75,46,42,20,8,9,7,9,10,11,7,7,9,7,6,7,6,6,7,9,13
"19-01-2022",13,7,4,7,6,5,5,6,10,10,12,11,9,9,9,11,10,9,8,11,18,33,48,50
"20-01-2022",51,42,49,42,32,25,31,30,32,41,40,30,21,6,7,6,7,4,8,7,23,18,7,11
"21-01-2022",12,14,18,12,21,25,27,29,27,31,39,46,18,3,3,3,6,7,8,9,18,16,15,10
"22-01-2022",13,8,15,9,7,5,6,3,0,4,6,6,6,6,5,5,9,6,6,6,9,10,14,10
"23-01-2022",7,9,14,12,10,5,3,3,8,7,6,6,4,2,3,3,7,8,7,9,15,27,35,35
"24-01-2022",54,54,36,10,7,9,8,5,7,7,4,5,7,7,8,6,5,10,8,12,8,10,15,13
"25-01-2022",11,8,9,6,5,4,2,4,4,5,7,6,8,14,8,10,11,9,8,11,14,11,9,15
"26-01-2022",10,11,11,11,10,9,10,12,9,11,10,9,10,8,8,7,14,11,9,14,14,22,27,16
"27-01-2022",22,18,7,9,9,7,9,15,12,14,12,8,8,5,6,8,8,7,12,12,15,32,38,57
"28-01-2022",48,56,33,28,17,19,24,26,31,29,27,20,16,10,8,8,9,6,11,8,9,38,71,101
"29-01-2022",130,113,111,79,43,29,24,16,16,15,17,13,12,11,9,9,5,4,4,5,7,9,8,9
"30-01-2022",8,12,11,8,7,5,13,11,13,8,10,9,7,6,7,11,9,9,14,13,17,34,46,31
"31-01-2022",21,56,73,68,44,42,35,26,18,33,13,12,14,13,8,7,6,6,5,6,12,7,5,5
"01-02-2022",6,8,3,0,2,5,5,5,6,6,0,9,10,10,13,9,12,20,11,13,11,10,8,13
"02-02-2022",8,8,8,8,9,6,7,11,9,6,4,2,6,6,4,5,5,7,7,4,2,6,5,2
"03-02-2022",3,6,5,6,4,1,8,6,6,6,7,6,5,4,3,2,7,5,3,5,9,16,9,6
"04-02-2022",8,8,9,7,9,7,8,9,8,13,10,8,7,11,8,6,6,12,8,8,10,12,34,59
"05-02-2022",77,82,83,76,57,48,33,32,31,28,29,16,11,7,5,4,5,7,7,8,8,40,70,90
"06-02-2022",93,66,67,63,51,49,23,21,25,18,20,15,15,15,13,10,16,10,10,12,18,15,41,55
"07-02-2022",67,70,75,65,51,40,36,32,38,36,32,14,20,18,14,22,18,18,13,19,16,7,12,10
"08-02-2022",8,8,8,6,4,4,4,6,10,7,4,1,3,4,4,9,6,8,8,5,6,6,6,4
"09-02-2022",4,5,3,2,3,4,5,5,9,7,12,9,9,6,6,8,7,6,5,7,7,10,18,25
"10-02-2022",36,36,24,17,14,8,8,11,30,23,25,19,10,7,6,5,4,6,4,12,13,20,29,23
"11-02-2022",17,21,20,31,24,23,18,25,27,26,19,18,16,9,11,9,8,11,10,9,9,11,27,53
"12-02-2022",67,75,56,54,42,29,28,26,27,26,36,24,13,11,10,10,8,7,8,8,11,29,41,44
"13-02-2022",35,27,22,12,19,18,17,17,14,15,16,15,12,15,9,16,9,14,13,12,14,17,18,18
"14-02-2022",17,16,13,15,13,13,13,22,23,22,19,14,13,9,7,9,8,11,13,9,11,8,13,15
"15-02-2022",13,38,56,45,40,38,33,31,29,31,27,20,20,14,21,17,15,12,12,12,13,21,23,37
"16-02-2022",59,49,51,52,38,34,30,29,32,29,34,27,21,12,10,7,10,7,4,3,4,10,9,7
"17-02-2022",3,4,3,2,4,3,5,9,13,10,18,17,5,8,8,10,7,8,7,6,4,16,26,19
"18-02-2022",45,54,51,56,58,51,52,49,33,19,26,15,9,6,8,6,7,7,4,4,7,19,22,14
"19-02-2022",24,30,14,8,9,13,19,20,13,10,11,13,16,9,8,5,2,5,9,8,8,7,12,17
"20-02-2022",24,33,29,28,22,22,30,25,31,29,28,17,14,14,19,9,15,13,15,12,9,12,11,9
"21-02-2022",9,12,9,7,12,11,17,18,21,27,28,13,21,14,10,9,9,8,10,12,9,12,15,17
"22-02-2022",13,12,13,14,9,13,12,18,21,26,15,10,10,11,9,8,10,9,11,9,13,18,19,6
"23-02-2022",8,18,12,9,10,10,14,7,9,7,4,4,3,2,10,6,1,3,2,6,8,8,9,9
"24-02-2022",6,6,4,3,4,3,4,9,8,8,8,8,8,8,8,11,14,10,6,4,7,9,9,8
"25-02-2022",9,8,6,5,3,6,6,11,34,9,8,7,6,7,9,5,7,6,8,8,6,7,7,17
"26-02-2022",36,34,30,23,25,16,20,12,16,20,12,10,9,9,8,5,5,7,5,7,8,9,7,13
"27-02-2022",28,23,25,19,6,7,5,2,5,6,6,6,10,12,6,2,7,7,7,8,7,10,16,7
"28-02-2022",9,27,11,32,6,5,5,12,17,14,10,11,6,5,5,6,10,6,10,8,5,8,11,7
"01-03-2022",5,5,4,4,5,5,5,10,14,13,19,18,12,11,11,10,11,10,9,13,13,12,11,11
"02-03-2022",9,9,7,8,6,8,7,6,5,11,8,6,8,6,9,9,9,10,8,8,10,8,10,8
"03-03-2022",9,16,7,11,10,7,13,10,17,14,10,7,8,8,8,7,10,6,8,9,10,14,11,10
"04-03-2022",6,13,29,32,18,12,15,20,22,23,20,14,10,13,10,6,4,5,6,6,8,13,14,38
"05-03-2022",53,46,41,42,34,38,33,29,28,22,25,22,15,10,8,8,6,5,13,14,21,30,32,36
"06-03-2022",47,34,40,37,22,14,15,12,20,23,25,18,17,8,7,6,6,4,3,5,9,11,8,7
"07-03-2022",8,7,8,9,16,6,11,14,19,10,12,11,8,9,7,3,11,14,13,9,8,10,12,25
"08-03-2022",16,18,-9999,-9999,-9999,-9999,-9999,-9999,-9999,-9999,-9999,-9999,-9999,5,4,4,6,7,4,3,3,2,3,5
"09-03-2022",4,4,5,5,4,3,2,6,9,11,8,9,7,8,6,9,5,6,7,8,7,10,8,6
"10-03-2022",5,4,4,5,5,5,7,6,13,14,8,5,6,9,8,9,11,7,7,8,14,10,11,11
"11-03-2022",15,6,6,5,5,6,7,7,9,9,6,6,12,8,7,11,8,10,6,5,8,13,17,12
"12-03-2022",15,11,13,24,18,11,8,10,13,18,11,8,46,8,8,7,6,5,9,9,13,11,11,9
"13-03-2022",17,24,32,25,13,8,11,13,14,10,14,12,7,6,8,6,4,6,6,8,11,11,31,48
"14-03-2022",52,40,25,19,14,20,16,11,12,15,10,7,5,6,8,8,9,8,10,13,12,17,25,23
"15-03-2022",18,12,10,10,14,12,13,17,17,11,10,13,12,9,13,12,11,8,8,9,15,12,36,43
"16-03-2022",52,52,50,40,38,28,30,32,33,35,36,22,20,22,18,14,13,12,10,11,10,11,14,9
"17-03-2022",6,4,5,31,30,41,29,24,32,23,12,16,15,12,10,9,17,19,15,18,21,17,24,18
"18-03-2022",21,14,10,7,7,7,8,8,12,11,9,8,6,7,7,6,6,5,8,10,7,10,13,12
"19-03-2022",12,7,7,9,7,5,6,7,10,9,9,10,7,7,5,5,6,8,6,5,8,11,11,16
"20-03-2022",12,6,5,4,4,6,6,9,9,6,8,7,5,2,6,9,10,9,11,7,11,12,13,9
"21-03-2022",8,6,5,10,8,4,6,9,12,8,5,5,6,7,4,1,3,4,15,8,8,12,10,7
"22-03-2022",12,9,9,7,4,6,5,8,12,14,8,6,8,7,8,9,11,10,12,10,13,10,10,7
"23-03-2022",7,9,8,6,6,9,10,9,10,15,12,7,6,6,11,8,7,9,11,7,10,11,10,14
"24-03-2022",10,7,10,8,7,8,6,5,12,9,5,11,9,6,4,8,7,7,6,5,11,15,16,18
"25-03-2022",10,22,62,57,40,38,28,36,35,29,10,12,11,9,11,10,9,14,14,12,14,19,15,10
"26-03-2022",20,28,29,36,18,7,11,-9999,-9999,-9999,17,12,11,13,13,12,13,9,10,11,9,11,14,14
"27-03-2022",13,12,13,24,38,31,27,26,-9999,27,25,20,21,33,20,19,20,15,12,13,17,15,16,15
"28-03-2022",15,20,19,23,34,39,27,25,28,30,25,32,20,23,19,18,22,15,15,13,11,12,16,16
"29-03-2022",22,25,25,19,18,17,13,24,31,25,17,20,22,26,18,14,20,10,11,10,12,17,15,19
"30-03-2022",12,13,18,16,25,22,26,28,30,33,31,25,20,21,23,18,14,19,18,23,19,22,22,23
"31-03-2022",25,28,21,21,21,24,22,28,29,31,25,26,24,26,22,14,17,19,23,22,15,21,25,22
"01-04-2022",19,24,21,21,28,20,20,23,23,23,29,25,27,26,33,38,46,50,52,44,38,33,36,47
"02-04-2022",55,59,59,52,41,32,37,17,30,20,13,20,17,22,20,12,12,10,12,13,8,14,13,14
"03-04-2022",18,13,14,12,9,7,4,5,24,8,10,7,6,7,8,7,6,6,7,7,8,8,7,5
"04-04-2022",8,11,7,7,6,9,6,9,18,12,17,12,10,8,11,8,6,5,3,4,6,6,7,7
"05-04-2022",6,9,6,3,3,2,1,5,10,7,11,12,13,15,18,14,13,15,13,13,15,11,9,9
"06-04-2022",11,12,11,12,12,17,10,14,18,17,18,21,23,11,16,14,17,14,10,10,12,9,16,9
"07-04-2022",6,4,3,7,7,8,13,13,12,11,9,13,12,12,10,16,23,22,24,16,8,6,4,6
"08-04-2022",10,9,6,4,7,8,8,9,10,11,12,10,9,9,12,9,11,7,6,6,4,7,12,11
"09-04-2022",16,10,6,6,9,7,5,12,14,14,13,9,9,9,7,9,8,12,11,12,13,10,8,8
"10-04-2022",10,12,8,4,6,4,6,6,12,10,8,8,9,8,6,8,7,7,10,9,9,9,12,11
"11-04-2022",8,4,4,6,7,6,6,6,6,5,6,5,4,3,7,7,4,3,8,8,8,6,8,12
"12-04-2022",7,12,10,10,8,13,14,14,18,15,15,14,12,6,5,5,3,6,4,5,6,6,5,5
"13-04-2022",4,4,7,9,8,10,10,17,22,23,16,10,9,9,6,5,4,4,7,5,4,8,10,7
"14-04-2022",6,8,11,15,15,15,14,18,25,26,22,11,9,11,9,14,8,6,6,10,8,13,9,8
"15-04-2022",9,17,20,17,12,13,15,13,20,19,21,12,8,8,9,8,8,10,11,20,14,11,9,10
"16-04-2022",12,13,13,15,15,18,16,24,31,19,34,21,26,17,17,8,10,9,9,8,13,12,17,17
"17-04-2022",16,12,16,9,10,11,7,7,16,14,14,14,11,8,11,10,11,10,7,4,3,3,3,6
"18-04-2022",6,2,2,4,5,4,5,7,6,9,7,7,7,4,5,7,6,6,5,7,8,8,7,5
"19-04-2022",3,6,5,4,4,4,8,6,6,7,6,5,6,5,6,4,3,4,4,4,3,5,4,3
"20-04-2022",3,2,0,0,11,11,9,18,22,19,15,7,6,7,12,8,4,6,8,6,6,7,9,11
"21-04-2022",8,6,10,7,8,7,17,17,27,23,15,16,9,13,12,10,9,9,9,8,8,9,9,8
"22-04-2022",9,11,13,9,11,12,16,17,20,21,8,9,6,4,4,6,7,6,5,7,8,6,6,5
"23-04-2022",6,4,4,8,8,9,11,17,36,14,19,14,12,17,21,17,18,16,9,9,8,9,9,12
"24-04-2022",14,29,16,25,36,37,34,31,27,37,30,25,20,23,26,17,16,18,21,17,21,21,22,22
"25-04-2022",27,25,28,21,11,10,7,8,20,22,16,17,14,8,6,10,18,14,12,17,17,15,19,14
"26-04-2022",9,9,12,13,15,16,16,18,21,21,18,14,16,10,12,10,10,11,16,12,11,11,12,17
"27-04-2022",19,26,21,20,15,16,19,20,26,22,28,17,16,12,17,9,27,15,15,12,18,24,27,23
"28-04-2022",20,22,19,22,20,22,21,28,34,33,32,36,28,36,23,22,24,23,29,39,34,27,20,18
"29-04-2022",18,23,26,31,26,22,19,10,17,14,9,10,7,6,4,6,12,7,6,6,4,4,8,8
"30-04-2022",6,6,10,6,9,7,5,7,7,4,7,7,9,8,6,6,4,5,6,7,7,6,12,12
"01-05-2022",10,8,10,12,14,9,10,11,10,11,11,10,7,6,9,10,8,7,4,4,8,7,5,5
"02-05-2022",4,2,4,7,5,2,3,9,6,14,11,12,7,7,7,5,6,5,5,5,7,8,9,8
"03-05-2022",9,6,4,10,15,8,9,8,29,12,11,9,10,10,10,8,6,12,8,11,9,8,5,5
"04-05-2022",5,6,7,8,5,1,4,10,7,11,10,8,9,-9999,-9999,-9999,10,7,8,7,6,6,4,4
"05-05-2022",5,7,8,6,11,11,15,18,24,26,31,22,21,6,8,7,8,6,7,9,8,7,10,8
"06-05-2022",14,13,19,15,17,9,11,12,12,13,11,10,18,16,13,10,11,11,12,12,7,6,10,6
"07-05-2022",6,8,6,6,6,4,4,6,6,7,6,7,9,7,5,8,8,9,14,10,9,8,12,9
"08-05-2022",8,7,8,7,9,6,11,11,11,10,10,10,8,10,12,12,10,6,12,8,5,8,9,6
"09-05-2022",5,4,10,9,8,6,5,8,9,9,6,5,5,4,3,3,1,5,7,4,4,4,6,9
"10-05-2022",8,5,7,9,7,6,6,6,18,7,6,4,3,6,6,6,6,4,4,9,6,6,10,9
"11-05-2022",9,8,11,6,5,4,5,8,30,6,6,8,6,4,7,8,6,8,7,10,16,18,19,18
"12-05-2022",14,10,12,15,10,11,14,23,41,31,19,11,11,13,18,15,11,11,8,9,6,13,11,12
"13-05-2022",16,13,14,13,13,10,20,15,19,19,24,23,-9999,14,10,13,11,15,14,12,11,7,9,11
"14-05-2022",11,8,7,12,9,8,14,12,23,10,11,10,10,16,11,12,11,9,12,10,14,11,13,14
"15-05-2022",17,18,21,18,18,21,25,20,19,31,21,17,26,20,18,14,14,9,11,15,12,10,18,20
"16-05-2022",14,20,14,14,11,9,11,19,27,25,24,18,20,19,15,8,12,11,10,13,11,13,14,15
"17-05-2022",11,20,12,23,18,17,22,25,24,31,13,14,15,20,21,18,15,12,13,11,14,13,15,15
"18-05-2022",15,17,20,22,22,12,15,20,21,20,17,11,18,18,11,9,11,6,8,8,12,9,14,13
"19-05-2022",10,6,2,6,5,4,5,7,7,6,8,6,3,9,8,6,4,4,5,5,6,6,5,8
"20-05-2022",8,7,5,6,5,8,7,4,8,8,11,8,9,9,6,6,4,2,4,5,7,6,6,8
"21-05-2022",8,6,11,7,6,8,7,9,16,8,10,6,6,5,3,6,8,6,4,9,11,10,12,10
"22-05-2022",7,8,7,9,8,10,16,17,17,20,22,17,7,10,7,5,7,7,6,9,6,9,9,9
"23-05-2022",10,12,12,18,8,7,15,20,28,20,17,9,21,9,14,14,9,8,6,9,13,13,12,15
"24-05-2022",10,11,10,12,10,14,11,16,19,19,20,14,10,24,10,12,12,10,14,12,20,17,17,17
"25-05-2022",20,23,11,20,18,21,22,37,28,27,19,16,11,20,14,12,10,11,18,10,15,8,9,11
"26-05-2022",12,11,8,8,10,11,16,23,28,20,26,17,15,13,19,10,11,12,13,10,10,13,17,22
"27-05-2022",44,43,20,21,18,25,24,21,25,24,21,19,22,35,28,14,18,14,12,19,12,13,15,19
"28-05-2022",20,18,22,16,18,21,18,15,19,26,20,19,17,19,15,8,16,17,10,12,14,10,13,12
"29-05-2022",12,13,9,8,11,11,11,14,13,15,13,12,11,12,12,18,18,15,22,12,17,15,17,8
"30-05-2022",7,11,11,8,10,9,10,16,18,14,14,9,8,10,11,8,7,5,9,9,11,9,8,9
"31-05-2022",7,10,12,11,11,13,14,16,18,23,17,19,13,10,14,10,7,17,14,12,11,9,7,9
"01-06-2022",7,18,22,16,17,16,17,20,24,29,30,20,16,20,15,11,15,10,10,12,13,17,15,11
"02-06-2022",11,16,17,14,18,11,16,21,21,21,15,21,10,20,13,13,12,8,5,9,6,11,14,14
"03-06-2022",16,14,11,9,30,10,12,13,15,16,18,17,15,16,20,14,19,16,12,12,12,11,11,15
"04-06-2022",14,13,14,12,11,11,15,11,22,10,11,10,13,13,11,9,9,6,9,7,7,12,10,12
"05-06-2022",15,17,23,15,16,12,14,13,21,16,13,12,11,10,10,13,12,9,10,11,12,12,24,15
"06-06-2022",17,33,11,24,26,33,27,37,53,33,27,18,26,24,19,18,20,19,22,20,12,18,7,9
"07-06-2022",14,11,9,15,11,10,11,11,12,8,10,9,7,10,12,9,7,5,8,9,10,5,11,11
"08-06-2022",8,11,7,6,10,9,6,6,17,17,12,14,-9999,-9999,-9999,58,12,17,4,6,7,6,6,7
"09-06-2022",6,6,4,6,6,5,7,5,16,19,17,15,9,12,11,9,7,7,8,9,9,9,10,14
"10-06-2022",13,13,11,11,8,10,10,15,11,8,11,11,10,15,11,17,19,14,15,17,17,15,12,12
"11-06-2022",15,8,10,8,9,9,11,10,13,12,7,7,-9999,-9999,17,5,5,6,11,13,12,10,10,9
"12-06-2022",7,5,3,7,6,6,6,7,18,5,5,3,2,4,5,7,7,6,8,5,6,6,14,10
"13-06-2022",8,9,10,7,4,3,4,11,10,7,9,8,7,9,8,9,9,10,10,9,9,10,9,13
"14-06-2022",14,14,10,22,15,9,10,12,9,11,12,13,14,11,10,13,10,8,16,12,16,16,20,20
"15-06-2022",20,24,18,13,15,17,12,17,18,10,12,10,7,7,13,12,16,10,15,21,17,17,10,14
"16-06-2022",12,9,6,8,12,8,14,14,20,14,10,7,7,9,6,7,8,8,9,7,8,6,8,11
"17-06-2022",12,13,17,7,12,8,8,13,17,6,9,7,6,8,12,9,8,8,5,11,13,11,22,12
"18-06-2022",13,8,6,10,9,8,6,9,8,11,9,16,8,10,7,13,10,16,10,6,14,12,16,21
"19-06-2022",13,11,15,8,9,9,7,8,10,9,7,7,5,9,9,8,4,3,7,6,5,4,5,6
"20-06-2022",9,7,9,7,17,11,8,8,20,6,6,9,10,6,5,6,7,11,8,8,7,7,7,6
"21-06-2022",8,9,8,10,7,9,10,17,27,13,14,12,12,10,13,13,9,8,5,6,7,5,6,11
"22-06-2022",14,11,16,21,12,11,15,25,31,23,19,18,17,12,22,7,9,10,10,10,12,12,10,8
"23-06-2022",14,15,19,10,14,13,15,19,30,24,24,19,19,21,14,19,22,19,23,20,18,16,17,17
"24-06-2022",23,16,19,15,15,15,15,17,17,14,14,14,14,16,15,16,13,15,14,16,9,10,13,10
"25-06-2022",16,15,20,6,6,22,13,15,34,21,10,8,9,9,16,10,10,7,6,6,11,10,10,9
"26-06-2022",12,11,8,16,17,18,21,27,33,16,19,14,11,8,10,9,10,12,13,11,11,11,11,10
"27-06-2022",10,8,11,11,11,8,13,9,14,10,9,13,13,10,9,16,11,13,10,13,14,16,14,15
"28-06-2022",12,10,32,15,12,17,26,25,24,13,12,10,10,8,5,7,6,5,6,5,10,10,12,10
"29-06-2022",12,9,11,8,7,10,10,10,14,9,8,8,8,12,10,9,7,6,6,4,7,6,9,7
"30-06-2022",5,6,6,16,12,8,13,18,12,10,12,13,10,12,10,10,8,10,9,7,11,11,9,13
"01-07-2022",9,9,7,7,14,10,9,8,11,15,10,14,10,8,9,10,9,11,12,11,9,6,6,9
"02-07-2022",10,12,11,10,9,10,17,10,21,72,14,12,8,12,8,15,7,7,8,10,9,11,9,9
"03-07-2022",9,8,12,6,5,8,12,9,7,8,6,7,6,7,7,9,6,5,4,6,9,7,6,7
"04-07-2022",6,5,7,7,6,4,5,5,5,7,7,7,5,3,10,23,20,12,7,3,4,3,4,4
"05-07-2022",4,6,5,3,5,6,6,6,15,7,7,7,9,8,7,5,5,6,4,4,5,4,6,10
"06-07-2022",8,9,10,9,11,6,8,9,19,10,11,11,8,7,12,12,12,12,10,13,12,10,16,20
"07-07-2022",12,13,13,17,17,21,20,17,11,12,10,10,8,12,12,10,8,12,13,15,15,14,16,16
"08-07-2022",17,13,13,19,13,17,15,13,10,14,14,15,21,19,11,9,11,13,12,7,12,11,11,13
"09-07-2022",19,15,12,14,16,10,9,7,7,9,9,7,7,5,4,6,7,6,4,3,8,7,8,6
"10-07-2022",8,6,6,5,2,1,4,8,12,8,4,4,5,6,6,6,3,5,4,6,6,10,10,10
"11-07-2022",8,9,12,10,10,12,16,16,20,6,13,10,8,11,8,6,9,8,6,9,11,9,10,16
"12-07-2022",10,8,11,8,6,6,10,13,9,9,9,15,9,8,11,8,7,8,11,7,10,9,8,17
"13-07-2022",9,13,9,6,10,9,12,10,9,12,11,11,10,13,10,8,8,11,10,8,9,9,8,8
"14-07-2022",8,8,9,8,8,7,12,8,13,12,8,10,7,8,8,7,6,6,5,6,8,6,8,10
"15-07-2022",9,10,8,8,5,4,7,6,6,5,5,6,5,8,6,5,9,7,7,7,5,11,8,8
"16-07-2022",8,7,6,16,11,15,11,8,8,10,14,10,11,13,8,9,7,5,6,7,8,10,9,12
"17-07-2022",10,13,9,8,8,6,13,18,12,12,9,7,10,10,10,10,10,7,7,9,15,10,12,14
"18-07-2022",11,12,9,8,8,8,6,13,12,10,10,8,9,11,8,9,9,10,6,13,11,9,9,10
"19-07-2022",9,9,8,6,6,9,7,6,11,7,7,6,9,8,5,2,4,4,6,9,7,6,4,3
"20-07-2022",4,5,4,6,7,8,11,8,5,8,8,7,6,6,5,4,4,7,6,7,6,9,8,-9999
"21-07-2022",-9999,-9999,-9999,-9999,-9999,-9999,-9999,-9999,-9999,-9999,-9999,-9999,8,8,7,7,9,11,7,7,11,9,7,8
"22-07-2022",7,6,11,15,14,18,16,20,20,16,13,9,11,16,18,14,17,14,10,17,25,27,18,13
"23-07-2022",21,15,18,12,13,13,11,13,12,17,13,11,7,6,6,6,10,8,13,10,10,12,12,11
"24-07-2022",17,17,17,17,18,27,31,36,30,19,17,19,15,25,16,18,16,16,15,21,22,22,22,18
"25-07-2022",26,19,24,18,21,27,20,21,18,29,27,19,17,15,17,17,15,13,12,13,22,25,16,13
"26-07-2022",16,11,15,17,13,21,15,12,21,13,12,17,11,10,8,8,7,7,11,7,21,17,12,15
"27-07-2022",13,16,7,10,13,26,20,23,27,20,18,10,12,14,12,10,12,10,9,9,12,12,13,9
"28-07-2022",11,10,16,16,18,10,11,15,19,12,20,10,10,9,10,6,6,6,7,4,6,6,7,9
"29-07-2022",7,12,9,8,10,9,12,12,12,10,10,13,7,5,9,6,9,6,9,5,6,6,6,6
"30-07-2022",16,7,13,13,9,9,11,10,13,10,10,8,6,6,5,5,6,6,4,7,19,9,9,10
"31-07-2022",11,13,12,7,7,9,13,13,12,6,5,11,23,21,12,9,11,8,11,10,11,14,19,14
"01-08-2022",17,10,13,14,13,10,8,11,11,18,17,13,11,16,10,9,14,13,10,11,9,8,11,14
"02-08-2022",10,11,11,8,14,12,8,11,10,13,12,10,8,10,7,11,8,7,6,8,6,7,9,9
"03-08-2022",11,7,5,5,5,4,4,7,8,9,9,8,7,9,8,9,9,7,6,6,5,5,8,7
"04-08-2022",9,8,10,9,3,0,3,6,10,10,7,8,6,4,5,6,8,5,6,6,5,6,6,6
"05-08-2022",7,6,13,9,9,9,9,8,16,5,7,8,7,6,6,10,8,7,6,9,9,8,15,10
"06-08-2022",11,12,10,15,7,8,10,8,6,5,5,8,9,7,6,7,5,7,5,6,8,9,9,10
"07-08-2022",11,11,11,6,7,9,11,11,7,8,8,9,8,6,7,6,8,5,3,4,4,5,7,7
"08-08-2022",10,8,13,9,6,5,6,8,8,9,9,7,9,8,5,9,9,8,12,13,10,9,10,8
"09-08-2022",15,8,11,8,8,6,7,8,10,9,11,9,9,8,8,11,9,6,7,7,8,10,10,6
"10-08-2022",12,10,8,6,5,7,9,8,7,9,8,8,6,9,6,6,6,6,8,7,16,12,9,8
"11-08-2022",10,9,10,10,9,10,9,14,11,10,13,11,8,9,8,8,9,7,5,6,11,11,12,10
"12-08-2022",11,16,14,10,10,14,12,9,17,11,12,11,7,5,11,8,4,4,5,6,6,5,10,8
"13-08-2022",9,7,6,6,6,6,7,7,9,15,11,16,7,12,20,16,7,7,10,7,6,6,7,8
"14-08-2022",10,9,13,11,12,18,14,13,16,15,12,15,13,10,7,6,10,7,6,6,12,11,9,7
"15-08-2022",10,6,11,6,3,5,7,6,11,9,5,11,6,4,6,7,7,6,4,5,7,5,8,6
"16-08-2022",4,8,7,6,8,8,15,12,17,15,13,14,8,12,9,7,4,6,5,5,5,7,5,7
"17-08-2022",6,3,9,7,10,11,10,16,20,17,9,12,8,10,12,13,10,9,7,7,14,10,11,12
"18-08-2022",11,11,15,11,15,16,26,27,17,19,17,9,8,12,8,7,10,9,7,5,4,7,8,16
"19-08-2022",10,7,8,15,24,15,16,18,19,18,24,15,13,15,6,6,8,8,10,11,10,8,17,16
"20-08-2022",13,22,18,35,26,21,38,16,14,23,19,20,24,23,13,13,11,9,10,9,8,7,15,16
"21-08-2022",17,16,18,15,17,24,21,20,26,21,20,12,11,8,14,14,9,14,16,9,10,8,8,6
"22-08-2022",8,13,12,16,6,12,13,17,14,12,15,12,12,13,12,13,9,5,5,11,9,9,6,9
"23-08-2022",10,6,7,8,10,6,10,10,10,16,14,13,14,14,11,12,10,6,6,6,5,10,14,15
"24-08-2022",14,25,15,11,10,12,20,15,15,15,16,12,11,8,6,7,8,7,9,11,13,11,9,7
"25-08-2022",10,8,6,5,8,10,15,19,17,14,14,8,8,14,12,9,9,10,12,20,10,12,11,15
"26-08-2022",10,17,11,12,15,15,9,15,24,18,15,10,15,16,8,13,16,15,13,11,11,10,13,11
"27-08-2022",14,9,9,13,15,18,19,21,25,23,18,19,17,15,18,18,15,14,13,17,14,19,18,17
"28-08-2022",18,14,19,29,23,16,26,24,26,25,26,27,25,24,16,19,16,19,17,15,26,17,16,23
"29-08-2022",22,17,24,22,20,22,24,28,30,28,27,21,12,18,19,23,15,19,16,13,18,17,23,18
"30-08-2022",22,16,17,24,25,27,25,29,45,23,21,15,22,16,17,17,17,15,19,17,20,14,20,18
"31-08-2022",20,21,20,17,15,20,16,16,25,15,17,26,24,12,12,19,16,14,25,13,14,15,23,25
"01-09-2022",22,26,25,17,18,21,21,31,36,37,34,24,18,18,20,12,13,18,15,17,20,19,15,18
"02-09-2022",12,11,14,14,22,22,22,26,27,27,28,22,12,14,12,13,11,13,13,8,9,12,14,9
"03-09-2022",13,11,17,11,11,7,11,15,18,17,16,17,12,21,23,23,12,13,15,15,16,11,15,13
"04-09-2022",11,9,12,13,11,15,13,12,14,14,11,16,11,8,16,7,12,9,9,10,14,8,9,16
"05-09-2022",12,12,11,7,6,7,9,10,12,9,7,7,7,9,7,7,6,6,7,6,5,9,11,10
"06-09-2022",9,8,5,4,6,6,9,10,10,10,8,5,5,4,4,4,5,6,5,6,4,6,10,7
"07-09-2022",7,10,7,8,8,6,11,9,8,9,10,8,7,6,5,6,5,4,3,5,6,6,7,12
"08-09-2022",9,7,10,8,7,8,10,8,6,11,9,7,6,8,7,5,5,6,9,8,6,5,6,11
"09-09-2022",15,13,13,11,8,7,16,13,14,13,25,20,10,11,15,9,5,7,6,4,8,9,8,9
"10-09-2022",12,11,13,13,12,16,18,20,22,20,15,16,11,9,13,10,10,5,3,4,7,9,8,12
"11-09-2022",15,24,9,17,16,21,18,21,14,15,11,15,15,12,13,9,10,8,16,14,12,12,11,10
"12-09-2022",10,8,7,8,7,7,7,9,6,8,12,8,7,6,8,5,5,6,8,6,10,7,8,8
"13-09-2022",10,7,9,7,7,6,8,7,8,6,11,12,6,3,5,9,9,8,6,6,7,9,12,11
"14-09-2022",8,7,6,5,6,6,9,11,17,11,11,12,7,11,11,7,8,7,6,6,11,9,9,9
"15-09-2022",12,12,15,13,10,11,15,18,19,20,18,7,10,8,9,9,7,5,8,12,9,13,8,7
"16-09-2022",6,6,10,8,10,15,22,28,22,23,18,14,11,8,9,8,7,6,5,6,6,6,7,6
"17-09-2022",7,7,6,7,6,7,12,23,16,16,15,12,14,9,17,5,8,7,7,8,8,4,8,6
"18-09-2022",7,7,9,10,7,7,9,10,21,8,8,8,8,6,8,10,8,9,8,8,7,11,9,8
"19-09-2022",11,9,6,6,6,6,4,6,10,9,5,4,6,7,9,8,6,4,3,9,8,8,9,10
"20-09-2022",6,4,9,8,10,7,7,13,10,15,11,12,12,11,8,4,3,5,8,8,13,10,10,10
"21-09-2022",8,10,10,9,7,6,6,7,12,10,10,13,10,6,6,6,11,10,14,13,11,11,7,7
"22-09-2022",6,4,2,3,5,5,6,8,8,11,9,10,7,7,9,10,5,3,8,9,7,7,8,8
"23-09-2022",6,6,6,6,5,4,6,7,6,8,8,7,6,4,6,7,7,5,9,9,10,9,10,8
"24-09-2022",6,6,4,5,9,10,9,8,14,14,10,9,6,5,9,6,4,6,7,5,5,8,6,8
"25-09-2022",12,16,14,13,15,11,8,8,14,17,8,9,11,7,6,5,4,4,7,6,6,6,6,5
"26-09-2022",4,17,19,15,12,11,18,21,26,21,25,16,11,12,10,10,7,7,5,5,5,6,5,9
"27-09-2022",9,11,18,13,11,12,9,14,23,18,10,8,9,10,7,5,3,2,12,9,8,7,15,13
"28-09-2022",9,13,9,10,-9999,-9999,-9999,-9999,-9999,-9999,-9999,-9999,-9999,-9999,-9999,-9999,-9999,-9999,-9999,-9999,-9999,-9999,-9999,-9999
"29-09-2022",-9999,-9999,-9999,-9999,-9999,-9999,-9999,-9999,-9999,-9999,-9999,-9999,-9999,-9999,-9999,-9999,-9999,-9999,-9999,-9999,-9999,-9999,-9999,-9999
"30-09-2022",-9999,-9999,-9999,-9999,-9999,-9999,-9999,-9999,-9999,-9999,-9999,-9999,-9999,-9999,-9999,-9999,-9999,-9999,-9999,-9999,-9999,-9999,-9999,-9999
"01-10-2022",-9999,-9999,-9999,-9999,-9999,-9999,-9999,-9999,-9999,-9999,-9999,-9999,-9999,-9999,-9999,-9999,-9999,-9999,-9999,-9999,-9999,-9999,-9999,-9999
"02-10-2022",-9999,-9999,-9999,-9999,-9999,-9999,-9999,-9999,-9999,-9999,-9999,-9999,-9999,-9999,-9999,-9999,-9999,-9999,-9999,-9999,-9999,-9999,-9999,-9999
"03-10-2022",-9999,-9999,-9999,-9999,-9999,-9999,-9999,-9999,-9999,-9999,-9999,-9999,-9999,-9999,-9999,-9999,6,5,3,3,6,5,7,9
"04-10-2022",9,7,4,5,7,10,17,12,12,10,16,6,5,7,7,5,7,12,7,6,6,5,8,8
"05-10-2022",5,4,5,5,6,3,5,6,12,8,9,10,8,9,9,8,6,7,8,7,7,7,8,6
"06-10-2022",3,4,5,9,8,9,6,9,12,7,9,6,2,3,4,6,4,4,3,4,3,3,3,5
"07-10-2022",6,4,4,6,7,6,6,6,6,8,9,9,11,7,4,5,9,7,6,6,6,5,6,8
"08-10-2022",6,5,7,6,5,5,6,6,20,9,9,12,7,4,6,8,6,5,11,8,8,12,12,20
"09-10-2022",16,12,10,6,7,6,6,7,11,13,11,10,14,10,9,7,7,11,8,12,11,10,11,7
"10-10-2022",14,17,18,16,13,11,13,15,26,25,23,20,15,18,11,18,14,18,17,15,11,12,13,14
"11-10-2022",13,14,14,14,10,13,14,14,13,17,17,17,17,20,14,11,11,14,16,11,11,15,17,14
"12-10-2022",21,17,22,12,15,17,20,15,17,23,23,18,11,12,11,10,10,11,12,17,15,11,10,12
"13-10-2022",7,7,12,9,7,5,10,12,14,10,13,13,8,7,11,8,9,7,7,8,10,9,10,8
"14-10-2022",8,7,6,4,2,6,6,8,9,11,8,10,11,7,16,7,9,12,11,8,9,7,10,8
"15-10-2022",7,8,14,10,10,7,4,6,9,5,2,2,2,6,6,4,6,11,9,6,8,8,6,9
"16-10-2022",8,13,8,7,6,5,8,7,7,7,6,9,7,6,6,6,6,6,6,6,9,9,8,8
"17-10-2022",8,11,11,13,11,7,7,10,9,7,9,7,8,9,6,6,8,6,3,7,6,7,10,11
"18-10-2022",10,8,7,7,6,4,9,8,9,9,11,7,8,9,8,5,6,9,6,7,7,6,4,5
"19-10-2022",7,4,6,6,8,13,10,10,11,11,13,10,10,10,7,9,10,8,14,8,9,11,16,17
"20-10-2022",20,15,12,16,13,12,11,17,24,23,22,19,9,13,16,15,13,25,15,12,15,14,15,17
"21-10-2022",12,17,9,16,14,14,15,17,17,15,15,14,14,13,9,9,13,13,11,12,9,9,17,15
"22-10-2022",16,13,8,15,9,9,11,10,11,11,9,10,11,8,12,9,14,10,10,14,9,17,23,26
"23-10-2022",26,32,26,24,22,16,15,11,11,19,18,15,21,13,14,9,12,11,10,10,12,10,20,21
"24-10-2022",27,28,27,24,20,24,30,27,24,39,36,33,12,17,15,30,18,8,9,16,14,14,12,22
"25-10-2022",26,24,27,22,29,26,23,25,29,35,38,38,29,24,18,17,18,15,18,14,22,19,25,31
"26-10-2022",32,38,42,31,31,28,32,33,32,38,48,36,30,29,33,18,19,17,22,17,18,24,18,13
"27-10-2022",25,30,30,24,26,26,22,25,40,30,33,23,20,16,-9999,-9999,12,12,9,6,7,10,9,10
"28-10-2022",10,8,9,6,4,6,10,9,16,9,10,9,7,7,6,7,8,5,3,3,3,6,7,6
"29-10-2022",5,6,6,6,6,6,8,10,8,8,6,5,7,6,2,2,6,5,6,6,5,6,7,6
"30-10-2022",8,9,10,8,6,8,7,9,9,17,9,7,9,7,3,3,3,6,11,9,10,7,11,9
"31-10-2022",16,16,12,13,14,17,13,18,17,27,21,16,13,12,11,9,8,11,11,10,12,14,10,16
"01-11-2022",16,13,10,10,8,14,10,8,17,16,7,12,10,10,6,6,9,11,6,7,11,12,11,13
"02-11-2022",9,15,9,17,10,11,9,16,18,25,22,12,12,11,15,10,12,11,16,16,17,20,22,25
"03-11-2022",38,26,28,24,18,22,19,21,31,34,26,31,27,21,19,18,11,13,15,15,17,22,24,36
"04-11-2022",40,37,28,27,24,24,22,28,30,31,26,19,21,23,19,17,17,18,19,20,25,24,28,23
"05-11-2022",20,31,22,26,18,22,15,23,21,27,19,12,8,9,8,8,9,10,12,13,10,13,11,14
"06-11-2022",11,11,12,7,7,12,10,11,7,11,6,11,9,11,12,10,7,5,4,6,18,18,13,11
"07-11-2022",13,18,10,9,8,8,10,10,18,13,11,7,5,6,10,10,14,19,19,17,21,15,21,23
"08-11-2022",26,31,23,18,18,19,18,28,22,38,30,23,14,14,15,18,14,16,22,15,17,26,25,30
"09-11-2022",25,28,25,17,14,15,15,22,30,22,20,17,20,20,16,18,14,17,18,16,17,16,23,20
"10-11-2022",18,16,20,23,18,20,21,22,19,29,22,22,22,19,16,17,15,16,18,20,22,21,22,24
"11-11-2022",17,20,23,23,25,24,25,29,28,27,27,20,14,11,14,18,17,15,20,24,25,25,24,21
"12-11-2022",21,19,18,15,23,11,7,2,12,8,8,8,5,3,5,9,7,8,6,3,7,6,7,9
"13-11-2022",17,18,13,13,14,10,10,9,14,19,21,17,16,23,12,19,18,18,17,17,16,20,20,24
"14-11-2022",19,24,32,35,23,30,19,16,23,28,29,14,10,11,10,16,12,12,11,15,13,12,18,17
"15-11-2022",16,19,25,24,22,23,23,25,24,29,26,19,13,15,16,14,13,11,18,9,10,11,11,21
"16-11-2022",22,15,8,11,18,17,19,19,28,29,31,15,8,12,14,8,4,5,8,9,9,22,10,13
"17-11-2022",13,13,17,19,12,8,16,14,17,19,12,6,5,6,7,7,16,15,15,16,13,16,18,18
"18-11-2022",15,22,27,30,23,19,20,21,28,24,23,19,21,9,8,7,5,8,10,12,12,11,15,14
"19-11-2022",14,17,12,14,11,17,16,7,16,14,20,10,10,15,7,9,9,5,9,12,8,8,8,5
"20-11-2022",6,12,12,8,8,11,9,11,14,25,33,36,27,16,17,15,13,14,14,13,20,19,24,25
"21-11-2022",32,26,35,37,27,13,10,14,9,8,6,4,6,5,13,6,6,7,15,8,11,9,12,6
"22-11-2022",8,5,3,3,2,4,5,4,7,7,6,5,9,6,3,3,2,5,4,7,7,4,4,6
"23-11-2022",5,9,7,7,7,6,7,6,3,3,-9999,-9999,-9999,9,8,12,7,5,10,11,14,15,14,10
"24-11-2022",10,8,5,9,6,9,10,13,20,16,4,5,5,6,6,7,6,12,7,4,5,6,8,7
"25-11-2022",5,7,4,2,4,6,5,6,6,9,6,5,7,7,6,3,1,6,6,5,6,6,9,7
"26-11-2022",10,7,8,12,6,9,8,15,12,18,14,10,7,5,5,6,6,13,11,12,14,9,12,11
"27-11-2022",9,5,4,7,5,5,5,4,9,6,6,6,8,8,5,6,9,10,8,6,8,9,6,4
"28-11-2022",5,8,11,10,5,0,6,12,17,5,4,2,4,6,3,1,3,5,6,5,6,7,5,5
"29-11-2022",4,3,2,1,3,5,5,6,12,9,9,10,7,6,6,8,9,15,10,9,7,13,21,15
"30-11-2022",16,15,11,11,8,7,5,10,14,12,12,18,15,24,13,10,18,25,19,20,29,28,29,28
"01-12-2022",23,23,7,9,8,6,8,7,9,18,20,19,9,6,6,7,7,6,5,5,5,6,20,47
"02-12-2022",75,8,6,7,6,12,14,18,27,31,28,16,6,7,9,8,13,9,7,17,18,17,17,19
"03-12-2022",20,17,14,12,10,8,5,6,11,10,7,9,7,6,6,10,6,7,9,8,10,15,20,15
"04-12-2022",13,16,12,9,10,18,19,24,18,15,14,13,7,6,6,7,7,10,8,9,10,14,11,10
"05-12-2022",17,11,8,6,8,5,7,9,16,13,11,9,10,8,11,8,9,11,10,12,11,11,18,19
"06-12-2022",16,18,13,13,9,11,8,8,15,16,10,8,6,8,5,5,7,4,5,5,3,11,12,9
"07-12-2022",6,4,8,7,6,6,10,27,36,22,23,6,5,6,4,2,3,7,4,4,5,5,7,6
"08-12-2022",6,8,5,18,21,15,11,23,22,21,29,27,11,7,6,5,7,12,8,11,14,41,15,9
"09-12-2022",12,9,10,10,9,13,26,26,25,24,37,16,17,14,15,17,20,19,17,21,18,17,21,19
"10-12-2022",15,14,21,17,14,15,14,20,19,19,19,15,17,17,17,15,15,21,15,16,19,19,21,24
"11-12-2022",19,17,9,21,20,27,25,19,11,7,11,7,7,7,12,13,14,16,8,12,9,16,14,13
"12-12-2022",11,11,8,5,7,5,9,9,19,10,17,21,15,11,6,5,6,6,4,6,7,5,6,7
"13-12-2022",6,5,14,12,15,16,17,10,28,13,12,13,10,17,11,11,8,8,13,10,8,21,18,15
"14-12-2022",10,10,8,8,7,4,7,7,8,12,13,15,15,6,-9999,-9999,-9999,10,8,6,9,10,10,10
"15-12-2022",8,7,4,2,3,2,3,5,10,11,13,11,21,13,17,15,15,19,18,16,19,24,28,47
"16-12-2022",54,60,46,36,32,27,25,33,42,40,48,38,30,14,27,15,11,17,15,12,10,10,15,15
"17-12-2022",15,11,13,11,23,27,24,24,28,19,16,7,10,10,12,12,15,22,15,9,13,12,13,16
"18-12-2022",13,16,30,31,26,20,22,17,18,21,19,20,23,19,24,17,23,21,16,16,18,22,21,18
"19-12-2022",17,20,13,11,10,9,7,7,6,9,7,-9999,-9999,-9999,-9999,-9999,-9999,6,10,7,8,9,6,5
"20-12-2022",11,6,4,7,7,5,3,4,3,5,8,6,7,7,6,3,2,3,5,6,6,3,2,5
"21-12-2022",4,7,6,6,6,5,8,8,27,12,10,42,6,7,7,8,6,5,6,8,11,11,18,21
"22-12-2022",21,35,28,25,19,6,10,12,15,20,25,14,16,7,9,9,7,8,11,12,15,34,64,67
"23-12-2022",71,57,59,52,36,27,22,18,24,29,25,25,19,13,10,13,12,12,15,24,30,46,58,75
"24-12-2022",70,63,59,54,45,29,26,24,23,20,26,29,18,8,8,14,10,12,9,13,18,42,78,138
"25-12-2022",160,166,107,80,50,35,20,19,22,12,10,7,6,4,5,5,7,7,8,12,20,18,26,20
"26-12-2022",9,9,32,45,33,27,24,18,16,13,17,16,11,8,8,5,3,4,5,6,5,40,57,93
"27-12-2022",103,98,87,68,43,31,33,30,26,31,27,27,19,9,12,10,11,11,16,10,8,15,36,78
"28-12-2022",110,93,87,57,32,28,25,21,22,19,27,23,19,16,14,10,8,10,19,13,22,34,29,40
"29-12-2022",58,53,58,45,36,21,21,24,28,36,36,25,25,16,9,8,17,15,11,10,10,15,36,46
"30-12-2022",56,62,56,66,49,42,35,32,35,30,42,28,18,15,17,9,10,13,10,11,9,19,29,53
"31-12-2022",69,62,62,53,38,18,22,17,26,23,22,19,21,11,8,11,13,13,11,20,31,40,52,59
"01-01-2023",45,82,80,47,41,36,23,26,25,20,22,19,9,9,8,8,5,16,14,14,18,25,19,29
"02-01-2023",38,50,59,46,29,26,19,20,21,26,17,21,15,17,10,12,12,7,9,9,17,40,57,70
"03-01-2023",80,70,57,47,38,25,21,22,25,24,26,23,12,15,16,17,9,7,17,14,25,33,60,74
"04-01-2023",94,92,69,57,40,28,21,22,28,32,32,26,22,20,11,9,8,8,14,15,19,23,30,29
"05-01-2023",39,42,49,51,38,28,23,26,30,34,31,33,16,14,21,13,14,11,17,14,22,29,48,62
"06-01-2023",65,81,89,76,48,38,33,30,24,28,22,19,14,10,10,7,6,9,7,5,19,25,40,62
"07-01-2023",74,84,69,59,42,28,20,21,19,20,25,13,10,6,6,6,11,6,7,12,32,30,40,41
"08-01-2023",38,42,42,32,26,26,24,16,17,25,19,20,14,9,7,6,7,12,13,16,27,34,42,37
"09-01-2023",46,39,33,39,33,24,25,27,29,28,31,38,31,16,12,7,10,14,12,10,9,12,17,28
"10-01-2023",33,6,10,8,8,8,5,4,10,11,10,9,5,3,3,8,6,5,4,3,3,6,7,5
"11-01-2023",8,12,6,0,7,7,11,10,19,25,32,9,6,4,1,0,4,4,8,5,13,16,19,8
"12-01-2023",9,9,8,13,8,6,7,11,19,13,14,10,6,5,6,5,10,9,8,8,7,15,13,9
"13-01-2023",6,5,7,12,9,5,10,8,13,9,8,12,9,6,6,5,8,7,11,12,9,14,12,11
"14-01-2023",10,13,15,25,15,14,14,23,19,20,27,13,13,7,6,6,5,10,6,8,19,35,37,41
"15-01-2023",48,39,47,38,30,15,10,8,-9999,-9999,10,-9999,6,14,7,6,8,6,11,8,10,15,14,20
"16-01-2023",40,48,69,34,19,14,15,15,17,26,26,16,13,12,8,6,6,8,6,5,8,6,7,12
"17-01-2023",7,5,5,3,9,9,6,9,7,6,6,3,5,9,12,11,10,10,9,8,10,11,12,11
"18-01-2023",12,14,10,10,8,13,10,11,16,14,14,14,10,11,10,14,14,13,15,14,18,12,13,12
"19-01-2023",11,15,13,14,17,16,15,12,10,6,14,-9999,-9999,7,5,5,7,10,10,8,5,8,6,6
"20-01-2023",9,8,7,11,9,6,12,11,7,5,6,6,4,3,6,5,9,5,2,9,6,6,9,7
"21-01-2023",5,6,6,17,19,11,7,3,2,4,7,8,8,8,18,24,24,18,13,16,21,31,31,22
"22-01-2023",22,14,15,13,6,7,23,21,19,20,12,8,5,5,10,10,9,11,11,16,11,16,14,14
"23-01-2023",12,14,14,11,13,12,10,13,17,19,25,8,12,12,11,10,9,7,12,9,8,15,13,11
"24-01-2023",25,19,6,6,4,8,8,13,13,17,18,17,16,13,12,14,10,6,8,15,13,16,17,21
"25-01-2023",13,15,15,13,12,7,9,10,11,12,12,9,12,8,6,7,10,8,6,10,11,14,11,12
"26-01-2023",12,10,8,8,11,8,10,11,13,20,17,21,10,9,10,8,12,11,10,12,22,21,37,45
"27-01-2023",63,53,43,43,28,13,12,17,16,19,18,12,12,9,6,4,2,0,1,2,21,28,35,33
"28-01-2023",23,23,15,5,5,7,18,6,15,13,21,9,11,10,8,4,5,5,5,7,5,33,44,37
"29-01-2023",32,21,12,9,14,10,9,13,9,7,6,13,10,9,7,12,10,10,12,7,6,13,9,7
"30-01-2023",6,8,9,9,8,7,6,10,14,12,11,9,6,6,7,7,10,6,5,12,16,23,36,48
"31-01-2023",63,71,53,46,38,34,35,27,17,12,11,12,8,6,9,10,8,8,10,9,6,5,6,13
"01-02-2023",10,7,4,6,6,5,2,9,8,7,7,10,9,6,6,4,4,4,2,4,13,17,18,29
"02-02-2023",39,50,79,63,45,41,37,29,32,34,37,15,10,6,7,6,8,8,7,10,11,16,11,11
"03-02-2023",9,18,14,17,31,42,21,27,27,33,34,21,9,6,5,6,4,4,3,8,9,13,14,22
"04-02-2023",16,25,37,28,36,27,34,23,32,26,31,35,30,11,9,5,7,6,7,6,7,15,29,6
"05-02-2023",14,13,7,3,3,3,2,1,1,6,6,5,2,5,8,8,5,6,5,7,7,6,7,14
"06-02-2023",11,5,1,1,3,4,10,8,6,6,6,7,11,8,7,8,8,8,9,11,11,11,11,10
"07-02-2023",9,10,9,5,7,11,9,8,9,9,9,8,9,6,5,4,6,7,7,9,9,11,7,14
"08-02-2023",14,15,16,10,7,11,8,6,8,7,12,10,6,9,7,9,6,6,6,10,7,16,12,18
"09-02-2023",7,11,11,11,10,5,2,4,6,6,11,7,7,14,9,7,7,8,6,10,18,14,10,16
"10-02-2023",13,11,8,9,9,6,6,8,12,10,12,14,12,9,8,7,7,7,6,8,18,11,11,15
"11-02-2023",14,12,8,9,10,11,10,14,20,9,13,9,8,10,10,10,11,10,9,11,18,14,20,21
"12-02-2023",21,22,27,34,68,60,48,40,35,27,27,20,14,14,13,9,6,9,6,11,20,23,22,22
"13-02-2023",20,17,14,13,13,10,11,9,10,10,7,7,4,8,5,3,8,7,7,8,10,11,10,9
"14-02-2023",16,11,9,10,9,16,11,13,16,14,14,14,14,20,17,12,17,15,13,17,13,26,32,36
"15-02-2023",32,39,17,17,9,17,17,14,16,15,15,17,17,18,16,16,15,15,15,14,18,25,25,26
"16-02-2023",44,54,56,60,46,38,36,32,34,28,39,29,12,9,12,17,16,17,14,16,17,19,38,101
"17-02-2023",233,180,124,95,67,48,38,37,36,46,48,33,26,16,15,14,14,17,15,13,16,15,14,15
"18-02-2023",25,15,75,45,52,42,40,24,25,27,29,25,11,13,13,12,11,8,9,10,9,15,26,14
"19-02-2023",15,13,9,9,17,18,25,19,20,20,12,12,14,9,13,12,13,14,9,8,8,14,12,14
"20-02-2023",10,13,8,9,9,7,17,16,20,19,13,11,8,14,10,7,5,5,5,4,9,17,19,17
"21-02-2023",10,12,15,17,15,19,19,25,27,30,29,17,8,17,17,19,8,7,12,9,11,15,16,18
"22-02-2023",15,18,38,9,16,21,28,33,37,36,28,-9999,-9999,22,12,11,16,16,21,19,15,23,22,18
"23-02-2023",19,25,26,34,45,45,36,37,41,43,30,33,29,21,16,18,15,17,15,12,16,13,19,17
"24-02-2023",41,50,49,35,32,27,26,24,28,23,21,18,20,16,18,14,15,8,14,14,14,13,15,21
"25-02-2023",24,27,34,28,14,17,22,35,32,22,20,15,11,18,14,12,15,12,13,15,12,10,9,8
"26-02-2023",9,10,13,9,6,10,14,8,8,9,11,11,9,11,9,13,16,12,13,12,10,10,12,10
"27-02-2023",12,12,17,14,14,13,12,11,16,11,11,13,11,17,13,14,17,17,19,21,19,18,20,19
"28-02-2023",23,18,24,20,16,17,17,16,20,26,21,19,23,29,25,27,24,25,23,26,29,29,37,30
"01-03-2023",30,26,21,28,29,24,27,22,32,33,27,27,30,21,19,20,25,22,23,20,19,24,22,19
"02-03-2023",18,18,20,20,18,10,17,27,20,17,20,19,19,17,18,14,16,20,18,16,9,14,14,14
"03-03-2023",7,15,10,10,10,10,7,7,15,12,11,9,7,8,9,8,11,7,8,10,11,14,14,12
"04-03-2023",12,28,27,18,7,9,10,10,8,5,8,6,8,12,11,9,10,11,12,8,12,12,17,17
"05-03-2023",36,67,65,59,43,31,34,30,23,22,18,19,11,7,3,0,1,5,6,5,6,6,6,6
"06-03-2023",7,9,10,7,3,5,7,9,7,13,11,8,6,8,7,4,2,1,1,-9999,-9999,-9999,-9999,-9999
"07-03-2023",-9999,-9999,-9999,-9999,-9999,-9999,-9999,-9999,-9999,-9999,7,7,6,7,6,6,13,10,9,7,6,8,20,7
"08-03-2023",7,11,10,15,16,17,17,19,20,20,12,6,8,8,6,2,6,6,4,7,10,6,4,7
"09-03-2023",10,8,8,7,5,8,11,12,17,9,10,11,10,6,6,8,5,6,7,7,10,8,9,9
"10-03-2023",7,11,11,10,13,11,9,7,20,14,10,7,9,7,8,6,11,9,9,12,13,13,8,8
"11-03-2023",11,8,8,6,6,10,9,6,9,11,12,9,10,10,8,9,10,10,8,8,7,15,12,9
"12-03-2023",12,11,10,8,13,10,14,17,17,15,10,8,6,8,7,6,13,9,6,4,3,5,7,7
"13-03-2023",8,7,6,1,3,6,4,4,6,6,9,11,9,11,8,7,8,7,8,6,6,12,12,7
"14-03-2023",9,7,7,9,6,8,10,7,11,11,9,13,10,7,13,8,5,4,7,7,5,6,7,10
"15-03-2023",6,7,11,17,20,19,19,22,26,26,16,11,11,10,8,7,6,4,6,9,8,6,7,16
"16-03-2023",28,32,27,31,22,19,16,19,19,20,-9999,-9999,-9999,10,11,8,8,8,5,5,5,7,6,11
"17-03-2023",7,4,4,3,7,5,4,2,1,4,5,6,4,7,7,10,11,6,6,8,5,11,10,6
"18-03-2023",5,4,10,8,4,3,5,8,22,9,9,8,7,9,5,7,11,7,6,7,6,6,8,7
"19-03-2023",5,6,4,5,8,7,6,6,4,6,5,5,3,6,6,6,7,5,6,3,2,4,7,17
"20-03-2023",13,18,23,23,26,19,19,19,19,21,13,10,10,9,6,5,7,6,12,10,12,12,10,16
"21-03-2023",14,18,26,33,31,27,23,24,28,31,35,22,20,25,27,19,20,24,13,10,14,25,24,25
"22-03-2023",28,32,32,28,28,30,33,32,28,31,32,22,19,16,11,11,10,10,11,11,11,11,9,11
"23-03-2023",12,11,9,15,11,9,12,20,26,19,11,10,11,8,7,6,7,8,5,6,13,12,12,15
"24-03-2023",6,6,12,11,9,7,8,13,11,10,16,15,11,12,14,11,12,15,13,14,18,14,16,10
"25-03-2023",13,17,25,33,27,20,25,20,24,25,21,15,18,19,11,14,9,10,13,13,11,16,20,13
"26-03-2023",14,11,10,9,15,8,-9999,9,12,11,11,10,7,7,6,3,4,8,7,13,8,10,10,8
"27-03-2023",9,12,13,21,17,19,14,21,23,21,18,10,11,13,11,9,5,6,9,10,11,13,13,9
"28-03-2023",7,6,5,6,8,9,8,8,9,6,5,6,6,7,11,9,9,9,4,3,6,9,11,6
"29-03-2023",2,3,4,1,1,3,3,6,5,6,6,19,4,6,5,5,6,5,5,4,3,7,10,15
"30-03-2023",25,26,23,22,23,28,8,17,15,12,11,8,6,6,4,1,1,4,7,5,4,8,6,6
"31-03-2023",8,16,25,14,8,5,4,8,11,11,14,10,8,6,6,7,7,7,6,6,6,8,18,12
"01-04-2023",12,15,9,6,8,7,6,5,8,14,9,9,11,13,13,12,10,9,11,17,12,15,20,12
"02-04-2023",11,13,11,16,12,16,11,12,18,20,22,21,15,16,26,20,18,26,21,19,16,16,10,14
"03-04-2023",15,19,17,19,19,9,15,15,14,15,23,18,18,20,14,15,23,13,12,13,20,17,16,15
"04-04-2023",9,8,6,3,3,3,4,6,4,6,7,6,9,7,6,5,5,7,10,9,6,11,9,7
"05-04-2023",5,7,7,7,6,3,5,5,6,11,10,7,4,3,5,4,6,9,6,7,8,7,5,6
"06-04-2023",8,6,4,3,5,3,4,8,19,15,12,6,3,7,6,4,3,4,8,8,7,9,8,7
"07-04-2023",7,10,6,5,7,5,4,9,10,11,14,10,14,11,8,6,8,6,6,8,9,10,10,8
"08-04-2023",9,12,9,22,19,17,17,19,19,25,15,10,10,7,6,3,2,6,7,6,8,11,11,18
"09-04-2023",21,19,17,20,17,13,14,12,14,13,9,5,5,7,10,7,6,6,5,9,8,8,8,15
"10-04-2023",9,9,11,6,7,6,9,10,13,12,12,8,8,7,10,7,6,5,6,6,8,7,13,9
"11-04-2023",10,9,6,6,7,4,2,2,2,1,5,7,8,8,8,6,5,5,10,7,5,8,16,9
"12-04-2023",9,9,7,10,9,12,14,12,15,16,15,14,11,11,9,9,12,12,8,10,7,9,12,12
"13-04-2023",12,9,15,19,10,10,13,11,15,19,18,19,16,11,8,11,11,10,10,12,11,10,10,12
"14-04-2023",12,14,14,10,11,12,18,14,18,12,13,14,10,12,13,16,16,12,15,10,9,8,10,10
"15-04-2023",11,9,13,9,14,10,10,13,17,7,8,7,5,5,4,3,4,8,7,7,6,8,7,9
"16-04-2023",11,23,11,8,9,8,8,11,10,15,9,8,9,9,8,8,6,7,7,5,8,11,6,5
"17-04-2023",6,7,7,5,6,7,7,5,8,7,5,7,5,7,8,6,5,4,3,2,4,5,9,15
"18-04-2023",10,8,9,7,6,10,8,10,6,19,16,12,7,6,8,9,6,7,6,4,3,6,6,8
"19-04-2023",6,6,10,8,6,5,4,7,13,9,7,5,6,4,6,5,5,5,5,5,7,5,4,4
"20-04-2023",2,10,6,6,5,15,14,14,17,12,11,9,6,6,4,7,5,6,5,3,6,7,7,6
"21-04-2023",7,10,12,13,10,11,15,13,17,18,12,-9999,-9999,8,6,7,6,7,9,11,7,6,6,11
"22-04-2023",8,5,5,4,14,16,9,17,19,12,9,11,10,8,5,2,6,5,9,10,9,10,8,7
"23-04-2023",5,7,7,9,7,6,6,10,8,6,5,11,8,9,9,7,10,6,5,8,10,10,11,17
"24-04-2023",11,8,19,19,17,16,14,22,18,20,20,21,14,12,12,9,13,10,13,11,8,10,13,10
"25-04-2023",12,10,9,10,6,7,7,9,12,14,8,7,12,11,16,8,7,8,6,9,8,10,11,7
"26-04-2023",7,6,6,6,6,8,10,11,14,16,7,13,9,9,10,10,11,7,8,6,12,9,7,6
"27-04-2023",3,3,3,4,6,5,7,5,6,7,8,7,8,7,6,7,9,8,6,10,8,8,5,10
"28-04-2023",7,8,4,2,3,6,6,10,7,15,8,11,6,7,8,8,10,10,8,8,10,11,14,11
"29-04-2023",9,11,14,16,15,8,12,15,13,15,10,13,11,10,8,8,9,6,5,9,10,13,10,9
"30-04-2023",16,8,7,8,10,10,6,11,14,18,9,10,11,8,11,10,14,10,12,9,7,8,9,11
"01-05-2023",9,8,9,10,8,12,16,15,20,16,12,10,16,7,7,11,9,8,6,5,12,13,12,13
"02-05-2023",20,16,15,13,9,6,13,19,18,19,16,18,13,12,10,13,11,14,14,15,17,15,16,14
"03-05-2023",16,12,14,12,14,14,11,12,18,19,22,17,19,14,15,11,15,12,15,13,15,14,15,14
"04-05-2023",13,18,12,11,11,11,18,15,24,20,15,10,9,10,17,11,8,14,9,9,8,10,12,12
"05-05-2023",8,16,11,10,8,12,13,13,22,11,7,7,7,8,10,6,4,8,9,6,7,10,8,11
"06-05-2023",11,8,9,7,6,7,4,6,11,9,6,8,10,9,6,5,6,9,6,5,4,5,11,9
"07-05-2023",11,6,3,7,6,5,5,5,10,9,7,6,6,8,6,9,8,6,5,6,10,13,9,9
"08-05-2023",8,7,7,6,11,11,14,20,23,15,23,15,17,11,9,10,11,10,10,9,8,8,9,9
"09-05-2023",7,9,7,7,14,11,22,12,12,9,11,14,15,11,10,13,12,14,12,13,18,13,16,14
"10-05-2023",10,11,11,7,9,6,9,15,12,11,10,10,8,9,10,8,12,12,9,7,6,9,11,8
"11-05-2023",4,5,4,4,5,6,6,4,7,14,9,8,10,9,8,7,9,8,6,4,6,9,7,3
"12-05-2023",6,6,8,7,4,9,8,9,9,10,11,11,7,7,7,10,9,7,8,7,8,11,9,7
"13-05-2023",10,10,8,4,5,6,6,11,13,12,14,8,6,7,6,5,5,9,9,7,8,7,7,6
"14-05-2023",10,11,9,7,12,13,15,15,15,20,15,17,24,20,13,7,8,8,7,11,8,15,10,6
"15-05-2023",6,12,13,15,12,16,22,17,22,25,19,16,13,11,16,3,6,5,7,7,13,15,21,21
"16-05-2023",17,21,18,16,16,13,10,23,22,17,17,15,16,12,17,16,15,16,15,17,17,20,16,14
"17-05-2023",11,19,13,19,10,10,20,11,22,15,15,14,10,8,10,9,7,8,14,13,8,10,14,13
"18-05-2023",9,10,11,8,7,8,12,12,21,16,11,9,9,6,12,9,7,8,11,9,8,7,8,10
"19-05-2023",12,14,10,9,10,6,7,15,12,11,9,6,8,5,6,7,8,9,7,11,11,9,14,12
"20-05-2023",11,25,15,14,13,17,10,15,18,25,16,12,20,12,8,9,10,7,8,10,13,11,12,10
"21-05-2023",9,11,9,6,7,8,7,12,17,13,8,9,7,10,11,12,10,14,13,12,11,9,9,10
"22-05-2023",12,11,11,9,13,8,11,13,17,11,17,15,12,14,13,14,10,14,10,13,13,9,10,12
"23-05-2023",12,8,13,-9999,-9999,-9999,-9999,-9999,-9999,-9999,-9999,-9999,-9999,-9999,-9999,-9999,-9999,-9999,-9999,-9999,-9999,-9999,-9999,-9999
"24-05-2023",-9999,-9999,-9999,-9999,-9999,-9999,-9999,-9999,-9999,-9999,-9999,-9999,-9999,-9999,10,7,7,5,5,6,6,10,9,11
"25-05-2023",11,12,14,12,13,13,14,17,22,16,25,15,8,10,10,8,10,6,4,7,7,7,8,10
"26-05-2023",10,19,20,9,16,24,21,14,21,18,8,9,6,7,7,8,7,8,9,14,12,14,10,6
"27-05-2023",7,10,7,4,5,7,10,10,7,5,5,6,7,8,9,7,4,3,8,8,6,9,7,7
"28-05-2023",7,5,6,4,8,10,13,13,11,9,7,8,7,6,4,5,5,3,4,5,6,6,7,6
"29-05-2023",6,13,11,7,10,10,10,9,11,8,7,6,8,5,9,7,5,6,9,9,9,12,14,12
"30-05-2023",9,10,11,13,10,12,14,10,17,19,20,10,8,8,0,8,-9999,10,8,8,9,9,10,11
"31-05-2023",10,6,8,13,16,12,9,9,14,15,11,12,16,12,10,16,17,15,16,15,16,13,15,24
"01-06-2023",18,18,17,25,18,20,18,16,28,9,12,9,8,7,6,8,6,5,6,8,8,8,13,12
"02-06-2023",10,8,10,17,8,9,15,16,13,15,16,14,13,10,7,8,10,11,9,11,9,8,10,9
"03-06-2023",8,12,10,12,14,23,23,18,27,20,18,11,11,7,9,8,9,8,6,8,10,9,9,14
"04-06-2023",13,12,9,10,9,10,10,15,14,37,19,21,12,15,12,12,10,6,10,9,10,14,15,10
"05-06-2023",9,9,12,17,15,12,10,11,10,12,16,7,8,7,7,6,6,8,8,10,7,8,7,7
"06-06-2023",4,7,9,9,11,7,10,10,13,11,9,9,6,6,5,6,8,7,6,10,15,14,10,11
"07-06-2023",9,7,11,9,8,6,19,16,21,13,13,10,8,9,7,7,13,8,9,15,12,14,10,12
"08-06-2023",15,14,13,14,25,8,7,13,17,12,13,14,9,14,17,8,8,10,16,13,15,12,11,15
"09-06-2023",13,9,7,8,9,9,13,14,19,21,19,11,8,9,19,7,15,15,19,8,10,8,7,6
"10-06-2023",12,10,15,14,10,17,22,22,22,15,12,12,8,18,8,6,11,12,7,6,10,8,6,8
"11-06-2023",11,10,16,17,12,14,12,16,12,8,7,9,14,14,14,14,9,6,10,9,14,14,19,14
"12-06-2023",22,15,12,18,14,11,17,15,24,21,19,11,9,9,9,10,8,10,11,11,10,11,13,13
"13-06-2023",8,13,19,12,11,9,14,13,16,8,12,11,12,10,11,10,10,14,17,10,9,10,7,10
"14-06-2023",7,10,8,7,8,7,10,14,22,18,10,9,9,13,10,8,7,6,5,5,3,2,6,9
"15-06-2023",8,8,10,8,8,9,13,15,17,26,18,19,11,7,8,5,6,7,6,11,8,7,9,10
"16-06-2023",11,11,12,14,11,7,11,12,9,7,6,10,10,8,6,5,10,6,4,8,10,10,15,14
"17-06-2023",21,16,21,10,11,8,9,16,22,10,10,14,10,9,11,8,6,10,10,12,8,11,9,5
"18-06-2023",12,7,5,10,8,9,7,7,7,7,4,2,2,2,1,1,2,3,5,6,6,4,8,9
"19-06-2023",8,8,11,18,12,9,16,11,20,11,11,11,11,10,8,8,15,3,14,8,8,8,8,8
"20-06-2023",8,9,21,13,17,17,17,16,28,23,24,19,13,22,21,17,14,8,4,7,12,8,7,11
"21-06-2023",14,13,17,12,11,11,10,23,18,12,10,11,13,10,8,10,7,6,4,7,9,9,10,8
"22-06-2023",6,10,9,16,13,10,12,12,17,17,-9999,-9999,-9999,-9999,-9999,8,6,7,8,7,11,10,8,13
"23-06-2023",12,11,14,10,18,12,14,20,22,13,16,11,11,9,8,9,6,8,8,8,6,8,6,6
"24-06-2023",9,7,10,14,11,13,23,15,11,14,12,9,7,6,6,7,11,8,7,8,10,11,11,17
"25-06-2023",13,10,13,13,8,12,11,15,19,14,20,24,17,15,18,9,12,11,13,16,12,17,19,14
"26-06-2023",14,10,9,11,11,11,16,16,17,14,22,12,11,15,11,14,8,6,5,10,18,14,17,12
"27-06-2023",10,13,11,7,7,8,9,16,19,12,9,12,10,11,9,7,8,8,7,10,7,10,7,9
"28-06-2023",11,8,12,9,9,6,11,11,12,13,16,6,21,19,14,9,7,7,7,8,9,8,7,9
"29-06-2023",7,6,10,10,8,12,23,17,34,22,17,17,11,11,12,9,11,17,10,12,12,15,9,9
"30-06-2023",9,5,8,6,4,8,8,9,9,11,11,11,8,8,6,5,7,6,2,8,5,3,6,6
"01-07-2023",4,6,6,5,8,7,9,10,11,13,11,11,9,13,8,8,8,6,8,7,7,13,10,8
"02-07-2023",11,11,8,6,6,4,6,10,9,7,11,11,10,10,11,10,12,9,11,14,9,12,10,12
"03-07-2023",9,12,17,13,11,11,11,9,18,17,10,12,9,10,12,10,9,9,11,7,8,11,15,13
"04-07-2023",8,7,16,6,11,14,18,17,22,15,16,16,13,14,13,15,11,11,10,16,13,15,13,10
"05-07-2023",14,13,11,17,11,20,14,15,23,17,9,16,12,12,11,18,18,9,8,9,13,11,15,8
"06-07-2023",9,13,9,11,9,8,13,11,14,10,9,8,12,9,5,9,10,9,6,10,6,9,9,14
"07-07-2023",14,11,16,8,9,7,11,16,31,20,15,14,13,7,6,6,12,10,9,8,16,17,11,12
"08-07-2023",18,8,8,14,12,17,15,11,20,10,11,13,12,13,13,8,10,10,6,9,11,8,10,9
"09-07-2023",10,10,10,8,8,9,8,8,8,9,9,18,15,11,12,9,7,7,6,6,10,9,12,10
"10-07-2023",8,4,6,10,17,12,15,16,16,13,11,10,10,7,9,6,7,12,9,8,7,9,14,10
"11-07-2023",11,10,9,13,11,13,12,23,22,20,19,17,10,9,7,7,4,7,8,9,9,8,7,10
"12-07-2023",12,14,11,16,19,19,22,19,24,17,21,17,11,9,11,10,9,7,9,10,10,11,8,17
"13-07-2023",19,26,21,34,20,24,23,30,28,40,42,27,23,25,11,14,11,13,13,12,17,17,15,16
"14-07-2023",21,34,25,34,38,30,28,30,40,48,37,27,16,21,19,18,12,12,11,11,14,18,20,17
"15-07-2023",27,18,16,33,29,36,32,26,41,17,12,20,21,13,17,16,18,20,28,17,20,18,20,17
"16-07-2023",14,10,16,14,11,14,22,24,15,11,10,9,8,7,7,8,8,6,5,7,8,10,8,11
"17-07-2023",8,8,8,7,9,16,5,11,11,9,9,7,7,10,10,11,11,10,6,4,7,7,7,5
"18-07-2023",5,6,7,7,6,4,6,7,11,12,9,8,11,11,8,9,17,14,12,13,13,15,16,17
"19-07-2023",12,15,17,10,14,13,17,13,28,16,16,13,14,13,13,9,7,6,7,6,6,6,7,7
"20-07-2023",9,14,16,24,12,25,37,33,39,-9999,-9999,-9999,34,19,16,12,10,9,8,8,17,10,8,12
"21-07-2023",11,15,14,32,20,30,27,34,27,20,21,18,26,15,23,14,13,15,16,19,21,17,14,18
"22-07-2023",16,14,27,14,18,16,18,36,41,57,32,14,18,27,38,20,17,17,15,12,12,11,12,14
"23-07-2023",17,30,31,11,15,22,18,24,25,40,30,36,30,18,19,20,22,24,21,21,18,17,15,22
"24-07-2023",20,14,18,28,28,18,20,17,17,22,24,19,19,11,10,10,10,13,7,7,8,9,12,13
"25-07-2023",10,8,11,9,13,17,20,21,20,27,19,18,15,5,6,8,9,10,9,14,11,9,11,11
"26-07-2023",12,8,10,15,14,13,17,24,32,39,36,18,15,20,17,18,13,11,12,10,15,15,17,23
"27-07-2023",25,22,21,27,22,10,20,9,18,9,10,11,13,10,9,7,7,9,9,9,11,12,10,9
"28-07-2023",16,8,9,6,9,8,6,7,13,9,7,9,7,7,5,4,4,6,4,5,8,9,6,7
"29-07-2023",5,5,7,7,7,5,12,14,14,12,13,19,13,12,10,11,7,6,6,8,7,9,10,8
"30-07-2023",5,7,11,11,10,14,15,17,13,10,14,9,14,24,26,18,11,9,6,5,7,4,13,10
"31-07-2023",14,16,11,10,10,17,17,13,14,15,25,19,11,12,12,11,9,8,8,6,11,9,11,14
"01-08-2023",10,7,6,8,7,6,6,11,8,10,11,16,11,12,12,12,6,6,7,7,6,10,9,10
"02-08-2023",11,11,8,5,4,8,13,12,26,11,15,13,15,10,8,8,9,9,11,7,8,8,8,6
"03-08-2023",8,7,7,14,9,15,18,14,24,22,7,13,13,10,9,13,8,7,11,11,10,9,9,12
"04-08-2023",8,10,13,11,13,13,11,17,21,19,19,12,8,13,10,11,14,12,9,8,11,17,11,13
"05-08-2023",15,9,14,11,8,11,13,20,19,13,14,15,11,12,10,10,12,8,5,4,7,6,7,5
"06-08-2023",4,14,11,9,6,5,9,12,15,11,9,5,5,9,8,6,5,8,11,8,8,6,10,11
"07-08-2023",8,9,10,7,4,4,5,9,7,7,10,10,6,2,4,4,3,6,4,2,4,6,6,4
"08-08-2023",3,9,27,12,14,8,15,16,20,8,9,10,8,8,8,7,7,6,6,10,12,7,6,6
"09-08-2023",7,6,6,7,4,5,4,4,8,8,9,7,7,6,6,7,8,7,6,7,12,8,5,4
"10-08-2023",6,6,-9999,-9999,-9999,-9999,-9999,-9999,-9999,-9999,-9999,-9999,-9999,-9999,-9999,-9999,-9999,1,3,4,4,4,6,4
"11-08-2023",2,4,9,7,6,4,6,10,6,6,5,3,9,8,10,6,5,6,5,4,6,6,4,10
"12-08-2023",7,5,5,6,7,5,4,6,8,9,8,6,5,3,2,3,3,4,5,4,3,10,7,10
"13-08-2023",8,6,9,8,6,7,9,7,7,9,7,8,6,8,7,8,6,3,1,2,6,7,8,9
"14-08-2023",10,7,7,7,5,7,9,6,11,8,8,9,9,8,8,12,10,7,8,6,7,9,10,9
"15-08-2023",9,10,8,10,13,9,9,9,15,8,9,7,6,7,9,8,7,4,8,10,9,10,8,10
"16-08-2023",8,10,17,18,20,13,16,15,26,21,12,9,11,10,9,8,8,6,6,11,13,11,15,10
"17-08-2023",11,12,13,17,20,22,20,14,13,10,14,10,9,8,8,7,7,7,8,10,7,7,9,10
"18-08-2023",8,8,13,10,17,12,10,12,14,9,8,8,10,11,9,8,7,5,7,6,7,8,9,10
"19-08-2023",10,15,12,9,7,4,9,9,6,6,9,7,9,7,7,6,5,5,4,5,6,9,7,10
"20-08-2023",9,9,6,6,6,10,10,13,12,13,9,11,11,10,7,7,7,9,8,9,8,6,8,8
"21-08-2023",16,13,8,7,8,5,4,6,8,7,-9999,-9999,-9999,12,11,9,6,5,5,8,9,8,7,10
"22-08-2023",9,12,8,8,10,9,15,10,6,6,6,8,9,10,10,10,13,14,8,10,11,18,66,31
"23-08-2023",63,48,56,38,48,55,42,38,62,58,62,58,70,58,17,14,18,12,15,11,9,15,47,39
"24-08-2023",20,28,31,32,22,16,20,26,21,15,18,28,17,6,8,10,6,5,5,8,11,11,22,49
"25-08-2023",19,16,38,25,18,22,19,19,29,35,25,23,14,13,11,10,11,9,10,10,9,11,14,13
"26-08-2023",11,16,11,17,14,13,14,14,25,11,10,15,6,9,13,11,10,10,9,6,8,9,9,12
"27-08-2023",7,4,7,9,11,15,10,9,11,11,10,5,4,5,5,5,4,7,6,7,7,8,9,14
"28-08-2023",15,13,14,15,9,14,19,22,27,14,23,15,11,18,14,11,10,8,11,13,8,9,11,10
"29-08-2023",8,8,8,6,6,8,11,18,19,17,12,23,14,9,7,6,9,10,10,9,7,13,16,14
"30-08-2023",18,18,12,10,10,9,6,10,16,12,13,11,12,8,7,6,5,7,8,8,5,3,6,8
"31-08-2023",7,8,6,4,4,7,8,8,8,8,11,12,10,7,6,6,4,5,21,2,8,6,11,12
"01-09-2023",7,7,6,5,7,9,8,13,13,10,14,12,8,7,6,9,9,10,8,8,8,9,10,7
"02-09-2023",9,10,17,11,7,9,9,15,27,18,16,12,14,-9999,-9999,-9999,-9999,-9999,3,7,8,6,6,8
"03-09-2023",11,-9999,6,6,7,5,7,8,5,9,7,7,4,5,6,5,3,4,2,2,2,3,6,7
"04-09-2023",6,5,9,10,9,10,9,10,13,9,8,8,6,4,7,5,6,4,8,5,4,5,5,3
"05-09-2023",1,2,3,3,2,3,6,8,7,13,13,9,7,6,8,15,8,9,8,15,10,11,9,10
"06-09-2023",12,7,10,12,9,6,7,13,14,17,3,4,4,5,9,11,17,18,6,5,4,7,8,5
"07-09-2023",6,5,6,7,5,6,10,16,19,12,14,13,13,16,12,6,7,5,6,8,6,6,10,13
"08-09-2023",10,8,8,6,7,10,7,18,12,18,20,12,12,9,9,9,10,12,9,11,14,12,10,8
"09-09-2023",8,12,8,7,6,7,11,9,8,14,10,10,7,6,5,11,7,6,4,8,6,7,7,7
"10-09-2023",6,9,7,6,6,5,3,3,5,6,6,3,2,4,6,5,4,5,7,7,7,6,5,4
"11-09-2023",9,11,14,10,7,6,4,8,10,9,5,3,7,6,10,12,8,6,5,5,6,10,8,5
"12-09-2023",6,6,7,6,4,8,7,11,20,6,7,7,5,4,4,3,1,2,8,5,6,8,5,5
"13-09-2023",7,9,8,6,6,5,6,9,9,9,9,12,11,12,9,6,7,6,7,7,6,10,10,12
"14-09-2023",16,14,18,15,21,16,17,18,19,16,17,12,11,12,13,10,9,14,12,9,14,13,14,13
"15-09-2023",13,15,16,23,21,16,25,29,29,30,24,30,19,22,22,13,22,9,9,10,13,15,11,20
"16-09-2023",20,18,23,27,17,18,20,23,37,34,31,20,15,11,18,15,15,17,16,14,11,11,15,12
"17-09-2023",9,17,7,10,16,15,16,8,11,9,10,10,8,12,13,12,9,9,14,11,13,11,13,12
"18-09-2023",11,12,13,13,11,7,11,9,10,14,13,10,8,7,6,6,5,5,6,7,6,4,10,7
"19-09-2023",10,9,8,11,9,8,6,9,10,8,6,8,7,9,7,8,7,8,8,11,7,8,13,14
"20-09-2023",16,21,7,9,8,8,12,13,16,19,-9999,-9999,-9999,-9999,16,14,14,13,9,9,9,9,15,15
"21-09-2023",14,17,11,17,17,18,15,17,16,13,11,11,16,12,13,12,10,13,14,11,8,9,7,7
"22-09-2023",13,12,13,10,17,15,21,20,21,27,32,24,21,16,30,20,32,16,25,22,29,18,23,17
"23-09-2023",18,22,25,23,24,30,32,37,39,36,32,40,53,48,38,30,22,26,25,22,17,23,20,31
"24-09-2023",26,34,33,36,35,36,33,43,32,39,40,42,37,25,27,30,24,22,20,24,26,42,26,23
"25-09-2023",25,26,26,25,18,23,21,30,33,42,28,31,20,21,23,22,14,13,19,14,12,16,14,18
"26-09-2023",15,11,15,19,16,9,14,15,15,20,18,17,17,14,18,21,24,19,18,21,16,18,20,12
"27-09-2023",15,19,17,13,12,17,8,10,10,6,7,12,7,2,3,5,6,6,5,3,5,9,12,7
"28-09-2023",8,10,8,17,7,6,6,11,16,8,10,10,6,4,9,5,1,3,4,5,5,9,12,8
"29-09-2023",6,10,10,6,12,13,11,14,14,17,14,14,10,8,12,11,12,16,9,13,20,18,17,17
"30-09-2023",15,15,19,21,15,16,17,20,12,16,12,10,12,10,10,9,10,8,7,13,10,15,16,13
"01-10-2023",18,15,15,17,14,18,11,15,10,13,11,14,10,8,9,7,12,12,9,9,11,11,15,15
"02-10-2023",18,16,8,12,17,13,18,16,12,14,15,13,17,9,14,19,16,16,15,17,18,17,19,15
"03-10-2023",15,11,13,14,10,10,14,10,12,13,9,7,8,9,9,10,6,5,11,15,10,8,11,9
"04-10-2023",14,14,12,12,10,9,7,12,15,10,12,15,9,12,10,9,7,6,7,16,10,9,13,16
"05-10-2023",18,15,18,15,15,16,15,14,18,21,22,18,10,10,9,8,8,12,16,10,15,8,16,20
"06-10-2023",13,17,24,17,11,14,16,18,21,26,26,13,12,14,11,12,14,10,11,13,13,15,18,15
"07-10-2023",15,10,13,12,14,11,15,17,18,15,9,11,13,12,10,10,9,8,6,11,11,12,14,11
"08-10-2023",10,10,9,12,11,13,18,13,15,15,19,12,14,14,19,18,11,10,8,13,11,10,18,16
"09-10-2023",24,22,24,20,23,21,25,19,33,13,16,14,15,9,10,13,10,13,12,12,15,17,14,13
"10-10-2023",14,12,13,11,16,14,13,11,17,18,22,17,12,14,12,10,8,14,11,14,13,17,10,14
"11-10-2023",10,9,12,8,7,8,15,12,14,15,12,11,10,6,7,5,5,5,4,7,7,8,6,5
"12-10-2023",4,3,3,9,8,8,12,12,13,12,9,6,5,6,6,6,5,4,6,4,5,9,6,7
"13-10-2023",15,11,9,8,6,5,8,9,10,17,15,58,5,10,19,14,16,10,8,11,10,12,10,7
"14-10-2023",22,23,21,15,17,15,17,13,14,16,23,13,15,18,15,11,12,7,11,12,10,11,14,12
"15-10-2023",19,24,26,17,18,13,15,22,18,20,22,14,14,14,13,12,8,11,10,9,7,9,9,7
"16-10-2023",9,17,13,16,6,14,14,18,18,27,29,16,11,11,11,12,13,9,15,14,11,14,12,15
"17-10-2023",8,11,8,6,4,4,6,9,9,9,8,-9999,-9999,-9999,6,7,9,6,6,6,6,8,8,8
"18-10-2023",6,7,11,8,9,9,10,13,13,15,17,13,8,6,3,1,1,6,6,9,9,5,2,3
"19-10-2023",5,5,3,5,4,3,6,8,8,10,13,10,8,11,7,3,0,4,5,3,3,4,3,6
"20-10-2023",5,4,6,3,5,8,13,16,16,20,26,9,6,5,7,6,5,8,7,10,7,10,13,15
"21-10-2023",21,21,15,16,11,12,11,19,9,12,11,13,7,7,6,5,8,6,7,7,9,6,10,10
"22-10-2023",9,8,7,6,6,4,5,5,6,7,4,3,4,2,1,5,6,5,4,8,9,6,7,16
"23-10-2023",14,17,16,6,8,9,11,14,12,22,19,18,13,9,6,10,9,8,7,6,11,7,4,5
"24-10-2023",6,4,5,18,14,11,18,22,25,23,30,22,32,14,15,20,14,8,15,11,12,12,11,13
"25-10-2023",20,23,18,19,19,14,23,25,28,35,34,24,14,17,17,9,9,11,18,12,12,11,16,16
"26-10-2023",24,22,16,23,24,21,21,32,27,37,-9999,-9999,24,17,20,21,27,23,23,33,33,32,30,30
"27-10-2023",31,38,38,29,34,28,31,32,35,43,23,27,23,22,22,20,16,28,19,25,28,24,23,14
"28-10-2023",10,7,6,4,7,7,7,5,7,12,8,8,10,9,8,7,7,5,5,7,6,7,7,16
"29-10-2023",13,15,14,13,18,18,15,15,22,19,18,15,11,17,17,20,15,16,15,13,10,19,13,14
"30-10-2023",10,17,12,12,10,15,13,16,17,18,12,13,9,16,11,11,13,9,13,14,11,14,13,15
"31-10-2023",19,24,21,13,13,12,14,16,19,18,21,20,17,12,14,12,12,13,11,13,12,9,12,11
"01-11-2023",17,14,11,8,8,6,7,17,18,12,17,10,6,9,7,7,9,9,8,12,10,12,11,10
"02-11-2023",9,9,9,6,3,4,12,13,22,11,18,11,10,11,8,8,6,18,16,13,9,8,12,8
"03-11-2023",6,5,5,8,6,9,12,20,18,17,9,10,9,6,4,4,8,12,12,17,15,17,13,12
"04-11-2023",16,12,11,12,11,11,11,11,12,14,19,17,21,20,26,39,17,13,11,11,11,8,7,6
"05-11-2023",8,7,5,4,4,3,7,7,10,15,9,8,6,16,8,5,6,13,11,7,8,7,9,7
"06-11-2023",5,9,8,10,10,16,17,20,28,37,28,24,23,18,25,23,24,27,27,30,27,16,13,15
"07-11-2023",20,23,14,12,11,12,11,15,18,21,17,19,12,13,14,14,12,17,12,13,13,11,15,30
"08-11-2023",36,28,22,19,19,21,25,16,24,31,29,21,7,15,13,15,12,11,19,16,30,26,28,30
"09-11-2023",18,24,18,24,24,19,23,25,24,24,21,17,14,13,10,8,12,10,6,10,8,6,4,6
"10-11-2023",6,6,6,2,6,8,7,6,10,15,11,10,12,7,8,6,6,4,4,11,9,15,20,23
"11-11-2023",25,28,20,16,14,21,11,15,8,8,9,96,13,12,9,10,9,8,6,8,6,7,8,5
"12-11-2023",7,6,6,3,5,7,7,7,19,16,20,15,8,6,2,3,4,4,4,6,7,5,4,6
"13-11-2023",5,3,5,6,10,6,7,9,8,10,12,8,7,6,3,2,2,4,6,7,7,7,9,8
"14-11-2023",16,13,10,8,6,6,6,10,10,12,12,11,8,8,8,5,2,3,8,9,8,5,12,9
"15-11-2023",6,8,10,14,8,9,12,8,11,10,9,6,8,9,11,8,12,10,16,8,6,5,10,9
"16-11-2023",15,10,7,16,13,10,6,13,9,8,-9999,-9999,-9999,6,8,7,8,7,7,8,5,6,8,9
"17-11-2023",8,7,6,3,5,5,5,13,10,13,11,8,6,7,12,7,7,7,6,10,11,16,17,27
"18-11-2023",18,12,8,8,4,4,7,15,13,12,9,5,1,1,1,0,3,3,4,4,3,161,2,1
"19-11-2023",0,2,3,2,2,5,5,3,2,3,6,5,6,6,3,4,4,7,6,5,6,7,10,21
"20-11-2023",31,36,30,27,22,15,16,15,20,21,13,18,7,7,3,5,5,5,6,3,3,15,22,32
"21-11-2023",44,39,34,37,22,11,19,18,22,27,26,24,11,9,6,8,6,4,6,7,13,21,31,42
"22-11-2023",38,33,30,23,15,16,15,16,14,17,25,6,5,3,3,4,5,6,7,7,7,5,6,6
"23-11-2023",9,15,13,11,14,8,5,5,12,16,20,15,12,8,6,7,5,7,11,8,14,12,11,14
"24-11-2023",19,18,18,17,16,16,17,16,18,20,16,12,11,6,3,10,7,3,4,3,7,12,10,10
"25-11-2023",10,7,6,9,12,9,8,7,8,10,6,5,6,5,4,5,3,4,5,6,3,1,3,5
"26-11-2023",5,11,10,7,6,22,13,9,9,6,8,5,2,3,3,6,4,5,6,4,6,5,5,4
"27-11-2023",3,4,1,7,6,6,8,15,19,14,18,15,9,5,3,1,3,6,5,6,14,35,38,38
"28-11-2023",46,35,39,25,21,20,9,5,3,5,7,6,7,7,6,6,6,6,12,10,6,12,9,12
"29-11-2023",8,8,10,8,12,10,10,11,18,24,24,9,7,10,8,10,9,8,6,6,7,7,15,7
"30-11-2023",8,8,5,4,5,7,8,7,16,23,20,12,9,6,3,7,6,4,6,9,11,9,10,13
"01-12-2023",8,7,8,7,4,4,6,9,14,20,15,11,9,12,7,6,8,7,6,13,22,22,25,37
"02-12-2023",47,46,42,39,33,22,23,18,20,17,19,25,9,6,6,6,8,10,11,19,70,23,22,19
"03-12-2023",20,22,23,17,16,18,19,23,17,24,26,21,18,14,13,15,14,16,14,12,12,10,14,12
"04-12-2023",19,25,27,19,23,21,19,23,27,27,31,24,24,24,18,14,12,12,7,4,7,7,7,9
"05-12-2023",7,4,3,4,5,5,4,9,7,10,11,11,10,6,6,7,6,7,8,8,16,15,13,18
"06-12-2023",17,11,11,7,4,2,6,6,9,14,14,19,17,9,5,2,4,2,2,4,6,8,11,6
"07-12-2023",2,1,4,4,3,7,16,13,21,23,22,20,13,8,7,6,10,7,9,13,13,8,7,4
"08-12-2023",5,5,3,5,4,5,4,5,11,8,4,5,4,7,5,4,8,8,6,7,7,5,9,7
"09-12-2023",7,6,6,4,4,6,6,5,12,11,7,6,7,7,8,7,5,6,6,8,8,18,12,14
"10-12-2023",28,23,23,20,13,7,7,10,14,13,20,9,8,6,3,2,2,3,5,10,14,38,58,56
"11-12-2023",46,31,28,12,18,15,9,12,10,9,14,12,12,11,10,12,7,10,8,11,25,33,44,51
"12-12-2023",51,72,62,65,53,44,39,39,29,38,36,21,7,7,6,6,7,9,18,8,17,19,33,46
"13-12-2023",44,52,107,33,25,19,20,19,21,28,33,26,16,9,8,7,4,5,6,11,18,15,15,14
"14-12-2023",23,33,24,34,26,24,29,25,25,36,32,39,40,13,18,17,17,15,16,16,16,9,8,6
"15-12-2023",9,11,9,9,9,6,11,21,18,19,7,10,11,12,12,10,14,11,9,10,11,9,7,10
"16-12-2023",9,9,10,12,10,6,3,3,7,6,1,0,1,4,3,4,4,3,4,5,4,10,8,6
"17-12-2023",7,5,1,1,2,1,2,2,0,0,1,9,10,8,6,7,5,3,6,4,4,6,6,7
"18-12-2023",7,7,6,5,5,4,5,10,11,10,10,9,8,6,11,8,6,6,5,6,6,6,7,16
"19-12-2023",31,9,7,7,13,10,13,17,14,20,31,27,8,6,10,7,8,10,9,20,20,30,35,44
"20-12-2023",53,50,39,35,22,14,14,18,14,22,29,28,21,6,16,13,13,10,19,12,8,5,4,3
"21-12-2023",5,6,7,9,11,13,10,8,8,15,14,13,12,11,7,12,12,10,10,11,13,14,20,18
"22-12-2023",25,41,45,56,40,35,36,17,14,16,14,9,7,7,12,18,11,14,9,7,10,14,11,9
"23-12-2023",11,11,10,7,11,9,11,15,18,11,19,10,9,14,16,12,8,13,10,8,7,8,11,11
"24-12-2023",9,9,12,8,7,8,9,8,15,8,9,12,9,9,10,7,7,12,11,12,10,15,24,41
"25-12-2023",101,98,109,108,71,48,48,35,27,25,20,24,12,13,10,8,7,8,18,12,15,14,29,83
"26-12-2023",84,79,82,70,59,52,37,35,28,27,24,23,14,11,10,8,5,10,12,8,9,15,17,19
"27-12-2023",17,16,10,9,11,12,12,20,26,30,36,-9999,-9999,-9999,9,8,11,8,12,14,19,26,34,40
"28-12-2023",37,52,54,42,39,27,27,22,24,34,25,27,22,14,12,11,14,11,16,16,24,28,49,60
"29-12-2023",72,54,48,49,45,36,27,30,29,31,30,14,13,10,11,8,10,17,11,14,17,23,17,13
"30-12-2023",57,85,63,41,31,27,27,23,18,18,23,20,20,12,10,8,9,8,9,11,17,21,54,61
"31-12-2023",48,68,63,41,55,39,27,17,17,15,17,20,13,9,11,7,9,9,11,16,15,13,24,29

