"01-01-2021",8,5,6,4,6,5,7,6,6,10,9,8,9,10,11,9,8,7,7,8,10,14,15,18
"02-01-2021",13,17,18,16,11,12,21,19,14,25,18,17,33,22,16,14,8,7,7,6,5,4,5,4
"03-01-2021",5,3,2,3,3,3,3,3,3,3,3,3,2,3,3,3,3,3,3,3,4,4,3,3
"04-01-2021",2,3,3,4,4,4,4,4,4,4,4,4,4,4,4,4,4,4,5,5,7,7,6,6
"05-01-2021",5,4,4,6,6,6,7,14,9,13,15,16,11,15,17,9,6,7,8,7,8,8,9,9
"06-01-2021",7,8,9,7,6,6,9,9,9,12,16,13,11,9,6,5,6,6,5,5,5,5,5,5
"07-01-2021",7,6,5,5,4,5,7,7,8,9,10,9,8,7,8,7,4,4,4,5,5,7,4,2
"08-01-2021",2,4,4,4,4,5,6,7,7,7,6,5,5,5,4,4,4,5,5,4,4,4,4,4
"09-01-2021",4,4,4,3,3,3,3,4,3,3,4,3,3,4,6,6,5,4,4,5,5,5,6,6
"10-01-2021",4,5,5,5,6,5,5,6,7,8,8,6,5,5,5,3,4,4,5,4,4,4,4,4
"11-01-2021",6,5,4,4,4,4,4,4,4,5,4,4,4,4,4,3,4,4,3,4,4,3,2,3
"12-01-2021",2,2,3,4,4,4,5,4,5,5,5,4,4,5,5,6,8,13,8,9,10,8,7,6
"13-01-2021",6,5,5,5,5,5,7,8,7,7,7,6,6,5,5,9,6,6,4,4,5,5,5,5
"14-01-2021",6,6,4,6,5,6,5,6,6,7,9,7,9,7,7,7,4,4,9,10,8,10,7,6
"15-01-2021",5,5,5,6,4,4,6,6,5,5,5,5,4,5,9,7,6,5,6,5,7,6,5,6
"16-01-2021",5,6,6,5,6,6,6,6,6,5,5,6,6,6,5,6,5,5,5,6,6,6,5,6
"17-01-2021",3,6,7,7,6,6,9,10,9,13,11,12,11,12,12,11,13,13,6,10,18,9,12,9
"18-01-2021",11,11,12,10,9,12,7,9,9,7,7,7,8,8,7,8,7,7,6,8,7,9,8,11
"19-01-2021",8,6,6,7,7,9,11,10,12,16,17,9,8,8,10,9,9,9,10,11,11,15,7,6
"20-01-2021",6,17,19,14,9,13,17,23,35,19,28,24,21,16,16,11,7,7,10,18,22,24,17,19
"21-01-2021",18,15,12,12,11,14,-9999,13,17,30,30,-9999,-9999,11,9,8,7,7,7,11,22,19,18,16
"22-01-2021",12,12,11,8,8,11,11,13,15,22,34,21,15,13,8,8,7,7,6,6,6,6,6,5
"23-01-2021",5,4,3,3,3,3,4,3,3,4,3,3,3,3,3,3,2,3,3,3,2,2,3,2
"24-01-2021",2,2,4,4,3,4,3,4,4,7,8,7,7,6,6,6,5,6,6,5,5,5,4,4
"25-01-2021",4,4,3,3,3,3,3,3,4,8,10,11,20,13,9,8,9,9,7,8,11,9,7,6
"26-01-2021",5,5,6,5,5,5,4,5,5,5,4,4,5,5,5,5,4,3,4,4,5,5,5,4
"27-01-2021",5,5,3,4,5,6,5,6,4,5,4,5,6,-9999,4,5,3,3,5,5,7,5,4,3
"28-01-2021",3,4,3,3,3,8,12,10,10,16,10,6,4,4,4,4,6,6,9,12,20,19,18,21
"29-01-2021",16,12,9,8,6,8,11,9,12,13,7,7,9,4,3,4,5,6,6,7,9,9,10,12
"30-01-2021",12,11,10,9,5,6,6,6,7,10,13,10,10,8,7,7,6,7,6,6,7,9,10,10
"31-01-2021",10,10,8,8,6,6,6,7,10,11,11,7,4,7,6,4,4,4,3,2,4,3,3,3
"01-02-2021",2,4,4,3,3,4,3,4,4,5,6,6,6,6,6,6,6,5,4,4,4,5,5,5
"02-02-2021",5,5,4,3,6,7,7,6,8,11,11,10,8,13,8,6,5,3,3,4,5,6,6,6
"03-02-2021",5,5,5,5,7,8,8,10,10,15,13,24,29,30,29,20,15,12,10,9,8,9,8,8
"04-02-2021",9,8,6,6,5,5,7,9,9,11,10,9,6,11,7,9,8,6,5,5,6,8,6,6
"05-02-2021",6,4,5,4,5,6,7,7,8,10,12,11,12,18,18,18,11,12,6,7,8,7,8,8
"06-02-2021",7,6,6,6,6,7,7,8,9,12,15,10,8,8,8,6,6,4,4,5,4,5,6,6
"07-02-2021",6,6,7,8,7,7,7,7,7,9,11,10,10,8,6,8,6,5,4,5,4,4,4,-9999
"08-02-2021",4,3,3,3,3,4,4,4,3,4,3,4,3,4,4,5,5,4,5,4,4,5,4,4
"09-02-2021",4,4,4,4,4,5,6,7,8,7,6,6,5,5,5,4,5,5,5,5,3,4,4,4
"10-02-2021",8,6,4,3,4,6,7,8,10,12,17,16,14,12,20,17,8,5,4,4,4,4,4,5
"11-02-2021",5,4,4,2,6,5,4,4,4,5,4,4,5,5,5,5,6,8,6,6,6,5,4,4
"12-02-2021",5,4,4,5,5,4,7,10,5,7,7,10,6,6,7,5,5,4,3,4,5,4,4,3
"13-02-2021",3,2,3,4,3,3,4,4,4,3,4,2,3,4,4,3,2,4,4,4,5,5,4,5
"14-02-2021",4,5,7,7,5,4,4,4,6,7,6,5,5,5,5,5,4,4,4,3,4,3,4,4
"15-02-2021",4,4,5,6,6,7,6,6,10,7,7,5,5,4,4,7,5,5,7,8,10,7,6,8
"16-02-2021",5,4,4,4,4,4,5,5,4,9,16,10,7,6,5,5,8,8,5,5,9,10,10,10
"17-02-2021",8,10,11,8,11,10,9,14,10,14,10,15,12,9,6,9,9,9,11,14,20,23,18,16
"18-02-2021",15,13,10,9,10,13,15,14,15,22,32,28,22,14,12,9,11,9,14,17,17,19,17,18
"19-02-2021",15,13,11,10,9,11,13,14,17,28,23,23,22,19,15,14,14,10,10,15,17,14,11,10
"20-02-2021",10,9,8,7,7,8,8,9,12,16,23,21,17,23,11,12,15,14,10,12,12,11,11,11
"21-02-2021",8,7,7,5,3,3,4,7,6,8,9,8,6,4,8,6,4,6,6,7,9,7,11,6
"22-02-2021",6,4,6,5,6,5,7,8,7,11,16,12,13,10,8,9,10,11,13,14,13,12,10,7
"23-02-2021",7,7,8,7,6,8,8,10,12,16,25,20,23,24,21,30,16,12,9,12,16,13,17,16
"24-02-2021",12,11,11,8,8,14,14,15,16,16,13,12,8,7,7,8,9,10,11,9,11,7,6,5
"25-02-2021",7,5,4,4,4,5,6,6,8,8,7,7,6,7,9,7,6,16,15,9,10,15,17,13
"26-02-2021",11,11,10,9,9,10,8,9,9,11,12,10,9,8,6,8,6,6,7,7,9,20,10,8
"27-02-2021",8,7,7,7,6,7,8,9,10,13,15,15,16,23,11,9,8,8,7,7,7,7,7,7
"28-02-2021",8,7,6,7,8,11,9,9,8,8,8,7,5,5,3,4,4,3,4,4,3,4,4,5
"01-03-2021",4,7,13,37,19,19,18,11,11,11,9,7,7,6,10,10,9,7,6,6,7,7,7,6
"02-03-2021",5,5,5,4,4,4,4,5,4,5,4,4,4,4,4,4,3,4,5,6,11,15,12,54
"03-03-2021",14,7,7,12,29,15,22,22,23,10,8,7,8,6,6,5,6,6,6,10,16,10,8,19
"04-03-2021",21,27,17,10,8,7,9,10,13,16,13,27,31,26,10,7,11,9,8,7,7,8,7,8
"05-03-2021",7,7,8,7,7,9,11,12,17,13,16,15,16,18,16,16,11,10,7,6,7,8,6,6
"06-03-2021",7,6,5,6,6,5,7,12,8,9,8,6,6,6,8,10,6,5,5,5,6,7,7,6
"07-03-2021",17,7,8,5,4,2,4,4,4,5,5,5,4,5,4,4,5,5,5,5,6,6,6,5
"08-03-2021",6,5,4,5,5,5,6,6,6,5,5,5,5,5,5,5,4,4,4,5,5,4,4,4
"09-03-2021",4,4,4,5,5,6,7,7,6,9,8,8,6,7,7,6,7,7,7,8,9,9,8,7
"10-03-2021",7,6,6,7,6,7,10,10,14,22,24,20,15,12,13,12,10,7,6,7,8,8,7,7
"11-03-2021",6,5,5,6,6,6,9,9,6,8,16,10,10,9,8,9,8,6,6,5,5,6,6,7
"12-03-2021",6,6,4,4,4,4,7,7,7,11,10,8,6,6,6,6,6,5,5,5,6,7,8,10
"13-03-2021",8,8,7,7,7,8,9,10,11,13,12,12,18,19,20,14,13,10,8,9,8,8,8,7
"14-03-2021",8,7,7,7,7,7,7,7,7,9,10,10,12,15,15,15,12,11,11,9,8,8,5,6
"15-03-2021",7,8,8,8,8,10,11,13,12,11,9,9,9,9,10,12,8,8,8,8,8,7,7,9
"16-03-2021",8,7,6,6,6,6,7,8,9,9,8,8,8,9,8,10,10,14,10,8,9,8,6,6
"17-03-2021",6,6,6,7,7,8,10,15,11,9,8,-9999,5,5,6,7,6,8,6,7,6,7,4,5
"18-03-2021",3,3,4,3,5,7,8,13,10,7,7,5,7,5,4,3,4,3,5,4,11,16,10,6
"19-03-2021",8,6,6,13,10,10,11,16,16,12,14,20,12,11,10,8,8,7,8,9,7,6,5,5
"20-03-2021",4,4,4,4,3,4,4,3,4,3,4,4,4,5,5,5,4,3,4,4,6,7,6,5
"21-03-2021",6,3,4,4,5,3,4,5,5,5,5,6,5,5,7,5,4,5,5,6,7,6,6,8
"22-03-2021",10,9,6,6,6,5,6,6,8,10,14,12,8,6,8,9,9,8,6,7,9,7,6,5
"23-03-2021",8,5,5,5,5,3,4,6,8,7,8,7,7,10,9,7,7,6,5,3,4,4,5,8
"24-03-2021",7,8,6,7,13,14,7,10,10,7,6,6,5,4,5,6,6,5,5,5,6,5,4,3
"25-03-2021",4,2,4,2,5,4,4,6,6,11,7,5,5,9,3,4,7,4,5,3,6,7,6,5
"26-03-2021",5,5,10,15,10,8,15,13,17,14,12,10,11,7,8,10,7,6,7,7,8,6,8,13
"27-03-2021",12,10,8,7,7,6,11,9,9,18,21,14,11,7,8,6,5,6,5,6,7,5,-9999,6
"28-03-2021",8,7,7,6,6,5,6,6,9,14,28,20,16,21,21,13,12,12,7,4,5,5,5,5
"29-03-2021",6,4,5,5,5,6,10,11,13,20,24,29,27,21,16,10,8,8,8,6,6,8,7,7
"30-03-2021",7,5,4,4,5,4,5,6,7,5,4,5,3,3,3,4,4,3,3,4,4,5,6,7
"31-03-2021",7,2,4,5,7,8,6,5,4,5,4,4,4,5,4,4,6,4,4,5,4,5,6,3
"01-04-2021",4,5,4,3,6,9,7,7,11,10,11,11,11,6,4,4,6,8,5,6,9,17,8,8
"02-04-2021",9,5,6,6,9,8,11,13,18,17,24,16,15,11,10,8,7,6,6,5,5,7,7,7
"03-04-2021",6,5,5,5,5,5,6,6,6,7,8,8,9,9,7,6,7,6,4,4,4,4,4,4
"04-04-2021",4,3,3,3,4,4,4,5,3,4,4,4,5,4,4,4,4,5,5,4,5,5,4,6
"05-04-2021",6,5,6,6,4,4,5,5,5,4,5,6,6,6,5,5,5,4,5,4,4,4,5,5
"06-04-2021",5,4,5,6,6,3,5,5,6,7,7,7,7,8,9,9,17,13,9,8,10,13,7,5
"07-04-2021",6,6,5,5,3,4,9,11,9,9,8,8,5,5,5,5,5,8,6,9,8,11,6,6
"08-04-2021",5,5,6,5,6,5,8,10,10,7,7,6,4,7,5,8,8,11,6,5,7,7,4,7
"09-04-2021",10,8,6,6,11,7,12,14,9,5,6,4,5,4,3,3,3,4,4,4,6,5,5,5
"10-04-2021",5,7,10,10,8,12,9,8,18,28,9,8,7,12,7,6,5,6,7,6,7,6,6,4
"11-04-2021",5,5,6,7,7,6,6,9,10,18,22,20,11,8,6,7,6,5,5,5,5,5,5,4
"12-04-2021",5,4,5,6,4,6,11,8,11,26,36,27,10,12,9,8,7,8,7,6,6,5,5,4
"13-04-2021",4,5,5,4,5,6,8,8,10,15,15,15,26,32,28,12,9,6,5,5,5,5,5,5
"14-04-2021",5,6,8,6,4,8,9,13,9,10,10,10,11,8,9,12,11,8,5,5,5,6,5,8
"15-04-2021",8,7,5,5,8,7,12,19,17,17,16,12,12,9,8,8,7,6,5,4,5,4,5,5
"16-04-2021",5,6,8,6,5,7,5,6,4,6,5,6,7,7,7,6,6,5,5,6,6,7,7,4
"17-04-2021",6,3,4,4,5,5,5,6,8,7,7,7,7,6,6,7,7,7,7,6,6,6,6,6
"18-04-2021",6,6,6,6,4,5,6,10,13,16,10,10,11,6,22,17,13,11,9,7,7,7,8,9
"19-04-2021",10,8,9,11,9,10,13,15,15,24,17,15,18,13,13,11,10,11,6,6,8,9,6,16
"20-04-2021",31,7,8,8,6,6,11,11,9,10,8,9,8,11,8,12,10,6,7,9,12,12,7,8
"21-04-2021",5,5,6,6,5,8,17,28,14,13,10,8,7,7,8,9,8,8,7,5,6,9,6,9
"22-04-2021",7,7,6,9,13,10,12,12,23,17,26,17,11,6,7,8,9,8,7,8,7,7,6,6
"23-04-2021",6,6,5,5,5,6,7,6,6,5,7,7,8,7,6,6,6,5,5,6,8,9,6,6
"24-04-2021",6,6,6,5,5,5,5,6,4,5,5,5,5,5,5,6,4,5,6,7,4,5,5,7
"25-04-2021",4,7,5,7,8,7,7,6,6,5,6,6,5,5,8,9,8,13,8,9,11,9,7,8
"26-04-2021",10,8,12,10,6,7,10,11,10,9,10,11,12,11,9,8,7,7,7,8,11,10,10,11
"27-04-2021",8,6,7,6,7,8,9,10,11,17,17,17,14,12,8,7,8,7,5,6,7,7,6,5
"28-04-2021",6,6,6,6,6,7,6,11,10,8,9,9,8,7,7,8,7,7,7,6,7,6,6,7
"29-04-2021",8,8,7,8,8,8,16,13,13,16,19,21,27,20,13,13,10,9,9,9,10,10,14,12
"30-04-2021",10,8,7,7,8,8,9,10,13,22,40,31,41,39,20,14,11,10,9,8,7,7,7,9
"01-05-2021",12,11,11,11,9,9,7,13,11,13,16,17,27,18,17,26,16,12,13,10,8,10,8,8
"02-05-2021",7,8,8,8,8,7,7,8,10,14,17,13,16,18,16,18,17,14,14,12,11,14,11,11
"03-05-2021",10,10,11,12,12,13,15,13,12,14,12,9,8,7,13,11,11,10,10,11,10,9,10,9
"04-05-2021",9,10,10,11,11,11,15,14,9,9,9,9,11,11,9,8,8,8,9,10,9,8,8,9
"05-05-2021",9,9,9,8,7,10,11,17,21,18,18,17,32,21,15,16,12,10,9,7,8,8,8,8
"06-05-2021",7,9,9,9,9,9,12,13,14,14,14,12,11,11,18,20,17,11,7,7,7,7,7,8
"07-05-2021",12,12,10,11,12,12,12,12,19,30,33,42,23,-9999,-9999,-9999,6,5,5,6,6,7,6,5
"08-05-2021",5,7,6,8,9,14,16,27,34,38,24,33,22,25,33,22,16,17,19,16,14,10,8,9
"09-05-2021",9,7,7,5,6,5,5,5,5,4,4,3,3,4,4,4,3,3,4,3,4,4,3,4
"10-05-2021",6,9,9,7,12,12,12,13,10,10,8,4,4,6,7,14,18,8,5,6,13,13,16,23
"11-05-2021",20,35,13,24,37,27,14,23,19,12,11,7,6,8,10,10,10,6,8,9,10,10,7,6
"12-05-2021",5,4,5,6,9,8,22,28,28,18,13,17,15,10,8,8,7,7,7,6,7,6,3,3
"13-05-2021",5,5,4,5,5,6,6,7,10,12,13,12,11,13,10,7,6,6,6,5,6,9,6,6
"14-05-2021",5,5,5,6,9,10,18,15,9,11,12,10,7,9,12,15,8,6,6,6,5,4,5,6
"15-05-2021",6,4,4,5,6,6,11,16,19,24,17,11,13,12,13,15,12,10,9,7,7,11,12,14
"16-05-2021",8,8,9,9,7,6,9,9,11,10,9,9,8,7,5,6,6,8,9,9,11,13,8,6
"17-05-2021",6,6,6,6,6,8,8,12,13,11,11,12,11,11,10,8,7,6,5,6,7,6,6,5
"18-05-2021",7,8,8,7,8,8,10,14,13,11,10,9,8,9,10,7,9,8,9,9,12,12,8,11
"19-05-2021",12,12,11,20,18,14,16,17,24,22,18,22,17,13,8,8,6,6,6,6,6,10,8,10
"20-05-2021",9,8,8,7,7,6,26,67,12,10,9,9,9,10,11,13,10,10,9,12,9,8,5,7
"21-05-2021",7,6,6,5,6,7,9,7,7,6,8,7,7,5,6,6,4,4,5,8,5,5,5,5
"22-05-2021",5,4,4,4,4,5,6,6,7,10,10,7,7,8,7,6,6,5,5,5,4,5,4,5
"23-05-2021",3,2,5,5,5,5,7,7,15,25,19,15,22,31,17,11,9,7,8,5,6,7,6,6
"24-05-2021",9,9,10,15,20,21,14,15,25,32,35,34,42,97,41,26,20,13,13,12,14,16,19,16
"25-05-2021",20,13,17,14,18,25,26,19,17,15,23,63,130,67,16,18,21,16,16,14,19,23,15,12
"26-05-2021",10,10,11,12,7,8,8,10,18,18,18,19,24,43,22,9,9,9,10,12,14,12,8,9
"27-05-2021",11,11,11,11,9,10,5,12,17,15,17,19,18,13,9,11,10,9,8,7,6,6,6,6
"28-05-2021",8,8,10,12,9,11,12,21,20,17,15,17,20,17,10,10,8,7,8,8,8,7,8,8
"29-05-2021",10,7,6,7,8,6,7,15,8,6,9,9,8,7,6,6,5,5,5,5,5,5,5,5
"30-05-2021",4,6,11,10,8,8,8,9,10,8,7,7,9,16,11,8,6,6,6,5,6,6,5,5
"31-05-2021",6,6,5,5,6,11,17,23,12,11,11,11,11,10,8,7,7,7,6,5,5,5,5,6
"01-06-2021",7,7,6,9,11,12,13,17,9,10,10,8,9,8,6,7,6,6,7,6,2,6,5,5
"02-06-2021",5,7,9,10,12,11,8,18,10,15,9,7,9,7,7,7,6,5,5,5,5,4,5,4
"03-06-2021",5,4,5,9,12,10,14,14,13,13,18,17,18,14,8,8,6,7,7,7,7,6,6,5
"04-06-2021",7,6,6,5,5,5,6,6,11,13,12,6,7,8,8,7,6,5,5,6,7,7,6,7
"05-06-2021",6,5,4,6,6,6,6,6,6,6,8,7,7,6,7,6,4,6,6,6,5,5,5,5
"06-06-2021",6,6,5,5,6,6,6,9,26,20,13,12,13,12,9,8,6,6,6,5,6,5,5,5
"07-06-2021",4,5,8,8,8,9,9,8,9,18,17,24,47,11,7,6,6,5,5,6,6,7,8,8
"08-06-2021",9,8,9,8,6,5,7,6,8,10,11,10,10,7,5,6,6,5,6,6,6,9,7,7
"09-06-2021",6,5,6,6,7,9,9,9,8,8,9,9,8,7,6,8,9,9,10,9,8,7,6,6
"10-06-2021",6,7,7,7,7,5,6,9,11,14,14,11,11,10,8,8,7,9,8,6,5,6,7,6
"11-06-2021",6,2,6,7,8,8,9,11,16,20,18,11,9,9,7,7,6,6,7,7,7,9,8,8
"12-06-2021",11,9,10,10,9,9,9,9,12,18,21,14,12,10,8,8,7,7,10,13,10,12,24,11
"13-06-2021",9,11,9,9,9,10,10,11,14,28,20,12,16,14,8,8,8,7,7,6,6,6,6,6
"14-06-2021",7,8,8,6,7,7,7,17,11,10,8,7,6,7,8,9,6,6,7,6,5,5,5,6
"15-06-2021",5,6,6,5,6,8,10,27,18,17,11,12,9,7,7,8,7,7,7,6,5,2,3,6
"16-06-2021",7,8,6,5,9,13,16,17,12,13,13,11,10,9,11,10,8,6,7,6,5,6,6,7
"17-06-2021",7,8,10,10,11,10,11,11,16,26,26,18,13,12,8,6,6,7,7,8,7,6,6,7
"18-06-2021",9,7,6,4,7,8,9,12,14,28,21,14,15,9,7,5,6,6,6,6,6,6,6,5
"19-06-2021",6,13,9,9,9,10,10,10,12,14,13,13,12,14,11,9,8,7,6,6,6,5,6,6
"20-06-2021",10,12,9,9,10,11,10,13,19,14,18,23,20,15,8,7,7,6,6,6,5,5,5,6
"21-06-2021",5,5,6,5,8,10,10,10,12,12,13,10,9,7,7,7,5,6,5,5,6,5,4,5
"22-06-2021",6,7,5,5,6,5,5,6,6,6,6,5,6,-9999,-9999,3,4,3,4,4,5,5,5,4
"23-06-2021",5,5,5,5,3,3,4,4,4,-9999,-9999,-9999,-9999,-9999,-9999,-9999,-9999,-9999,-9999,-9999,-9999,-9999,-9999,-9999
"24-06-2021",-9999,-9999,-9999,-9999,-9999,-9999,-9999,-9999,-9999,-9999,-9999,27,9,12,8,9,8,9,9,9,9,9,8,8
"25-06-2021",8,8,8,8,9,10,10,12,18,18,20,20,23,15,10,9,10,9,9,9,10,9,9,10
"26-06-2021",13,13,14,14,15,17,20,24,25,21,21,20,22,15,9,9,9,8,9,8,8,7,7,7
"27-06-2021",9,9,9,9,10,10,10,10,10,10,10,11,10,11,10,7,7,8,8,8,10,10,9,10
"28-06-2021",10,10,9,9,11,14,12,11,10,8,9,9,11,12,9,10,10,9,9,9,7,8,7,8
"29-06-2021",8,8,10,10,11,10,10,9,10,11,16,13,17,16,11,10,9,9,9,8,7,8,6,8
"30-06-2021",7,8,9,10,13,15,19,16,21,21,21,16,26,30,19,13,12,9,8,8,8,8,9,8
"01-07-2021",8,8,8,10,10,12,13,20,23,18,17,17,18,16,9,8,8,8,8,8,8,9,10,11
"02-07-2021",12,13,11,12,10,10,16,24,20,19,21,18,16,15,17,18,13,10,10,13,10,9,10,10
"03-07-2021",12,27,33,23,18,16,24,23,15,14,13,12,11,12,13,10,8,9,8,8,7,8,8,7
"04-07-2021",7,7,8,8,10,12,22,39,18,17,15,17,14,12,10,9,9,8,7,7,8,8,7,8
"05-07-2021",7,8,7,7,7,7,8,9,12,13,13,15,25,25,12,10,8,8,9,8,8,8,7,8
"06-07-2021",9,9,10,14,29,18,16,21,24,12,14,14,12,12,11,9,9,8,9,8,8,8,7,8
"07-07-2021",8,8,8,8,10,12,15,14,14,28,28,19,19,18,16,15,13,11,-9999,17,14,12,11,9
"08-07-2021",9,9,14,15,12,10,10,10,9,9,9,8,9,8,8,9,8,8,9,9,8,8,8,7
"09-07-2021",7,8,8,8,8,7,8,7,8,5,8,8,8,8,8,8,8,8,8,8,8,9,11,12
"10-07-2021",10,10,9,10,12,13,16,14,15,10,9,8,8,8,8,8,6,8,9,8,8,9,13,13
"11-07-2021",21,19,19,19,26,35,17,25,14,11,10,9,9,9,8,9,9,9,9,9,10,14,21,21
"12-07-2021",22,28,20,17,21,27,37,40,23,16,12,9,9,9,9,9,11,10,10,9,9,9,9,10
"13-07-2021",14,11,9,9,15,20,12,11,22,20,12,10,9,10,11,11,10,10,10,10,9,9,9,10
"14-07-2021",13,16,17,19,16,21,34,45,23,16,10,9,10,9,9,10,9,9,10,10,9,10,8,9
"15-07-2021",8,9,9,12,12,14,22,40,21,16,11,10,11,10,10,10,10,9,11,11,10,10,10,10
"16-07-2021",22,29,28,23,24,25,57,91,31,22,22,17,15,14,13,11,9,9,10,10,10,9,10,9
"17-07-2021",10,10,11,11,11,12,16,19,16,20,19,16,15,15,15,12,8,9,9,9,9,9,9,9
"18-07-2021",9,10,12,11,13,13,14,18,27,30,31,19,15,14,10,10,9,9,9,9,9,8,8,9
"19-07-2021",8,8,8,9,10,10,10,10,10,11,13,12,10,10,10,9,8,8,8,9,7,8,7,8
"20-07-2021",8,8,8,9,9,10,10,11,10,10,11,11,10,8,9,8,7,7,8,9,8,7,7,8
"21-07-2021",8,8,9,9,9,18,21,20,17,13,13,11,10,10,10,8,9,8,8,8,8,8,8,8
"22-07-2021",9,9,12,9,8,9,9,8,9,10,9,10,10,9,9,10,9,9,9,9,9,9,9,9
"23-07-2021",10,10,11,11,11,11,10,9,10,9,9,9,9,9,9,8,8,8,9,10,9,9,15,17
"24-07-2021",23,39,40,26,16,11,10,10,9,9,9,8,9,8,9,8,8,8,8,8,7,9,14,19
"25-07-2021",20,25,27,23,19,11,10,10,9,9,8,7,8,8,8,9,9,9,9,7,7,8,10,13
"26-07-2021",10,18,14,13,24,16,12,12,11,10,10,8,7,8,8,8,8,7,8,9,8,8,9,8
"27-07-2021",9,9,15,18,20,30,35,65,16,12,10,9,9,9,9,10,10,10,9,10,10,12,12,10
"28-07-2021",11,10,9,9,13,15,11,13,10,10,9,10,9,7,6,10,9,9,10,9,9,9,8,8
"29-07-2021",9,13,23,34,33,14,14,28,18,14,18,11,10,9,13,14,13,12,12,13,13,18,19,18
"30-07-2021",18,16,20,17,15,18,23,33,46,52,32,48,88,38,26,23,11,11,14,18,20,17,15,14
"31-07-2021",16,20,20,18,20,19,25,24,31,40,37,28,21,31,25,22,19,18,14,13,12,11,12,12
"01-08-2021",18,22,22,32,36,33,29,22,20,19,18,22,41,27,21,19,16,12,10,10,9,10,13,17
"02-08-2021",14,15,15,15,15,17,20,30,21,22,28,24,29,37,26,16,11,10,11,15,15,16,16,20
"03-08-2021",28,38,37,29,20,23,26,33,28,29,25,14,27,30,17,12,11,10,11,14,14,14,15,18
"04-08-2021",15,13,13,18,25,20,25,24,44,36,24,30,37,44,27,13,10,9,13,21,14,13,14,12
"05-08-2021",20,26,24,22,26,27,30,32,37,42,44,39,45,35,17,12,15,12,13,12,14,14,12,13
"06-08-2021",11,13,12,16,22,19,23,23,20,19,14,15,-9999,-9999,8,9,3,3,8,12,13,11,21,9
"07-08-2021",10,7,7,7,8,8,5,3,4,4,3,4,3,4,5,5,5,4,3,4,4,4,4,6
"08-08-2021",4,4,4,5,6,13,10,7,6,4,4,5,6,4,3,5,3,2,2,3,3,3,4,4
"09-08-2021",3,4,6,8,7,8,12,13,13,19,13,7,14,19,12,6,3,3,2,2,2,2,2,3
"10-08-2021",4,5,4,5,10,12,12,20,17,14,16,13,30,28,16,8,4,4,4,4,6,4,5,5
"11-08-2021",6,7,7,6,6,12,13,12,14,24,26,19,15,12,6,4,3,4,7,6,7,9,9,9
"12-08-2021",16,10,6,5,7,7,12,35,16,13,7,4,5,4,3,3,2,3,3,3,3,2,3,4
"13-08-2021",3,7,6,9,11,6,6,4,4,3,3,2,2,3,2,3,2,3,3,4,3,4,3,3
"14-08-2021",3,3,2,2,3,4,4,4,3,3,2,2,2,2,2,2,2,2,2,2,2,2,5,12
"15-08-2021",16,7,3,3,2,2,3,3,3,2,2,2,2,2,2,2,3,3,3,3,2,3,3,17
"16-08-2021",3,4,34,36,22,21,17,18,9,7,4,3,2,3,3,2,2,2,3,6,4,3,4,4
"17-08-2021",3,3,2,3,4,4,7,8,11,18,14,9,9,15,7,5,3,4,4,3,3,3,5,5
"18-08-2021",4,4,4,3,5,7,8,7,11,6,5,5,8,8,5,4,4,5,4,3,2,3,4,5
"19-08-2021",8,7,7,7,6,8,10,6,10,18,8,4,4,3,4,5,3,5,6,6,3,4,4,7
"20-08-2021",6,6,5,4,4,4,4,6,4,4,3,3,5,4,6,5,5,2,5,4,4,5,5,7
"21-08-2021",4,6,5,5,5,4,3,5,2,3,4,3,2,3,3,3,4,5,4,4,5,4,5,4
"22-08-2021",3,20,17,9,7,8,8,7,6,5,4,3,2,2,3,2,2,2,2,3,4,6,7,11
"23-08-2021",5,4,6,12,11,11,15,17,10,7,4,3,3,3,2,4,5,3,2,2,3,3,5,15
"24-08-2021",20,21,15,13,11,11,14,16,9,7,6,5,4,4,4,16,26,17,4,6,8,11,8,7
"25-08-2021",9,6,4,5,6,4,14,15,10,10,11,9,12,-9999,-9999,6,2,2,2,3,2,2,2,3
"26-08-2021",2,2,3,3,3,4,5,5,6,9,12,9,13,7,3,3,3,4,3,4,5,4,3,2
"27-08-2021",4,4,3,5,5,6,6,8,5,8,9,6,6,5,2,3,3,3,4,4,3,3,5,6
"28-08-2021",6,5,5,6,6,6,5,6,5,6,9,8,7,12,16,5,5,3,4,3,3,2,2,3
"29-08-2021",4,3,3,3,3,5,5,6,9,7,8,5,7,6,5,6,5,3,5,4,3,4,7,6
"30-08-2021",6,8,7,7,9,11,10,11,9,8,8,4,4,5,5,6,3,3,2,2,2,2,2,3
"31-08-2021",3,4,6,10,15,38,34,25,13,17,9,5,5,6,6,4,3,3,3,2,2,2,3,3
"01-09-2021",3,5,12,10,11,13,22,16,17,15,9,5,3,6,6,5,3,3,2,3,2,2,2,2
"02-09-2021",3,3,4,4,4,3,3,4,3,3,3,4,4,5,4,2,3,4,4,4,4,3,4,4
"03-09-2021",4,5,4,4,3,3,6,15,7,5,4,4,5,3,4,4,4,4,3,3,3,2,2,2
"04-09-2021",2,3,2,4,5,5,3,4,4,3,5,3,6,6,5,6,5,4,5,6,6,5,5,6
"05-09-2021",6,5,7,7,4,5,4,3,4,5,7,6,6,8,8,6,5,5,4,3,4,4,3,5
"06-09-2021",7,7,14,14,12,10,6,5,5,7,4,3,4,3,3,3,3,3,4,3,4,2,3,3
"07-09-2021",2,3,3,3,2,2,4,4,3,3,3,3,3,3,3,2,2,2,2,2,2,2,2,3
"08-09-2021",3,4,4,4,4,4,4,4,3,3,3,3,3,4,3,3,3,4,4,4,3,2,2,2
"09-09-2021",3,3,4,5,5,5,6,8,5,4,5,5,5,4,4,4,8,7,6,6,5,6,6,6
"10-09-2021",4,5,6,5,5,5,6,7,12,11,11,9,7,8,5,6,5,4,4,4,3,3,3,3
"11-09-2021",3,3,3,3,3,3,4,5,5,4,4,3,3,4,4,3,3,3,3,2,3,4,4,4
"12-09-2021",5,5,4,5,7,8,8,8,9,12,12,9,7,6,5,5,5,4,4,6,7,7,13,17
"13-09-2021",19,21,13,13,12,17,18,23,10,9,7,6,6,5,6,6,5,2,4,5,4,4,8,12
"14-09-2021",24,26,23,20,25,16,8,27,22,15,7,6,5,5,4,4,5,5,6,6,3,4,7,11
"15-09-2021",21,14,14,9,6,5,7,5,6,13,17,16,10,16,12,8,6,5,4,4,5,5,3,4
"16-09-2021",4,4,5,6,7,8,10,11,14,22,20,9,13,20,15,6,5,5,4,3,3,3,5,5
"17-09-2021",7,7,6,6,6,6,8,12,11,8,10,10,12,11,9,5,4,3,4,3,4,2,3,2
"18-09-2021",2,3,3,4,4,4,5,5,5,6,11,7,5,10,11,9,7,8,7,12,16,22,9,5
"19-09-2021",7,7,6,5,6,5,10,14,11,10,8,6,9,13,7,3,4,3,4,6,4,4,4,3
"20-09-2021",3,3,5,7,7,8,9,10,8,10,11,10,4,8,8,7,4,5,5,6,5,7,5,5
"21-09-2021",6,5,3,4,4,4,4,7,9,6,6,4,5,10,8,11,5,4,3,3,4,3,4,3
"22-09-2021",2,3,3,3,3,3,3,4,5,5,4,3,3,4,4,5,6,6,7,6,6,6,6,7
"23-09-2021",10,7,5,5,4,3,4,4,4,6,6,5,3,3,3,3,5,4,3,3,2,2,3,3
"24-09-2021",3,3,3,9,11,13,16,14,12,17,12,11,10,13,10,10,17,12,10,8,6,4,5,6
"25-09-2021",6,5,6,5,6,6,7,7,9,12,17,16,12,12,11,9,7,5,5,4,4,3,3,3
"26-09-2021",5,5,6,4,5,5,7,9,7,9,9,17,11,15,5,8,11,8,12,7,8,13,8,5
"27-09-2021",8,8,7,8,9,12,15,19,21,16,17,12,12,24,21,19,12,9,9,6,7,9,5,5
"28-09-2021",4,7,6,7,7,8,8,7,7,7,8,7,8,9,4,6,6,5,7,7,6,7,6,5
"29-09-2021",5,4,4,3,3,4,5,4,5,5,4,5,4,5,4,5,4,4,4,4,3,4,3,4
"30-09-2021",3,4,3,4,4,4,4,5,4,4,4,4,3,4,4,4,3,4,4,3,3,4,4,5
"01-10-2021",8,5,4,4,3,3,3,3,2,3,4,4,4,3,3,4,3,4,3,3,3,2,3,2
"02-10-2021",3,4,3,3,3,3,4,4,5,5,4,4,4,4,4,4,4,4,4,4,4,4,7,7
"03-10-2021",12,12,15,14,9,7,6,6,5,6,6,4,3,4,4,5,8,6,5,3,4,5,15,12
"04-10-2021",6,13,17,12,11,9,9,10,7,8,7,6,5,6,5,5,5,12,10,8,7,7,6,5
"05-10-2021",7,5,15,12,7,8,9,8,14,14,11,10,9,8,8,7,7,8,8,8,8,8,7,7
"06-10-2021",6,7,7,7,11,7,6,6,6,7,6,6,4,7,5,8,6,8,7,6,6,6,5,5
"07-10-2021",5,6,4,5,6,6,9,9,9,11,7,6,6,5,5,4,5,6,5,6,5,5,5,4
"08-10-2021",5,5,5,4,4,5,5,5,6,6,5,4,4,4,3,4,4,5,6,5,5,4,4,4
"09-10-2021",4,4,4,4,3,4,4,5,4,4,4,4,4,4,3,4,4,3,3,3,3,3,3,3
"10-10-2021",2,3,3,3,3,3,4,4,2,3,3,4,4,3,3,3,3,3,4,4,3,4,4,4
"11-10-2021",4,4,4,4,3,3,4,4,5,5,6,6,5,5,5,4,4,4,5,5,5,6,6,6
"12-10-2021",4,5,4,5,6,6,8,8,8,9,8,8,9,11,11,11,11,12,8,8,8,8,9,7
"13-10-2021",8,8,7,8,6,7,7,8,8,8,11,14,11,9,7,6,6,7,6,5,5,5,5,5
"14-10-2021",5,5,5,5,5,5,6,7,5,5,5,5,4,5,6,7,7,6,7,6,6,6,6,6
"15-10-2021",6,5,5,5,5,5,5,6,6,5,3,5,5,6,5,5,5,5,5,5,5,5,5,5
"16-10-2021",4,5,5,6,5,6,7,10,12,11,12,10,21,27,22,15,14,18,16,11,10,9,7,7
"17-10-2021",9,7,6,6,7,7,8,6,6,6,7,6,8,8,8,7,7,6,6,4,5,6,5,5
"18-10-2021",5,5,6,5,6,6,6,6,7,7,6,6,7,7,7,7,6,7,7,6,6,6,6,6
"19-10-2021",6,6,5,5,5,5,5,5,6,6,6,7,7,6,7,7,7,6,6,6,6,6,6,7
"20-10-2021",6,5,7,8,9,12,10,10,10,10,11,10,10,10,7,8,8,7,7,7,8,7,7,7
"21-10-2021",8,8,6,6,5,7,9,9,11,10,13,13,12,14,16,20,16,11,9,8,8,9,9,7
"22-10-2021",9,9,8,8,8,8,10,10,11,11,9,8,9,10,9,11,8,8,8,8,7,8,7,6
"23-10-2021",9,8,7,7,7,7,7,7,8,7,14,13,11,11,13,10,9,8,8,7,7,7,6,7
"24-10-2021",5,5,6,6,7,6,6,6,6,6,6,6,7,9,8,12,11,9,8,5,6,7,6,6
"25-10-2021",7,6,5,5,5,5,5,5,6,6,5,7,6,6,6,7,6,5,5,7,7,7,7,6
"26-10-2021",5,5,6,6,6,7,7,8,6,8,6,7,8,8,6,6,8,8,8,7,7,7,7,9
"27-10-2021",12,9,13,11,9,11,12,11,11,17,14,10,9,9,-9999,-9999,6,5,5,5,5,5,5,5
"28-10-2021",4,5,6,6,6,5,5,6,6,6,6,5,4,5,5,5,5,5,5,5,5,2,5,7
"29-10-2021",6,5,5,5,5,5,7,7,8,7,7,7,6,6,5,5,5,4,5,5,5,5,6,9
"30-10-2021",8,7,8,10,10,9,13,15,11,11,11,11,12,11,10,10,9,8,7,6,6,7,11,11
"31-10-2021",11,9,8,9,9,8,7,9,15,11,10,8,7,7,7,7,6,6,6,6,7,6,6,9
"01-11-2021",16,18,11,9,8,9,10,9,10,13,18,19,13,13,15,14,12,10,10,9,8,8,8,8
"02-11-2021",9,7,7,6,7,6,6,7,6,6,7,7,7,7,7,7,7,7,8,8,8,9,8,8
"03-11-2021",8,10,8,7,7,9,9,10,10,12,13,13,11,11,12,9,9,8,7,7,8,8,8,8
"04-11-2021",9,8,7,7,7,7,7,8,9,8,6,7,7,6,6,7,4,6,6,6,6,6,7,7
"05-11-2021",5,6,6,5,6,6,7,8,7,6,6,6,6,5,6,5,4,6,6,5,6,5,5,6
"06-11-2021",6,8,8,7,7,7,6,7,7,7,10,11,12,11,12,12,11,10,11,11,10,11,11,11
"07-11-2021",9,9,9,9,11,14,15,15,14,14,14,14,14,11,13,15,15,13,12,15,16,14,12,12
"08-11-2021",12,11,9,7,8,10,11,11,12,12,12,11,11,11,11,10,10,10,10,9,9,9,9,9
"09-11-2021",8,8,8,8,8,9,10,11,10,10,11,13,16,17,16,15,14,12,11,12,11,11,10,10
"10-11-2021",10,10,10,10,10,8,7,9,10,10,9,10,10,10,11,10,10,10,10,9,10,10,10,10
"11-11-2021",13,13,12,15,14,14,15,16,16,13,17,15,13,13,15,20,20,19,18,20,17,19,19,23
"12-11-2021",-9999,-9999,-9999,-9999,-9999,-9999,-9999,-9999,-9999,-9999,-9999,-9999,-9999,-9999,-9999,-9999,-9999,-9999,-9999,-9999,-9999,-9999,-9999,-9999
"13-11-2021",-9999,-9999,-9999,-9999,-9999,-9999,-9999,-9999,-9999,-9999,-9999,-9999,-9999,-9999,-9999,-9999,-9999,-9999,-9999,-9999,-9999,-9999,-9999,-9999
"14-11-2021",-9999,-9999,-9999,-9999,-9999,-9999,-9999,-9999,-9999,-9999,-9999,-9999,-9999,-9999,-9999,-9999,-9999,-9999,-9999,-9999,-9999,-9999,-9999,-9999
"15-11-2021",-9999,-9999,-9999,-9999,-9999,-9999,-9999,-9999,-9999,-9999,-9999,-9999,-9999,-9999,-9999,-9999,-9999,-9999,-9999,-9999,-9999,-9999,-9999,-9999
"16-11-2021",-9999,-9999,-9999,-9999,-9999,-9999,-9999,-9999,-9999,-9999,-9999,-9999,-9999,-9999,-9999,-9999,-9999,-9999,-9999,-9999,-9999,-9999,-9999,-9999
"17-11-2021",-9999,-9999,-9999,-9999,-9999,-9999,-9999,-9999,-9999,-9999,-9999,-9999,-9999,-9999,-9999,-9999,-9999,-9999,-9999,-9999,-9999,-9999,-9999,-9999
"18-11-2021",-9999,-9999,-9999,-9999,-9999,-9999,-9999,-9999,-9999,-9999,-9999,-9999,-9999,-9999,-9999,-9999,-9999,-9999,-9999,-9999,-9999,-9999,-9999,-9999
"19-11-2021",-9999,-9999,-9999,-9999,-9999,-9999,-9999,-9999,-9999,-9999,-9999,-9999,-9999,-9999,-9999,-9999,-9999,-9999,-9999,-9999,-9999,-9999,-9999,-9999
"20-11-2021",-9999,-9999,-9999,-9999,-9999,-9999,-9999,-9999,-9999,-9999,-9999,-9999,-9999,-9999,-9999,-9999,-9999,-9999,-9999,-9999,-9999,-9999,-9999,-9999
"21-11-2021",-9999,-9999,-9999,-9999,-9999,-9999,-9999,-9999,-9999,-9999,-9999,-9999,-9999,-9999,-9999,-9999,-9999,-9999,-9999,-9999,-9999,-9999,-9999,-9999
"22-11-2021",-9999,-9999,-9999,-9999,-9999,-9999,-9999,-9999,-9999,-9999,-9999,-9999,-9999,-9999,-9999,-9999,-9999,-9999,-9999,-9999,-9999,-9999,-9999,-9999
"23-11-2021",-9999,-9999,-9999,-9999,-9999,-9999,-9999,-9999,-9999,-9999,-9999,-9999,-9999,-9999,-9999,-9999,-9999,-9999,-9999,-9999,-9999,-9999,-9999,-9999
"24-11-2021",-9999,-9999,-9999,-9999,-9999,-9999,-9999,-9999,-9999,-9999,-9999,-9999,-9999,-9999,-9999,-9999,-9999,-9999,-9999,-9999,-9999,-9999,-9999,-9999
"25-11-2021",-9999,-9999,-9999,-9999,-9999,-9999,-9999,-9999,-9999,-9999,-9999,-9999,-9999,8,6,5,6,5,5,5,5,5,4,4
"26-11-2021",3,4,4,4,3,4,5,5,5,5,5,4,4,4,4,5,5,6,8,7,8,8,7,7
"27-11-2021",6,6,6,6,5,7,6,7,6,6,7,6,6,5,5,3,5,4,5,5,5,5,4,5
"28-11-2021",5,5,4,4,3,2,4,5,5,6,6,5,5,5,5,4,3,3,3,3,4,3,4,3
"29-11-2021",3,4,4,3,4,4,5,6,6,5,5,6,5,5,5,5,7,6,8,7,7,6,5,4
"30-11-2021",5,5,4,4,5,4,5,6,7,8,5,5,6,5,4,6,7,5,6,6,6,13,6,8
"01-12-2021",14,11,19,15,13,10,12,17,8,8,12,9,7,6,7,7,6,8,6,6,7,8,5,4
"02-12-2021",5,4,3,3,3,5,6,6,10,11,10,8,6,6,6,5,4,4,4,4,3,3,4,4
"03-12-2021",2,3,4,4,4,5,6,5,5,5,4,4,4,3,2,4,4,4,4,4,4,4,4,4
"04-12-2021",4,4,3,3,4,5,5,5,4,4,4,3,4,2,4,4,4,4,2,4,4,5,4,4
"05-12-2021",4,4,4,5,5,3,4,5,5,7,7,9,12,10,6,7,7,6,6,9,9,7,5,6
"06-12-2021",7,5,6,6,6,6,6,7,7,5,4,5,5,5,4,5,4,3,3,4,4,4,4,3
"07-12-2021",3,4,5,4,4,4,4,5,5,5,5,6,7,7,7,8,7,9,7,7,7,8,6,5
"08-12-2021",5,4,4,5,5,6,7,8,8,10,10,15,9,7,5,6,6,5,6,5,8,14,5,5
"09-12-2021",4,4,4,4,3,4,6,8,10,11,13,9,6,5,5,5,5,4,4,4,4,4,4,4
"10-12-2021",4,3,3,3,3,3,3,4,5,7,6,11,10,6,7,9,9,7,8,7,5,5,4,3
"11-12-2021",4,3,2,3,2,3,3,3,3,3,3,3,3,4,4,4,4,4,4,3,3,4,3,4
"12-12-2021",4,4,5,7,4,3,3,3,2,3,4,5,4,5,4,4,2,2,2,5,5,7,7,7
"13-12-2021",6,5,6,5,6,7,7,7,7,8,7,6,8,8,7,7,4,5,5,4,3,5,6,7
"14-12-2021",5,7,4,5,5,8,9,11,7,13,6,5,5,6,6,4,4,3,4,4,4,5,3,3
"15-12-2021",4,3,4,5,6,6,7,8,7,6,5,6,7,6,5,5,6,5,6,5,9,8,6,6
"16-12-2021",5,3,5,6,6,6,7,11,7,11,8,7,6,10,10,9,8,6,7,7,7,8,13,19
"17-12-2021",17,8,11,9,8,13,9,11,10,13,15,13,12,9,8,8,8,9,9,12,14,16,11,8
"18-12-2021",11,8,5,4,4,6,4,7,6,6,5,5,5,5,3,4,4,4,4,4,3,3,3,3
"19-12-2021",2,3,3,2,3,3,3,4,5,6,6,6,7,9,10,10,9,9,7,8,7,9,11,24
"20-12-2021",9,9,9,8,8,9,11,17,15,21,17,13,12,9,10,9,8,9,10,12,15,16,15,12
"21-12-2021",11,10,8,4,3,4,4,5,6,7,9,7,6,7,10,8,7,6,7,7,8,8,6,6
"22-12-2021",6,5,5,5,4,5,5,7,7,7,7,8,7,8,7,8,6,5,4,4,6,5,6,4
"23-12-2021",4,5,6,6,6,7,7,9,6,7,8,7,6,7,9,8,8,-9999,-9999,2,6,7,7,6
"24-12-2021",6,6,5,5,5,7,6,8,10,13,16,16,19,15,13,14,10,8,8,8,8,9,9,8
"25-12-2021",7,5,8,9,8,8,8,6,6,15,14,11,10,10,8,11,8,7,7,8,9,11,10,8
"26-12-2021",8,7,6,6,5,6,7,5,6,9,10,9,6,8,9,6,3,4,4,4,4,4,4,3
"27-12-2021",3,3,3,3,3,3,3,4,4,3,2,4,4,4,4,3,3,4,4,5,5,6,5,4
"28-12-2021",4,3,3,2,3,3,2,3,3,4,4,3,3,3,4,3,3,4,4,3,3,3,4,3
"29-12-2021",3,3,4,5,5,5,6,7,7,6,7,7,7,7,10,8,8,7,7,7,8,8,8,8
"30-12-2021",7,6,5,7,6,6,8,7,7,8,6,6,10,10,10,10,7,8,7,9,7,7,4,6
"31-12-2021",5,5,4,4,5,4,4,3,4,3,4,4,5,6,5,5,5,4,4,5,10,7,7,6
"01-01-2022",6,7,6,6,5,5,5,4,5,7,11,9,15,15,13,53,24,11,7,8,10,8,9,8
"02-01-2022",8,8,9,9,9,9,8,10,8,10,10,10,9,8,8,7,7,7,6,8,9,9,9,9
"03-01-2022",10,10,10,11,9,13,13,13,14,17,18,16,17,18,19,17,12,10,9,9,8,7,6,7
"04-01-2022",6,7,7,7,7,9,10,10,11,14,21,24,18,16,14,13,13,12,12,12,13,15,11,10
"05-01-2022",10,10,8,8,8,8,10,10,12,14,16,17,16,18,16,12,9,6,7,8,9,9,11,11
"06-01-2022",12,11,12,12,13,12,12,13,13,14,14,11,10,10,10,8,8,8,8,7,6,6,6,6
"07-01-2022",7,6,5,6,6,6,6,7,7,7,7,7,6,6,8,7,6,6,6,6,7,8,8,8
"08-01-2022",8,7,7,7,5,4,6,8,8,8,9,8,8,8,8,8,7,7,7,9,10,10,10,11
"09-01-2022",11,10,9,8,8,8,8,8,9,9,9,9,9,9,8,8,9,9,10,10,10,11,11,10
"10-01-2022",9,10,10,11,11,11,12,13,14,14,14,14,14,14,15,14,13,12,12,10,11,11,11,11
"11-01-2022",12,10,9,9,8,9,9,10,10,11,12,12,11,11,11,12,11,10,10,9,12,10,10,9
"12-01-2022",7,9,8,8,8,6,7,6,-9999,-9999,-9999,-9999,-9999,-9999,-9999,-9999,-9999,-9999,-9999,-9999,-9999,-9999,-9999,-9999
"13-01-2022",-9999,-9999,-9999,-9999,-9999,-9999,-9999,-9999,-9999,-9999,-9999,-9999,-9999,-9999,-9999,-9999,-9999,-9999,-9999,-9999,-9999,-9999,-9999,-9999
"14-01-2022",-9999,-9999,-9999,-9999,-9999,-9999,-9999,-9999,-9999,-9999,-9999,-9999,-9999,-9999,-9999,-9999,-9999,-9999,-9999,-9999,-9999,-9999,-9999,-9999
"15-01-2022",-9999,-9999,-9999,-9999,-9999,-9999,-9999,-9999,-9999,-9999,-9999,-9999,-9999,-9999,-9999,-9999,-9999,-9999,-9999,-9999,-9999,-9999,-9999,-9999
"16-01-2022",-9999,-9999,-9999,-9999,-9999,-9999,-9999,-9999,-9999,-9999,-9999,-9999,-9999,-9999,-9999,-9999,-9999,-9999,-9999,-9999,-9999,-9999,-9999,-9999
"17-01-2022",-9999,-9999,-9999,-9999,-9999,-9999,-9999,-9999,-9999,-9999,-9999,-9999,-9999,-9999,-9999,-9999,-9999,-9999,-9999,-9999,-9999,-9999,-9999,-9999
"18-01-2022",-9999,-9999,-9999,-9999,-9999,-9999,-9999,-9999,-9999,-9999,-9999,-9999,-9999,-9999,-9999,-9999,-9999,-9999,-9999,-9999,-9999,-9999,-9999,-9999
"19-01-2022",-9999,-9999,-9999,-9999,-9999,-9999,-9999,-9999,-9999,-9999,-9999,-9999,-9999,-9999,-9999,-9999,-9999,-9999,-9999,-9999,-9999,-9999,-9999,-9999
"20-01-2022",-9999,-9999,-9999,-9999,-9999,-9999,-9999,-9999,-9999,-9999,-9999,-9999,-9999,-9999,-9999,-9999,-9999,-9999,-9999,-9999,-9999,-9999,-9999,-9999
"21-01-2022",-9999,-9999,-9999,-9999,-9999,-9999,-9999,-9999,-9999,-9999,-9999,-9999,-9999,-9999,-9999,-9999,-9999,-9999,-9999,-9999,-9999,-9999,-9999,-9999
"22-01-2022",-9999,-9999,-9999,-9999,-9999,-9999,-9999,-9999,-9999,-9999,-9999,-9999,-9999,-9999,-9999,-9999,-9999,-9999,-9999,-9999,-9999,-9999,-9999,-9999
"23-01-2022",-9999,-9999,-9999,-9999,-9999,-9999,-9999,-9999,-9999,-9999,-9999,-9999,-9999,-9999,-9999,-9999,-9999,-9999,-9999,-9999,-9999,-9999,-9999,-9999
"24-01-2022",-9999,-9999,-9999,-9999,-9999,-9999,-9999,-9999,-9999,-9999,-9999,-9999,-9999,-9999,-9999,-9999,-9999,-9999,-9999,-9999,-9999,-9999,-9999,-9999
"25-01-2022",-9999,-9999,-9999,-9999,-9999,-9999,-9999,-9999,-9999,-9999,-9999,-9999,-9999,-9999,-9999,-9999,-9999,-9999,-9999,-9999,-9999,-9999,-9999,-9999
"26-01-2022",-9999,-9999,-9999,-9999,-9999,-9999,-9999,-9999,-9999,-9999,-9999,-9999,-9999,-9999,-9999,-9999,-9999,-9999,-9999,-9999,-9999,-9999,-9999,-9999
"27-01-2022",-9999,-9999,-9999,-9999,-9999,-9999,-9999,-9999,-9999,-9999,-9999,-9999,-9999,-9999,-9999,-9999,-9999,-9999,-9999,-9999,-9999,-9999,-9999,-9999
"28-01-2022",-9999,-9999,-9999,-9999,-9999,-9999,-9999,-9999,-9999,-9999,-9999,-9999,-9999,-9999,-9999,-9999,-9999,-9999,-9999,-9999,-9999,-9999,-9999,-9999
"29-01-2022",-9999,-9999,-9999,-9999,-9999,-9999,-9999,-9999,-9999,-9999,-9999,-9999,-9999,-9999,-9999,-9999,-9999,-9999,-9999,-9999,-9999,-9999,-9999,-9999
"30-01-2022",-9999,-9999,-9999,-9999,-9999,-9999,-9999,-9999,-9999,-9999,-9999,-9999,-9999,-9999,-9999,-9999,-9999,-9999,-9999,-9999,-9999,-9999,-9999,-9999
"31-01-2022",-9999,-9999,-9999,-9999,-9999,-9999,-9999,-9999,-9999,-9999,-9999,-9999,-9999,-9999,-9999,-9999,-9999,-9999,-9999,-9999,-9999,-9999,-9999,-9999
"01-02-2022",-9999,-9999,-9999,-9999,-9999,-9999,-9999,-9999,-9999,-9999,-9999,-9999,-9999,6,6,6,5,5,5,5,3,5,4,4
"02-02-2022",4,4,4,3,4,3,4,3,4,3,3,4,4,5,4,5,4,5,5,7,8,6,5,5
"03-02-2022",2,4,4,4,4,4,4,5,5,5,6,9,5,5,5,5,4,3,4,3,5,4,4,5
"04-02-2022",5,9,8,9,6,6,7,10,11,15,7,11,10,8,8,8,6,6,5,2,5,9,13,14
"05-02-2022",13,12,12,12,12,13,14,14,14,20,20,20,17,20,16,14,13,10,8,8,11,16,15,13
"06-02-2022",13,13,14,13,13,13,13,12,12,14,18,17,14,15,13,13,11,8,7,7,7,10,11,11
"07-02-2022",12,9,10,11,10,12,12,14,15,17,16,18,24,22,22,17,22,17,15,16,12,13,11,9
"08-02-2022",10,9,9,8,8,7,8,7,6,5,6,8,6,6,5,5,7,5,5,5,6,4,4,6
"09-02-2022",4,4,4,5,6,9,12,12,10,10,7,9,8,6,9,9,5,6,10,10,9,8,7,6
"10-02-2022",7,6,7,5,5,6,7,10,14,19,17,10,9,6,6,5,5,5,6,6,11,11,9,7
"11-02-2022",7,8,8,8,11,16,15,16,17,19,26,30,24,25,19,16,19,13,9,8,9,11,13,12
"12-02-2022",13,14,13,12,14,15,15,15,17,20,25,19,15,14,11,11,9,7,6,5,7,8,8,8
"13-02-2022",6,7,6,5,8,9,9,9,10,8,6,7,7,9,8,7,6,4,4,4,4,5,4,4
"14-02-2022",6,5,5,5,6,7,8,7,8,10,10,8,9,9,8,8,7,6,5,6,5,5,5,4
"15-02-2022",7,7,7,7,8,10,9,10,11,15,14,14,18,32,22,22,19,11,8,8,10,11,11,12
"16-02-2022",12,12,11,11,10,11,12,12,14,17,18,18,15,15,12,9,8,8,7,7,6,6,6,6
"17-02-2022",4,4,4,4,4,6,6,7,8,9,8,6,6,6,6,6,6,5,5,5,7,6,7,9
"18-02-2022",10,11,12,12,12,14,16,16,14,16,22,19,16,15,12,11,10,10,10,13,16,25,30,29
"19-02-2022",15,17,23,12,9,10,11,11,10,13,13,12,11,10,8,8,8,6,6,6,6,6,5,6
"20-02-2022",8,8,8,8,9,9,9,10,11,11,12,11,12,11,11,12,12,13,12,14,13,12,9,9
"21-02-2022",7,6,8,5,4,8,9,9,11,12,15,16,20,21,18,15,17,13,11,10,8,10,10,9
"22-02-2022",9,10,9,9,9,9,9,11,12,13,17,14,12,11,11,10,9,8,8,9,10,13,12,10
"23-02-2022",14,13,12,10,9,8,8,8,8,8,8,13,14,14,16,14,11,7,6,7,11,9,8,9
"24-02-2022",8,6,10,11,9,10,12,13,11,8,11,9,7,6,5,5,5,4,4,4,6,5,3,4
"25-02-2022",3,2,3,5,6,5,8,11,11,15,12,5,9,7,7,9,13,15,15,6,6,6,7,8
"26-02-2022",9,8,7,7,8,10,10,10,11,13,11,10,9,10,8,7,6,6,5,7,6,6,7,8
"27-02-2022",8,7,7,7,5,4,4,4,3,3,4,4,3,3,4,9,8,4,3,5,7,8,5,6
"28-02-2022",6,5,6,5,5,6,7,8,8,7,13,11,8,8,6,6,2,5,6,5,5,4,4,3
"01-03-2022",3,4,3,3,3,4,4,4,6,7,9,9,10,9,9,8,7,7,6,5,5,5,5,4
"02-03-2022",4,4,4,3,3,3,3,4,4,3,3,5,5,6,6,7,6,8,6,5,6,5,5,5
"03-03-2022",7,4,4,6,7,6,10,18,17,16,8,9,10,7,6,7,7,7,8,9,8,7,6,5
"04-03-2022",6,7,6,7,6,9,8,8,13,14,15,13,11,10,9,8,6,5,6,6,7,6,10,12
"05-03-2022",11,9,10,10,10,10,11,11,12,13,14,17,18,12,11,11,9,8,8,9,10,8,8,8
"06-03-2022",10,10,9,9,9,9,9,10,9,9,9,10,10,10,12,12,10,10,9,9,10,8,8,8
"07-03-2022",9,7,6,6,7,8,7,7,7,8,9,9,8,7,7,9,14,9,8,6,7,6,8,7
"08-03-2022",8,9,9,8,7,7,9,9,9,12,12,9,9,9,12,11,9,8,6,6,6,6,5,5
"09-03-2022",4,3,5,5,5,5,6,5,6,6,7,7,5,5,6,6,6,6,6,6,9,6,6,6
"10-03-2022",7,6,5,4,6,6,5,9,10,6,4,4,5,4,3,7,5,5,4,5,7,8,6,5
"11-03-2022",5,6,4,3,5,3,5,5,5,5,6,7,6,5,5,5,4,4,5,5,5,5,4,15
"12-03-2022",12,5,6,6,6,6,10,7,6,6,5,7,6,7,6,5,4,5,4,4,4,4,4,6
"13-03-2022",5,7,8,4,7,14,9,10,14,20,17,8,11,9,6,4,4,5,5,5,5,7,8,9
"14-03-2022",8,8,6,6,6,8,7,6,8,7,6,4,4,5,5,4,5,5,5,6,6,8,8,9
"15-03-2022",7,9,11,8,9,9,15,12,17,13,6,7,9,13,11,11,6,7,9,10,10,19,19,15
"16-03-2022",13,12,12,14,10,12,13,14,17,20,24,21,20,21,17,15,11,9,8,9,10,12,9,7
"17-03-2022",6,5,6,7,8,8,8,10,12,15,14,15,10,10,10,9,7,8,7,7,6,7,6,5
"18-03-2022",5,4,3,3,3,2,3,3,3,3,3,3,3,3,2,3,3,3,2,3,4,5,-9999,3
"19-03-2022",3,2,-9999,4,2,2,2,2,2,2,2,2,2,2,2,2,2,2,2,2,2,2,2,2
"20-03-2022",2,2,2,2,2,2,2,2,2,2,2,2,2,2,2,2,2,3,2,2,3,2,2,3
"21-03-2022",3,2,2,2,2,2,2,2,2,2,2,2,2,2,2,2,2,6,3,2,3,2,2,2
"22-03-2022",2,4,6,3,4,4,6,5,5,4,2,2,4,5,5,4,3,3,3,5,3,3,3,3
"23-03-2022",3,3,3,2,2,2,3,2,3,3,2,2,2,2,2,2,3,4,5,5,5,13,13,10
"24-03-2022",14,25,10,10,8,7,7,11,7,6,2,2,2,3,4,3,3,3,7,7,13,14,11,9
"25-03-2022",11,15,14,13,11,12,16,15,9,12,13,14,14,10,12,12,8,9,9,9,11,9,7,8
"26-03-2022",10,11,11,14,9,7,16,38,16,5,4,4,4,5,4,4,4,5,5,5,3,3,3,3
"27-03-2022",5,5,6,5,6,2,6,6,-9999,14,16,19,24,30,32,21,15,10,7,6,5,4,5,4
"28-03-2022",7,8,7,8,7,2,5,6,7,8,10,12,13,16,21,22,14,15,11,9,9,8,8,8
"29-03-2022",11,11,10,10,8,3,7,10,10,10,14,15,12,13,14,14,12,11,9,9,8,9,9,8
"30-03-2022",11,13,11,11,9,4,8,10,15,16,17,19,37,31,18,14,9,9,8,7,6,6,5,5
"31-03-2022",7,8,7,7,2,2,3,4,3,4,4,4,3,3,3,4,3,2,4,3,3,3,3,3
"01-04-2022",5,7,6,4,2,2,3,3,3,3,4,4,4,5,4,4,4,4,3,4,4,5,4,4
"02-04-2022",6,7,5,4,2,2,3,6,3,6,15,15,12,8,6,8,11,9,10,5,8,9,8,8
"03-04-2022",7,8,7,9,2,5,6,7,6,7,7,7,8,8,9,9,9,9,7,9,7,7,5,4
"04-04-2022",6,7,10,7,11,3,6,11,11,14,15,13,10,13,9,8,5,4,6,8,9,7,7,6
"05-04-2022",8,8,8,7,5,2,4,4,5,5,6,6,6,8,9,8,8,8,7,6,6,6,5,6
"06-04-2022",8,9,8,9,7,2,3,6,6,7,11,11,10,11,8,8,6,6,5,5,4,4,4,3
"07-04-2022",5,5,5,5,2,2,4,4,4,4,5,4,5,4,4,6,8,10,7,8,12,10,8,6
"08-04-2022",8,8,7,6,2,2,5,7,7,-9999,-9999,-9999,10,10,9,11,9,8,9,8,7,9,9,10
"09-04-2022",10,11,10,10,2,4,6,9,9,12,10,10,13,14,10,10,10,8,9,8,8,7,7,5
"10-04-2022",9,11,9,8,3,7,8,11,12,14,17,16,12,15,11,9,11,11,9,9,10,11,8,7
"11-04-2022",8,8,7,7,8,2,5,8,6,5,7,7,8,7,7,6,5,5,4,5,5,6,4,6
"12-04-2022",9,10,8,9,5,7,11,12,9,16,15,13,8,-9999,7,5,5,3,4,3,3,2,2,2
"13-04-2022",3,5,4,3,2,2,3,4,7,5,7,6,4,4,5,4,3,3,2,2,2,2,2,2
"14-04-2022",3,3,2,3,2,2,4,6,9,11,11,7,7,6,7,5,5,6,5,5,5,5,5,6
"15-04-2022",7,16,12,10,14,4,6,11,16,17,9,4,5,5,8,11,10,13,20,10,7,6,5,5
"16-04-2022",9,12,14,15,7,9,13,17,17,43,28,46,37,33,13,12,11,9,10,10,11,13,12,12
"17-04-2022",12,12,13,12,2,6,6,6,6,5,6,6,5,6,6,6,5,4,5,5,5,5,5,5
"18-04-2022",6,7,6,5,5,2,2,3,4,3,4,4,4,4,3,4,4,4,4,4,3,4,4,3
"19-04-2022",4,5,4,4,4,5,2,2,4,5,5,7,8,10,8,5,5,5,3,2,2,2,2,2
"20-04-2022",3,4,4,3,4,2,2,4,5,7,8,10,33,19,11,6,5,4,3,3,3,3,3,3
"21-04-2022",6,6,5,4,2,2,4,5,8,10,14,12,12,17,13,10,3,8,7,5,4,2,3,4
"22-04-2022",5,6,5,5,2,2,3,5,5,3,4,3,4,4,4,4,4,4,3,3,2,2,2,2
"23-04-2022",4,5,4,2,2,2,3,4,5,8,13,17,25,29,19,15,12,9,8,6,4,4,5,4
"24-04-2022",6,9,9,8,2,6,7,7,14,25,26,20,29,54,26,13,12,13,9,6,6,5,4,4
"25-04-2022",8,12,11,8,2,5,5,6,6,9,19,16,17,14,9,6,5,6,6,5,5,5,6,6
"26-04-2022",9,13,12,5,8,8,7,8,9,21,12,13,23,22,16,8,9,9,10,7,5,5,6,6
"27-04-2022",12,13,15,11,8,11,12,12,15,36,61,56,46,47,23,22,16,15,15,12,10,11,10,12
"28-04-2022",17,17,17,8,14,23,23,23,25,37,41,21,9,8,8,15,9,6,8,7,8,7,7,7
"29-04-2022",10,12,20,13,15,15,12,19,10,6,4,3,4,5,5,6,6,8,10,5,6,14,13,12
"30-04-2022",14,17,19,33,16,14,7,7,6,6,9,7,4,3,3,3,3,3,5,5,4,4,5,4
"01-05-2022",6,9,10,4,5,12,10,11,16,16,7,4,3,3,3,2,2,3,3,2,2,3,3,3
"02-05-2022",4,6,5,2,2,4,5,4,5,5,5,4,4,4,4,4,3,3,3,5,5,5,6,5
"03-05-2022",8,8,6,8,5,9,11,13,12,13,14,11,10,12,9,8,6,5,4,4,4,4,4,3
"04-05-2022",5,6,5,4,2,2,2,3,4,3,3,4,4,-9999,-9999,8,6,4,3,3,3,3,3,2
"05-05-2022",3,3,2,2,2,2,3,4,10,15,19,16,20,22,9,7,6,6,4,3,3,3,2,2
"06-05-2022",5,6,4,2,2,3,4,5,8,7,9,14,18,16,9,6,5,4,4,2,2,2,2,2
"07-05-2022",3,4,2,2,2,2,9,8,7,7,2,2,2,2,2,2,6,8,2,2,2,2,2,2
"08-05-2022",3,3,3,2,5,12,11,10,11,13,10,6,4,11,13,6,5,4,2,8,7,7,9,8
"09-05-2022",9,7,9,6,2,5,8,16,9,4,2,2,2,2,2,3,4,4,7,8,5,4,4,3
"10-05-2022",4,4,7,15,15,9,9,21,8,5,2,2,2,2,2,2,3,4,4,7,6,8,5,9
"11-05-2022",9,22,8,8,5,3,9,18,11,11,9,6,3,4,2,3,5,4,5,8,10,7,7,4
"12-05-2022",7,10,5,2,2,4,2,14,25,27,32,21,27,37,17,10,7,4,5,6,8,7,5,5
"13-05-2022",6,6,4,2,5,12,9,11,11,18,15,19,28,29,25,8,14,12,7,7,7,6,5,4
"14-05-2022",3,3,2,2,2,3,3,3,2,2,2,2,3,3,3,3,3,2,2,3,2,2,2,3
"15-05-2022",2,3,2,4,11,15,14,21,38,15,13,34,32,16,9,5,5,6,6,4,7,6,7,6
"16-05-2022",5,4,4,4,2,4,4,5,5,5,7,7,11,15,5,5,4,3,2,4,4,4,3,3
"17-05-2022",3,3,2,4,5,6,7,8,10,6,12,17,23,35,15,10,7,7,5,4,5,4,4,4
"18-05-2022",5,5,4,4,3,3,4,5,4,5,5,5,9,5,3,2,4,3,3,3,3,4,3,2
"19-05-2022",3,3,2,2,2,3,3,2,2,2,2,2,2,2,3,2,2,3,2,2,3,4,4,4
"20-05-2022",2,5,7,4,3,3,4,8,7,5,3,3,3,3,2,3,3,3,3,3,3,3,10,10
"21-05-2022",12,9,7,7,7,12,9,23,15,6,5,4,3,3,8,6,6,6,8,6,7,6,6,6
"22-05-2022",3,4,4,4,5,5,8,14,18,35,33,11,9,6,4,5,4,4,5,7,8,9,11,10
"23-05-2022",18,16,11,9,8,8,8,8,14,11,11,19,20,20,15,7,6,6,6,5,5,5,5,5
"24-05-2022",5,5,4,4,4,5,4,5,5,7,6,5,8,9,4,2,3,4,4,3,3,4,5,4
"25-05-2022",8,9,8,8,7,7,8,10,13,10,17,35,53,20,9,8,8,9,8,7,6,5,6,5
"26-05-2022",5,4,3,3,3,3,4,3,4,5,7,10,23,34,7,5,4,4,4,3,3,4,5,7
"27-05-2022",9,7,8,7,6,7,6,6,8,12,16,12,20,25,14,11,10,7,6,5,4,3,3,4
"28-05-2022",4,4,4,4,4,4,3,4,5,4,4,3,4,4,4,4,4,4,4,4,4,4,4,4
"29-05-2022",5,4,5,4,3,4,3,3,4,4,3,3,2,3,3,2,3,4,4,6,7,7,5,5
"30-05-2022",4,4,5,4,2,2,3,5,3,4,4,4,4,6,6,5,4,4,3,3,3,3,3,3
"31-05-2022",4,3,3,3,4,5,6,9,13,13,13,9,11,14,7,5,4,4,5,4,4,4,4,4
"01-06-2022",4,5,5,5,8,10,11,10,11,16,14,13,32,23,14,9,8,6,5,5,5,5,4,4
"02-06-2022",11,8,7,13,18,14,16,31,38,18,9,-9999,-9999,3,4,4,2,4,6,5,4,4,7,6
"03-06-2022",4,3,3,3,3,3,3,3,3,3,3,3,3,5,4,4,3,3,3,3,3,2,3,3
"04-06-2022",5,5,6,4,4,8,8,10,6,4,2,2,3,2,2,3,3,2,3,3,3,3,6,11
"05-06-2022",10,7,16,49,21,34,16,17,14,9,6,4,4,3,2,2,3,2,2,2,2,2,2,2
"06-06-2022",2,2,2,4,4,5,7,11,21,24,21,24,28,12,10,10,4,2,3,3,4,3,3,3
"07-06-2022",4,4,2,2,2,2,2,3,2,2,2,2,3,2,2,2,2,3,3,2,2,2,2,2
"08-06-2022",3,4,2,2,5,4,4,3,5,6,10,8,6,6,4,3,3,2,2,2,2,2,2,2
"09-06-2022",2,2,2,2,2,2,2,2,2,2,2,2,2,2,2,2,2,3,3,2,3,2,2,2
"10-06-2022",2,2,2,2,2,2,2,2,2,2,2,2,2,2,2,2,2,2,2,2,2,2,2,2
"11-06-2022",2,2,2,2,2,2,2,2,3,3,3,4,-9999,4,2,2,3,2,4,4,4,4,3,3
"12-06-2022",3,3,2,3,4,4,4,5,5,5,5,4,4,4,3,3,3,3,3,3,2,2,2,2
"13-06-2022",2,2,2,2,4,3,2,3,3,4,4,3,3,3,3,4,3,4,4,3,2,2,4,2
"14-06-2022",2,3,4,4,3,3,3,3,3,3,4,3,3,3,3,3,2,3,2,3,2,2,2,3
"15-06-2022",6,7,8,8,9,10,6,7,9,8,5,5,3,3,2,4,4,4,6,10,8,7,5,5
"16-06-2022",4,3,2,3,3,6,12,11,10,8,5,4,4,3,3,3,3,3,3,3,3,2,3,2
"17-06-2022",5,5,7,8,6,5,10,14,12,13,8,7,5,4,2,4,3,3,5,4,3,6,6,6
"18-06-2022",7,5,6,6,4,11,8,8,8,6,6,4,3,4,4,3,3,3,3,6,4,3,4,3
"19-06-2022",2,2,2,2,2,2,3,3,2,2,2,2,5,4,4,3,3,2,3,2,3,4,6,10
"20-06-2022",9,11,10,7,8,9,13,15,8,6,6,5,4,5,4,4,2,3,2,2,2,2,2,2
"21-06-2022",3,2,2,2,2,2,3,6,6,5,4,5,5,5,5,5,2,2,2,2,2,2,2,2
"22-06-2022",4,4,4,4,3,3,4,5,4,4,3,2,3,3,2,2,2,2,3,2,2,2,2,2
"23-06-2022",2,2,2,2,2,2,2,3,4,4,4,2,3,3,2,2,2,2,2,2,2,2,2,2
"24-06-2022",2,3,3,3,2,2,2,2,3,2,3,2,2,2,2,3,3,2,3,2,3,2,2,2
"25-06-2022",2,3,2,2,2,2,2,4,6,5,5,3,2,2,2,2,2,2,2,2,2,2,2,2
"26-06-2022",2,2,2,2,2,3,3,4,2,2,2,3,3,3,3,3,3,2,3,2,2,2,2,2
"27-06-2022",2,2,2,2,2,2,2,3,2,2,2,3,2,2,2,2,2,2,2,2,2,2,2,2
"28-06-2022",2,3,2,2,2,3,3,9,8,6,5,4,3,3,3,3,3,3,2,3,2,3,2,2
"29-06-2022",2,2,2,3,2,4,4,9,8,7,4,3,3,2,2,3,3,3,4,2,3,3,3,3
"30-06-2022",3,5,10,21,20,21,20,30,54,36,11,6,5,5,6,5,4,4,3,4,4,4,3,4
"01-07-2022",4,6,7,10,12,11,14,8,5,5,4,4,2,3,2,2,3,3,3,3,3,2,2,3
"02-07-2022",7,20,17,16,8,32,42,37,37,30,11,6,5,4,3,3,3,3,3,3,3,3,2,4
"03-07-2022",4,5,3,2,2,3,3,3,3,2,2,2,2,2,2,2,2,2,2,2,2,3,5,5
"04-07-2022",7,10,5,5,9,8,9,7,7,5,9,9,5,3,4,4,3,7,6,9,18,13,11,13
"05-07-2022",33,25,14,15,17,17,16,14,8,7,4,3,3,3,3,3,3,2,3,3,2,2,3,7
"06-07-2022",11,9,10,8,14,19,26,27,10,5,5,4,3,3,3,2,3,3,3,3,2,3,2,3
"07-07-2022",2,3,3,3,9,20,30,13,8,5,5,4,5,5,4,5,2,2,3,2,2,2,2,2
"08-07-2022",2,2,2,6,6,6,10,6,8,8,5,4,5,6,4,3,3,2,2,3,2,2,2,3
"09-07-2022",3,3,2,3,4,3,4,3,4,4,5,4,4,4,5,6,4,4,4,4,3,3,3,3
"10-07-2022",3,3,3,2,3,2,3,4,6,5,6,6,5,4,4,3,3,3,3,2,2,2,3,2
"11-07-2022",4,4,4,4,8,6,6,6,7,5,4,3,3,3,2,3,3,2,3,3,3,4,2,3
"12-07-2022",2,3,2,3,4,4,5,4,3,3,4,3,5,8,7,5,3,2,2,2,2,2,3,3
"13-07-2022",4,4,4,5,4,5,4,3,3,3,3,3,3,4,3,3,3,2,4,4,2,2,3,4
"14-07-2022",3,3,4,5,6,8,4,4,3,3,5,6,5,4,3,3,3,3,4,4,4,5,6,6
"15-07-2022",12,15,7,9,3,12,15,20,8,13,12,5,3,3,4,4,5,4,4,4,3,3,2,2
"16-07-2022",4,26,10,9,11,8,5,6,8,8,14,9,6,4,4,4,3,2,3,4,3,5,4,12
"17-07-2022",20,14,18,16,7,5,5,5,5,4,3,2,2,3,3,3,3,4,4,5,4,3,4,9
"18-07-2022",11,12,9,6,4,5,4,2,4,4,3,3,3,3,3,2,3,3,3,4,2,3,2,2
"19-07-2022",3,2,2,2,3,2,5,4,3,2,3,2,2,2,2,2,3,3,3,3,3,2,11,8
"20-07-2022",2,3,8,6,5,4,4,3,2,2,2,2,2,2,2,3,4,4,5,8,6,6,11,16
"21-07-2022",31,15,29,19,15,19,13,36,29,11,5,4,4,4,4,3,4,4,3,7,4,4,3,3
"22-07-2022",3,6,10,5,7,9,7,8,7,7,3,5,6,8,12,11,7,4,3,4,3,6,2,4
"23-07-2022",4,10,8,6,6,6,6,7,9,7,5,4,4,4,3,4,3,3,3,4,3,3,3,4
"24-07-2022",3,4,3,4,7,12,15,12,8,6,5,12,25,25,14,9,7,5,4,4,4,3,3,3
"25-07-2022",2,4,2,3,3,5,10,12,11,12,6,3,4,3,3,3,3,4,3,3,4,4,4,6
"26-07-2022",6,10,8,6,6,8,7,6,7,5,6,5,4,4,4,4,3,3,3,5,4,4,3,3
"27-07-2022",4,3,2,3,3,3,5,8,14,14,8,6,5,5,5,5,4,4,3,4,4,4,4,4
"28-07-2022",4,5,5,27,24,10,10,15,14,13,8,6,5,5,4,3,6,8,9,8,6,4,5,6
"29-07-2022",16,10,7,8,7,6,7,10,13,13,9,8,6,5,6,7,7,9,7,7,4,4,9,14
"30-07-2022",7,8,8,7,6,7,9,10,10,11,9,5,5,4,4,8,6,5,3,3,2,4,3,4
"31-07-2022",2,3,3,2,2,2,3,2,2,3,5,4,6,8,7,5,4,3,3,3,3,3,2,2
"01-08-2022",3,3,3,3,3,4,3,4,3,4,4,3,3,4,3,2,3,3,2,3,2,4,2,3
"02-08-2022",3,3,3,2,3,3,4,4,4,3,4,2,3,4,4,4,4,5,4,5,4,5,3,5
"03-08-2022",4,4,3,4,3,2,3,6,5,5,3,4,3,3,3,4,3,3,3,4,3,3,7,12
"04-08-2022",17,24,30,11,8,8,11,18,14,12,5,3,3,3,4,3,3,3,3,4,3,3,7,6
"05-08-2022",16,44,61,39,29,17,19,25,11,8,5,5,4,5,4,4,4,3,2,4,3,4,7,14
"06-08-2022",24,41,57,53,33,46,80,40,24,14,6,5,3,3,3,4,4,3,4,4,3,3,4,7
"07-08-2022",16,8,5,6,4,5,6,4,4,4,3,3,3,3,3,3,4,3,3,3,3,4,4,5
"08-08-2022",3,4,3,3,2,3,3,3,3,3,3,2,2,3,3,3,4,3,2,3,3,3,5,5
"09-08-2022",5,4,5,5,6,8,12,7,4,4,3,4,4,4,4,3,3,4,4,4,4,7,14,26
"10-08-2022",22,24,16,6,5,5,4,5,15,10,5,6,5,6,5,4,5,5,6,6,4,5,4,5
"11-08-2022",4,4,4,3,2,3,3,3,3,3,3,3,3,3,3,3,2,2,4,5,4,4,4,5
"12-08-2022",5,11,12,7,9,5,7,11,10,8,7,5,4,4,4,4,4,4,4,5,4,3,4,4
"13-08-2022",15,8,11,17,15,17,15,10,18,35,29,12,6,11,17,10,5,4,3,2,3,4,3,3
"14-08-2022",4,2,2,3,4,4,5,5,6,6,9,8,8,5,4,4,3,4,3,2,2,3,2,4
"15-08-2022",4,4,4,5,10,9,7,7,8,10,37,20,9,6,6,4,3,4,3,4,2,3,3,2
"16-08-2022",3,2,2,2,2,3,3,3,5,6,6,3,5,5,5,4,4,3,3,3,3,2,2,2
"17-08-2022",2,3,3,3,3,3,4,4,3,3,3,3,4,3,3,3,3,3,3,4,3,3,3,3
"18-08-2022",3,3,3,2,2,3,4,6,10,12,6,2,4,4,4,4,4,4,4,5,5,4,5,8
"19-08-2022",7,11,10,10,8,8,11,14,14,6,7,5,13,9,5,4,4,4,4,4,3,4,4,5
"20-08-2022",4,4,4,4,4,6,13,10,7,10,7,5,5,5,4,3,3,3,4,2,4,3,2,4
"21-08-2022",3,4,4,4,4,4,5,6,5,4,4,5,4,4,4,4,5,4,3,4,3,4,3,4
"22-08-2022",4,4,3,2,3,4,5,5,5,7,9,5,5,4,4,4,5,3,3,2,4,3,3,3
"23-08-2022",2,3,3,3,3,3,3,4,4,4,4,3,4,4,3,3,2,3,3,4,3,4,4,4
"24-08-2022",4,2,2,3,4,3,4,3,3,5,4,3,2,4,2,3,4,3,4,4,4,3,3,3
"25-08-2022",2,3,3,2,2,3,4,4,5,4,4,4,3,3,4,4,4,3,3,4,4,4,3,4
"26-08-2022",3,3,4,3,3,3,4,5,4,4,4,3,5,3,3,3,3,4,4,4,3,3,3,2
"27-08-2022",3,3,4,3,4,4,4,4,3,4,4,3,4,3,4,3,3,3,3,3,3,4,4,3
"28-08-2022",3,3,2,2,3,3,3,3,3,3,2,2,3,3,3,3,2,4,3,4,3,3,3,4
"29-08-2022",2,3,3,3,3,3,4,4,4,4,3,3,4,4,4,4,3,3,3,5,3,4,3,3
"30-08-2022",4,4,4,4,3,3,5,6,8,8,6,4,5,5,3,3,4,4,4,3,3,4,2,4
"31-08-2022",3,5,7,6,9,15,12,12,11,8,6,5,6,5,4,5,4,4,4,5,4,5,4,4
"01-09-2022",4,3,3,3,3,3,4,6,7,10,9,8,5,8,6,3,5,5,5,5,5,4,4,4
"02-09-2022",5,5,3,3,4,5,5,5,4,5,4,3,4,4,3,4,4,4,3,3,4,4,3,4
"03-09-2022",4,4,4,3,3,3,3,2,3,3,3,2,3,3,4,3,2,3,3,3,3,3,3,2
"04-09-2022",2,3,3,3,3,4,4,3,4,4,3,3,3,4,4,3,2,3,3,4,4,4,4,3
"05-09-2022",2,2,3,3,2,2,3,3,3,2,3,3,3,3,3,2,3,2,3,3,3,2,3,3
"06-09-2022",2,3,3,3,3,3,4,4,3,3,3,3,4,4,3,3,4,3,2,3,3,3,3,5
"07-09-2022",6,5,5,5,5,8,9,9,6,4,4,4,4,4,3,3,3,3,2,4,3,4,5,6
"08-09-2022",6,6,8,8,6,8,6,5,4,6,8,4,5,4,5,4,5,8,9,8,9,10,9,8
"09-09-2022",9,13,7,3,4,6,11,13,14,25,32,12,12,20,10,6,5,4,3,3,3,3,3,3
"10-09-2022",2,3,4,4,4,5,4,5,6,5,5,4,4,4,4,4,3,3,4,4,4,4,4,4
"11-09-2022",4,3,4,4,4,3,4,4,4,4,4,3,3,4,2,2,3,3,4,4,3,4,4,4
"12-09-2022",3,4,4,3,4,4,4,3,4,5,4,4,4,5,6,7,5,5,5,4,4,4,4,4
"13-09-2022",4,3,4,5,6,4,4,4,4,6,6,4,5,4,5,5,4,5,4,4,3,4,4,5
"14-09-2022",5,5,6,7,8,7,6,6,6,5,5,6,11,11,10,9,6,4,4,3,4,4,3,4
"15-09-2022",5,4,3,3,4,4,6,6,7,6,4,3,3,3,2,3,3,3,5,4,3,3,3,3
"16-09-2022",2,3,4,3,3,5,5,6,5,4,4,4,5,4,4,4,4,4,5,4,5,4,5,3
"17-09-2022",5,4,3,3,3,4,5,5,5,4,4,4,4,5,4,4,5,4,5,4,4,4,4,4
"18-09-2022",4,5,5,5,4,4,5,5,5,4,4,5,5,5,5,5,4,4,4,5,5,4,4,4
"19-09-2022",4,4,4,3,3,3,4,4,4,3,3,3,4,5,3,3,4,4,4,4,3,3,3,3
"20-09-2022",3,4,4,5,4,5,6,8,10,11,15,8,7,6,5,5,4,4,4,5,5,5,5,4
"21-09-2022",4,3,3,3,3,3,4,4,5,4,4,4,4,4,4,4,5,5,5,5,4,3,4,3
"22-09-2022",4,3,3,3,3,4,5,5,4,5,5,5,5,5,6,5,5,5,5,4,5,4,4,4
"23-09-2022",4,4,4,5,5,4,4,3,5,6,6,5,5,5,4,5,4,4,4,5,4,4,4,5
"24-09-2022",4,4,4,4,5,6,5,5,5,7,6,4,7,8,9,7,7,5,5,4,4,4,4,5
"25-09-2022",5,4,4,4,4,5,5,5,6,10,18,19,14,11,7,7,7,5,6,5,5,5,5,4
"26-09-2022",4,5,4,5,5,6,9,11,10,13,19,38,26,20,11,7,6,6,5,5,4,4,4,5
"27-09-2022",5,6,5,5,5,5,5,7,7,10,8,8,7,5,6,5,5,4,5,5,4,4,4,4
"28-09-2022",5,6,5,5,5,5,6,6,7,7,7,6,6,7,6,5,3,5,4,5,4,6,5,4
"29-09-2022",6,4,4,4,5,5,4,7,6,6,7,9,8,7,4,4,5,5,5,5,3,4,4,4
"30-09-2022",3,4,4,5,7,7,8,10,10,13,26,22,10,10,9,6,6,5,6,5,4,5,5,5
"01-10-2022",6,5,5,6,5,6,6,7,6,6,4,3,3,4,2,4,4,4,4,3,4,4,3,3
"02-10-2022",3,3,5,4,4,4,4,4,5,4,4,5,5,7,5,5,6,6,5,5,4,11,12,18
"03-10-2022",22,17,10,12,13,13,13,35,11,9,8,7,6,6,7,6,6,6,5,6,5,5,4,5
"04-10-2022",4,5,5,5,12,11,7,6,7,6,6,4,5,5,11,27,12,11,6,5,5,5,5,4
"05-10-2022",4,4,4,3,4,4,6,11,6,6,6,5,5,5,4,4,4,5,3,3,5,4,4,4
"06-10-2022",4,12,16,14,13,10,9,16,16,12,6,5,4,4,4,4,4,7,5,5,5,9,5,4
"07-10-2022",4,5,8,6,5,5,4,5,4,4,5,4,4,4,4,4,3,4,5,6,5,7,12,10
"08-10-2022",9,14,22,13,14,17,28,35,11,11,11,7,5,7,6,7,7,14,22,11,8,7,6,6
"09-10-2022",16,9,8,9,10,10,18,23,29,19,23,29,15,13,9,9,8,7,7,5,5,4,4,5
"10-10-2022",5,5,5,4,6,7,8,24,31,59,42,12,10,9,7,7,10,11,8,7,6,6,5,5
"11-10-2022",5,6,5,19,66,50,18,19,47,58,59,44,39,29,12,10,10,8,8,7,5,4,5,5
"12-10-2022",3,4,4,4,4,5,5,6,8,8,34,19,11,13,13,13,9,9,9,8,6,3,5,5
"13-10-2022",6,6,14,25,9,15,16,12,9,16,14,19,14,13,10,16,19,13,9,7,7,3,5,6
"14-10-2022",5,5,5,5,5,5,6,5,5,6,5,6,8,9,7,6,6,5,5,5,4,6,6,7
"15-10-2022",9,6,6,8,10,12,16,11,8,6,6,9,11,14,7,8,7,6,5,6,7,7,5,5
"16-10-2022",4,4,4,4,5,4,3,4,4,6,5,5,5,5,4,4,3,3,4,5,7,9,13,11
"17-10-2022",9,5,11,8,5,5,5,4,4,4,3,3,3,4,3,5,4,2,4,4,9,7,5,5
"18-10-2022",5,5,4,4,4,4,4,4,5,4,6,6,5,5,7,12,7,7,10,4,4,6,9,7
"19-10-2022",8,6,8,11,9,10,10,11,9,9,20,14,13,11,10,11,10,10,8,7,7,7,7,6
"20-10-2022",5,5,6,8,7,8,8,8,7,10,13,8,9,11,10,11,13,11,11,11,8,7,7,8
"21-10-2022",8,8,16,10,7,6,7,6,6,5,5,6,5,6,5,5,5,4,5,4,4,4,3,4
"22-10-2022",2,4,5,6,10,8,5,6,6,6,14,13,14,19,11,13,12,9,8,7,7,6,5,5
"23-10-2022",6,5,5,4,5,2,4,6,6,6,9,16,12,16,11,11,8,7,6,6,5,6,6,6
"24-10-2022",5,6,5,6,6,7,8,9,10,10,12,14,17,24,27,17,8,7,6,6,5,5,5,6
"25-10-2022",6,5,5,5,6,7,10,12,12,15,24,39,56,26,21,16,12,8,9,8,6,7,7,7
"26-10-2022",6,7,7,8,8,10,11,12,12,11,19,18,27,33,25,15,11,13,8,7,6,5,5,6
"27-10-2022",7,6,6,6,11,12,13,12,12,-9999,-9999,-9999,10,9,6,8,6,4,5,4,5,5,5,5
"28-10-2022",5,6,4,8,16,15,10,20,14,11,9,7,5,4,4,3,3,3,2,2,3,3,4,7
"29-10-2022",10,8,11,7,14,17,11,7,5,4,3,3,3,4,2,6,6,8,6,7,14,14,10,9
"30-10-2022",11,13,11,12,11,9,12,14,18,13,11,6,5,4,4,5,5,5,7,11,13,8,8,6
"31-10-2022",13,16,16,16,16,8,7,9,8,24,28,22,9,6,7,9,11,11,9,9,8,17,20,20
"01-11-2022",17,11,10,12,14,10,10,10,11,14,7,6,5,4,4,4,3,3,4,4,4,5,5,6
"02-11-2022",7,5,6,6,8,17,12,8,9,16,14,13,12,10,9,10,6,7,7,4,4,5,5,6
"03-11-2022",5,6,6,6,6,8,11,13,20,29,35,37,22,22,24,8,8,8,5,5,5,6,7,8
"04-11-2022",8,7,7,6,8,11,18,18,16,29,37,31,28,18,14,12,12,9,7,6,5,5,3,4
"05-11-2022",5,5,5,5,5,4,4,5,5,5,5,5,4,4,4,3,4,4,4,4,3,3,3,4
"06-11-2022",3,3,2,2,2,2,3,3,3,2,2,3,4,3,3,3,3,3,3,4,3,4,3,3
"07-11-2022",3,3,3,3,4,5,6,7,8,13,11,9,10,11,11,8,6,7,6,5,4,5,5,5
"08-11-2022",5,5,5,4,4,5,4,4,8,11,14,13,10,7,5,5,5,7,6,6,8,9,7,6
"09-11-2022",5,5,6,4,3,5,6,7,7,13,22,24,27,26,19,13,9,7,6,4,4,5,5,5
"10-11-2022",5,4,4,4,4,5,4,4,5,6,7,6,8,8,6,5,5,4,4,3,4,3,3,11
"11-11-2022",12,12,10,8,7,6,6,8,9,16,13,9,6,6,6,6,6,8,6,5,5,2,4,5
"12-11-2022",7,6,9,19,7,4,4,4,5,9,12,8,7,6,5,4,4,5,3,3,4,8,7,7
"13-11-2022",6,5,5,4,4,3,4,4,5,8,8,7,13,16,17,13,6,5,4,4,4,4,4,4
"14-11-2022",5,4,3,4,4,4,5,8,10,18,14,9,11,9,8,9,7,5,5,4,5,6,5,3
"15-11-2022",4,4,3,4,4,4,4,6,6,7,8,10,13,13,14,18,11,7,5,4,4,5,5,5
"16-11-2022",3,3,3,4,3,4,5,6,7,9,9,7,9,11,9,6,5,5,4,5,6,6,6,5
"17-11-2022",6,6,6,5,4,5,6,8,8,9,7,7,4,5,5,5,4,5,4,5,4,6,6,6
"18-11-2022",6,6,6,5,5,6,6,7,7,11,10,8,8,6,5,6,7,6,5,6,5,6,6,5
"19-11-2022",4,5,5,5,5,5,6,6,6,7,6,5,6,7,5,5,5,4,3,4,3,4,4,4
"20-11-2022",3,3,2,2,2,2,2,3,3,3,3,2,2,2,3,3,3,3,3,3,3,3,3,3
"21-11-2022",2,4,4,3,3,3,7,6,6,6,5,5,5,5,7,11,7,9,7,7,10,11,7,6
"22-11-2022",6,5,3,5,5,4,7,9,10,11,16,13,13,7,4,5,5,4,4,4,4,4,3,4
"23-11-2022",4,4,3,4,4,4,4,5,5,6,-9999,-9999,-9999,5,7,6,7,7,6,7,8,7,5,5
"24-11-2022",6,5,6,6,6,6,6,7,6,8,7,7,7,7,7,8,8,7,6,6,6,7,5,6
"25-11-2022",6,5,7,8,7,14,10,8,8,7,7,5,8,10,9,10,5,6,6,5,7,7,5,7
"26-11-2022",11,6,7,9,7,9,10,9,11,15,26,15,8,7,7,6,5,6,5,5,5,5,4,5
"27-11-2022",5,5,5,4,5,6,6,5,4,5,6,6,6,5,5,5,5,5,6,6,5,5,5,5
"28-11-2022",5,5,4,4,3,5,7,11,6,5,8,7,6,5,5,4,5,5,5,5,5,5,5,4
"29-11-2022",4,5,5,6,7,11,10,9,7,8,9,10,10,12,11,11,11,10,8,9,10,9,8,9
"30-11-2022",8,6,6,6,5,6,6,7,6,6,6,4,6,6,6,6,6,5,6,6,4,5,4,5
"01-12-2022",5,5,5,5,4,5,6,7,7,7,6,5,6,5,3,5,5,4,5,4,5,6,7,6
"02-12-2022",6,6,5,5,6,6,6,8,8,12,14,13,12,12,14,14,13,8,7,6,5,5,5,4
"03-12-2022",3,3,2,4,4,5,4,5,3,4,5,5,5,5,5,5,5,4,4,4,4,5,4,4
"04-12-2022",4,4,3,3,3,3,3,4,6,6,5,5,5,5,4,4,3,3,3,4,4,4,4,4
"05-12-2022",3,4,4,4,3,4,4,3,4,5,5,5,5,5,5,4,5,4,4,5,5,5,4,5
"06-12-2022",5,3,4,4,3,4,4,5,5,3,5,5,6,6,5,5,5,4,3,4,5,5,4,4
"07-12-2022",2,3,4,4,3,4,5,6,7,7,5,5,4,5,5,4,4,4,4,5,5,4,4,4
"08-12-2022",5,5,4,3,4,4,5,5,4,6,5,4,4,2,4,4,4,4,4,4,4,4,3,3
"09-12-2022",2,3,3,3,4,5,5,5,6,6,4,4,4,3,2,3,4,5,4,4,4,4,4,4
"10-12-2022",4,4,4,4,3,3,3,3,4,4,4,3,4,4,4,4,4,4,3,4,4,5,4,4
"11-12-2022",4,5,4,4,5,5,5,5,5,5,5,5,5,6,6,5,5,5,4,6,7,7,6,8
"12-12-2022",8,6,7,6,7,7,6,8,7,8,9,7,8,7,8,7,6,6,5,3,5,6,6,6
"13-12-2022",3,6,6,6,6,7,7,7,7,8,8,8,8,7,7,9,8,10,9,8,7,7,6,5
"14-12-2022",6,6,6,6,5,5,5,5,6,6,6,7,7,-9999,-9999,-9999,-9999,6,6,6,5,5,5,5
"15-12-2022",4,4,5,5,4,5,5,5,5,4,5,6,5,6,5,5,5,6,6,5,6,7,7,7
"16-12-2022",7,5,6,6,6,7,7,8,8,10,8,7,9,9,4,5,6,5,5,5,5,5,5,3
"17-12-2022",3,4,4,5,5,5,6,6,6,5,5,4,5,5,4,4,5,5,5,5,4,4,4,5
"18-12-2022",5,5,5,5,5,4,4,5,5,4,5,6,8,11,13,12,12,9,7,6,5,6,5,5
"19-12-2022",4,4,5,5,5,4,5,5,5,5,4,5,5,5,5,5,5,5,4,4,4,4,3,4
"20-12-2022",4,3,3,3,3,3,3,3,4,3,3,3,4,4,5,4,5,7,4,4,4,4,4,6
"21-12-2022",5,4,4,5,5,6,6,9,7,7,7,7,6,6,6,6,6,5,10,7,8,7,13,11
"22-12-2022",9,7,6,5,6,5,8,9,10,14,12,17,18,20,20,18,14,9,8,9,12,14,14,11
"23-12-2022",10,9,9,9,9,10,10,10,12,14,15,18,20,26,27,24,24,16,15,14,13,14,15,14
"24-12-2022",12,11,12,9,9,8,8,9,10,14,18,21,21,25,30,30,25,15,12,13,12,14,14,13
"25-12-2022",9,9,9,9,10,9,11,11,10,20,22,19,15,17,14,10,8,7,9,11,13,14,15,12
"26-12-2022",11,10,11,9,9,8,9,9,9,16,20,15,14,12,9,8,8,7,5,6,8,9,9,9
"27-12-2022",8,7,7,7,7,7,8,8,10,12,13,14,14,17,18,17,16,10,7,7,7,9,10,9
"28-12-2022",9,8,7,6,7,7,7,7,6,8,8,10,12,17,15,11,10,8,8,9,8,8,8,8
"29-12-2022",7,7,7,7,7,8,8,9,10,12,11,13,13,14,12,10,9,6,6,7,8,9,9,8
"30-12-2022",9,8,7,6,7,7,8,8,8,10,10,9,10,13,11,8,5,6,5,6,7,6,7,7
"31-12-2022",6,7,7,6,6,7,8,8,8,13,14,17,18,17,17,19,17,14,13,10,8,8,8,7
"01-01-2023",7,7,6,5,5,5,5,5,4,6,9,9,13,11,7,7,7,6,6,6,6,7,9,7
"02-01-2023",6,7,6,6,6,6,6,6,9,12,14,33,26,19,21,19,14,9,8,9,8,9,10,9
"03-01-2023",11,9,9,8,7,10,10,9,10,13,17,14,19,38,44,37,41,20,12,12,12,13,14,13
"04-01-2023",10,9,8,8,8,9,10,10,12,18,22,35,35,33,29,20,17,12,10,12,13,16,18,14
"05-01-2023",12,11,9,8,9,9,11,10,11,16,19,19,25,28,34,31,25,15,12,12,12,14,14,12
"06-01-2023",12,10,10,9,9,8,9,9,10,13,19,17,16,18,12,14,13,9,9,8,9,9,12,11
"07-01-2023",11,9,9,10,8,8,9,8,9,13,17,25,19,16,18,20,18,11,9,10,10,9,9,9
"08-01-2023",8,8,7,9,8,9,9,10,11,14,24,23,21,20,27,19,15,10,9,9,10,9,9,11
"09-01-2023",11,10,9,10,10,11,11,11,12,18,22,15,15,22,17,14,13,10,8,7,8,8,9,9
"10-01-2023",7,8,7,7,7,8,8,8,8,8,8,8,9,8,9,10,9,8,9,8,9,9,7,9
"11-01-2023",11,8,8,7,8,10,9,12,11,17,15,12,10,10,10,9,13,8,8,10,9,8,7,8
"12-01-2023",7,10,9,10,11,12,13,13,15,19,23,19,15,13,13,12,10,10,12,12,13,11,10,12
"13-01-2023",14,11,11,12,11,23,17,17,13,15,14,14,18,17,17,17,14,12,9,11,15,13,13,12
"14-01-2023",16,21,12,15,13,13,17,19,19,29,40,27,27,25,19,16,15,18,15,12,13,12,12,11
"15-01-2023",10,9,9,12,10,13,11,10,-9999,-9999,-9999,18,15,20,20,17,15,11,12,16,15,13,11,13
"16-01-2023",10,11,9,9,9,11,11,13,14,19,25,17,17,20,17,14,12,10,9,10,10,10,9,9
"17-01-2023",9,8,8,7,6,8,8,7,9,9,10,9,8,8,8,8,7,7,7,7,7,7,6,6
"18-01-2023",6,7,6,6,6,6,6,7,6,7,7,6,7,7,7,7,7,6,7,6,7,7,5,5
"19-01-2023",7,6,6,6,6,5,6,5,5,6,-9999,-9999,6,3,4,7,7,7,6,6,4,5,6,6
"20-01-2023",6,6,6,6,6,6,6,6,6,6,7,6,8,9,9,10,8,7,8,7,9,9,7,7
"21-01-2023",8,7,7,7,5,3,5,6,5,5,5,5,6,5,6,5,5,6,4,5,5,6,6,6
"22-01-2023",6,6,5,5,6,6,5,6,7,9,12,7,6,7,6,6,5,4,5,5,5,5,6,5
"23-01-2023",5,4,4,5,4,5,6,6,7,7,6,6,6,6,5,5,5,5,6,5,3,3,6,6
"24-01-2023",4,5,5,5,5,5,6,6,6,8,12,14,12,12,10,8,7,7,7,7,7,6,6,6
"25-01-2023",7,5,5,3,5,5,4,5,5,5,5,6,4,6,6,5,6,6,6,6,5,6,6,6
"26-01-2023",5,6,7,7,7,8,7,8,8,8,7,7,9,10,8,9,10,9,9,9,9,12,14,16
"27-01-2023",13,9,8,8,8,9,10,9,9,11,22,33,30,19,28,19,13,10,9,13,13,12,11,9
"28-01-2023",8,14,12,9,11,45,32,61,211,298,46,30,27,25,24,14,12,12,12,14,13,13,12,12
"29-01-2023",13,11,10,10,11,10,12,11,10,10,13,11,11,10,10,8,10,9,9,8,8,7,8,7
"30-01-2023",7,7,7,7,7,8,9,9,10,10,12,12,11,13,14,18,21,13,11,10,10,13,12,13
"31-01-2023",13,12,10,11,11,11,16,16,16,15,16,18,17,18,13,13,14,11,15,18,12,11,10,23
"01-02-2023",16,14,13,14,16,10,22,25,13,18,20,18,16,10,9,12,13,15,22,16,20,31,58,51
"02-02-2023",52,23,19,19,16,18,19,20,22,30,20,17,16,14,13,14,14,14,13,14,15,14,11,10
"03-02-2023",9,8,10,9,11,12,12,15,21,29,26,14,12,10,16,13,12,10,9,9,12,14,14,17
"04-02-2023",16,14,16,14,12,14,16,17,19,23,24,23,23,18,17,18,15,12,12,11,15,20,11,14
"05-02-2023",9,8,9,8,10,9,9,9,8,7,8,8,8,8,8,7,8,8,9,3,2,7,7,13
"06-02-2023",10,7,7,7,8,8,6,6,7,7,9,10,11,13,16,12,13,9,11,11,8,11,8,9
"07-02-2023",12,8,11,11,11,10,11,14,12,10,9,9,10,11,14,12,8,7,8,11,13,12,10,9
"08-02-2023",8,7,7,6,8,7,7,8,9,11,11,12,11,9,8,9,9,9,8,8,9,8,7,6
"09-02-2023",5,6,5,7,5,6,4,7,7,7,9,10,10,10,10,9,9,8,8,8,8,8,8,8
"10-02-2023",9,6,6,6,7,8,7,9,9,13,10,10,11,11,10,8,7,8,7,7,8,10,11,10
"11-02-2023",8,10,10,10,12,11,13,19,16,16,17,18,17,20,18,15,20,17,16,12,13,18,14,13
"12-02-2023",14,17,22,13,12,10,11,11,14,17,40,37,28,29,26,14,11,12,15,17,17,14,14,12
"13-02-2023",11,14,16,15,13,12,10,10,11,11,8,9,9,8,7,8,7,8,10,12,16,10,12,10
"14-02-2023",11,18,22,16,18,17,18,18,13,20,26,25,20,21,18,26,22,16,15,17,23,43,26,29
"15-02-2023",19,15,16,24,35,25,24,20,23,20,17,19,18,34,24,22,17,15,11,12,14,13,13,14
"16-02-2023",14,11,12,10,10,12,13,17,20,32,50,30,21,17,18,17,16,13,10,12,12,12,13,15
"17-02-2023",11,11,11,10,11,11,12,13,14,21,34,32,28,36,26,21,18,13,10,10,10,11,10,11
"18-02-2023",11,11,10,9,8,9,9,10,10,15,24,17,14,19,16,14,15,12,10,9,8,9,9,9
"19-02-2023",7,8,8,8,8,8,9,12,11,14,18,15,12,13,12,11,10,10,9,8,11,11,10,9
"20-02-2023",9,9,8,7,8,10,11,12,12,12,14,14,13,11,12,11,8,9,9,13,15,14,13,14
"21-02-2023",12,11,4,10,13,22,39,43,35,36,35,38,92,148,60,24,30,14,11,10,10,10,10,9
"22-02-2023",11,10,9,8,8,9,10,11,12,22,-9999,-9999,36,43,41,41,37,23,17,16,15,16,13,12
"23-02-2023",11,10,10,9,10,9,10,11,12,15,25,27,22,23,22,17,13,10,8,8,7,8,8,8
"24-02-2023",9,9,9,9,8,8,9,10,9,10,12,13,13,16,15,12,11,10,8,7,8,8,8,7
"25-02-2023",7,7,7,7,7,8,8,9,8,10,15,15,12,13,12,10,10,8,8,7,8,7,7,7
"26-02-2023",8,7,6,6,6,6,7,6,6,6,7,8,8,8,7,7,6,6,6,6,6,6,6,7
"27-02-2023",7,7,6,5,5,6,6,6,6,7,7,7,7,6,6,7,7,6,7,7,7,7,6,6
"28-02-2023",6,6,7,6,6,6,6,7,7,7,7,7,9,8,7,7,9,8,6,8,8,7,7,7
"01-03-2023",6,8,8,8,9,11,10,11,11,12,16,29,20,17,14,15,13,10,9,8,9,8,7,8
"02-03-2023",8,7,8,8,7,8,11,11,9,10,9,9,10,9,10,10,9,9,8,8,8,8,9,8
"03-03-2023",7,8,8,9,10,9,9,10,9,10,13,14,13,18,15,13,13,10,9,8,8,9,8,8
"04-03-2023",9,7,7,7,7,7,7,7,8,7,8,7,8,7,7,8,8,7,8,8,7,7,7,8
"05-03-2023",8,9,9,9,9,10,9,9,10,14,17,16,12,14,13,12,12,12,9,9,11,9,5,8
"06-03-2023",10,10,8,8,8,9,10,12,11,12,13,15,16,17,14,15,10,9,9,8,9,9,8,9
"07-03-2023",8,9,10,9,9,10,12,11,11,10,12,11,9,10,9,10,11,10,11,10,11,11,9,11
"08-03-2023",10,9,9,9,9,9,13,13,13,20,23,23,20,17,14,17,14,11,11,10,11,11,12,11
"09-03-2023",9,9,9,9,9,9,12,12,13,16,15,19,17,14,12,12,11,11,10,9,11,12,10,10
"10-03-2023",11,10,10,9,10,9,9,9,11,13,16,14,11,12,11,10,9,8,9,9,9,9,10,9
"11-03-2023",9,9,9,10,10,9,10,11,10,11,21,26,21,26,28,29,24,15,12,13,14,14,11,10
"12-03-2023",10,10,10,10,9,10,10,12,15,19,17,11,12,11,13,10,9,8,8,8,9,8,8,8
"13-03-2023",8,8,8,8,7,8,8,8,8,9,9,9,9,9,9,8,8,8,8,12,18,17,14,15
"14-03-2023",17,14,12,11,14,14,12,12,11,14,25,38,19,19,14,12,12,11,11,10,11,10,10,9
"15-03-2023",8,10,10,10,10,10,12,13,13,17,20,16,14,12,11,12,10,12,14,13,13,11,12,12
"16-03-2023",13,11,11,11,12,13,14,17,19,22,-9999,12,11,12,10,10,10,10,8,9,8,8,7,8
"17-03-2023",8,9,8,10,11,10,9,9,11,15,14,13,11,10,10,10,9,8,6,6,7,7,7,7
"18-03-2023",7,9,7,8,8,8,8,11,9,9,7,8,8,7,9,9,7,7,6,7,7,7,5,7
"19-03-2023",7,8,7,8,8,8,7,14,12,12,11,11,11,10,8,11,9,10,8,12,14,11,10,10
"20-03-2023",10,11,9,10,8,9,11,11,15,33,24,20,44,25,14,12,12,10,9,9,8,7,8,7
"21-03-2023",7,8,8,8,8,12,12,18,20,25,21,21,32,43,38,31,35,17,14,11,12,13,13,11
"22-03-2023",12,12,12,11,12,12,12,12,16,35,37,26,18,15,13,12,13,11,9,8,8,7,7,8
"23-03-2023",7,8,8,7,8,9,10,10,10,12,10,10,9,10,8,9,8,8,8,9,8,8,9,9
"24-03-2023",9,9,11,11,10,10,9,14,18,27,20,15,13,14,13,11,10,10,10,10,11,9,8,4
"25-03-2023",8,9,9,8,9,8,9,10,10,13,11,23,25,25,15,13,12,10,10,9,8,9,9,9
"26-03-2023",9,8,6,7,8,9,-9999,12,12,10,14,12,12,10,10,15,17,15,9,8,9,9,8,10
"27-03-2023",8,7,8,9,10,10,10,13,15,15,17,21,55,12,13,11,11,14,16,12,13,13,10,9
"28-03-2023",11,12,16,11,8,9,9,10,11,10,9,9,10,11,11,11,9,8,10,8,10,7,9,7
"29-03-2023",7,8,10,13,18,10,9,10,8,18,17,8,8,7,8,9,7,8,7,7,9,12,19,13
"30-03-2023",12,10,9,8,8,8,9,10,13,11,10,10,9,8,8,11,9,8,8,7,6,7,6,7
"31-03-2023",8,8,7,7,6,6,10,11,11,11,11,11,12,7,11,12,14,10,9,8,10,11,9,8
"01-04-2023",8,7,8,8,7,7,7,10,11,23,27,33,39,28,19,15,11,11,15,13,13,13,10,8
"02-04-2023",9,9,9,9,8,12,15,17,14,16,13,11,11,12,13,12,13,14,10,9,10,9,9,9
"03-04-2023",10,9,9,9,9,9,11,10,11,10,11,12,11,10,9,10,9,9,9,8,9,8,8,8
"04-04-2023",7,8,8,8,8,10,9,9,9,10,10,14,27,13,12,12,13,17,22,14,15,16,14,10
"05-04-2023",11,10,9,9,9,9,9,10,9,9,11,11,9,9,11,20,13,9,10,11,13,13,11,9
"06-04-2023",7,8,9,9,9,10,10,12,12,10,11,14,26,13,15,16,11,10,10,11,13,13,12,13
"07-04-2023",11,9,11,11,11,12,11,13,13,14,17,22,14,12,11,13,11,10,9,8,9,8,8,8
"08-04-2023",7,7,8,8,9,9,10,11,11,11,11,11,11,10,8,6,9,9,9,8,8,8,8,8
"09-04-2023",9,9,8,8,8,9,8,9,9,10,9,9,11,10,9,9,9,9,8,8,8,10,15,8
"10-04-2023",8,8,6,9,10,11,15,19,20,16,16,14,12,13,11,11,10,9,9,9,10,9,8,8
"11-04-2023",9,9,10,13,12,12,11,11,11,10,12,17,16,12,11,9,10,14,12,11,13,16,11,10
"12-04-2023",9,10,10,12,11,11,11,11,11,13,15,14,14,12,13,14,13,14,14,11,14,14,14,12
"13-04-2023",11,11,10,11,11,11,12,14,15,15,33,16,14,18,16,13,12,11,11,10,10,9,8,8
"14-04-2023",7,8,8,9,8,7,8,8,9,8,7,9,8,9,9,9,9,9,8,9,9,8,8,9
"15-04-2023",8,8,8,8,8,8,10,12,15,12,10,12,10,10,9,10,9,9,9,9,8,8,8,8
"16-04-2023",8,9,8,7,7,9,9,10,9,9,13,12,12,11,9,10,10,10,9,8,10,9,9,9
"17-04-2023",10,9,9,7,6,8,8,8,8,8,8,8,8,11,9,8,9,9,8,8,8,7,8,8
"18-04-2023",8,8,8,8,8,8,8,9,10,10,10,11,11,12,13,11,11,11,10,9,9,9,10,9
"19-04-2023",10,9,8,8,10,11,12,16,13,13,12,11,12,16,12,12,11,10,9,10,10,10,9,9
"20-04-2023",11,10,9,10,9,10,12,10,12,15,15,13,16,16,13,13,12,11,10,10,9,9,9,9
"21-04-2023",10,10,9,9,9,10,11,11,13,16,-9999,-9999,15,17,15,13,11,10,10,10,9,9,8,9
"22-04-2023",8,8,8,7,8,8,9,12,11,10,17,12,10,10,10,9,8,8,7,7,6,9,7,7
"23-04-2023",8,7,7,8,11,9,9,10,8,9,11,9,9,10,10,9,11,10,8,7,7,8,7,6
"24-04-2023",6,7,6,6,6,7,8,8,10,11,12,13,20,27,14,11,9,9,8,8,7,7,7,8
"25-04-2023",8,6,6,7,7,8,8,11,12,12,10,11,10,21,18,16,13,10,7,3,8,8,8,8
"26-04-2023",7,8,7,8,7,7,9,10,11,12,13,12,13,12,11,11,14,14,12,13,12,11,10,12
"27-04-2023",10,9,8,9,9,11,9,15,15,11,12,10,9,10,10,8,7,7,8,7,6,6,6,6
"28-04-2023",6,6,6,7,6,7,10,10,14,12,10,9,8,9,10,12,8,9,8,7,7,7,7,7
"29-04-2023",8,7,7,7,7,6,9,9,10,9,9,9,8,8,9,8,8,8,7,7,7,6,6,7
"30-04-2023",5,6,6,7,6,6,6,7,7,7,7,7,8,10,9,10,10,8,8,7,7,7,6,6
"01-05-2023",7,6,6,6,7,7,7,6,6,6,6,6,6,7,6,6,6,6,7,5,5,6,6,6
"02-05-2023",6,7,7,6,7,8,8,9,10,13,16,10,10,10,9,9,7,7,8,7,7,7,7,6
"03-05-2023",7,7,6,6,6,7,6,7,7,8,7,7,7,6,7,7,7,7,7,6,6,6,6,6
"04-05-2023",4,5,6,5,6,7,7,7,7,6,6,6,6,6,7,7,7,8,7,7,7,7,6,7
"05-05-2023",7,7,6,7,7,6,7,7,8,8,7,8,8,8,7,6,2,6,6,5,6,5,6,7
"06-05-2023",9,7,8,2,4,7,7,9,9,8,10,10,7,6,7,8,6,8,7,8,9,10,9,8
"07-05-2023",9,14,17,13,11,8,11,10,10,9,8,7,7,7,7,8,6,7,8,9,11,8,7,8
"08-05-2023",8,9,8,10,13,11,13,13,13,20,15,14,15,19,17,8,9,9,7,8,8,7,9,8
"09-05-2023",8,8,7,8,8,11,8,9,8,8,9,8,7,10,10,9,8,8,7,7,6,6,7,7
"10-05-2023",6,7,6,7,6,6,4,7,8,7,7,7,7,8,8,7,8,8,8,7,6,7,7,6
"11-05-2023",8,9,7,8,11,10,10,11,10,10,8,8,10,9,8,7,6,12,7,7,10,14,17,12
"12-05-2023",13,16,10,10,11,8,9,10,11,13,13,12,12,14,12,9,9,7,7,7,7,7,7,7
"13-05-2023",7,8,7,6,6,6,7,8,8,7,8,10,10,9,7,7,8,9,6,6,6,6,6,6
"14-05-2023",5,6,6,7,8,8,8,8,9,12,17,29,21,15,10,9,9,9,8,8,10,9,7,7
"15-05-2023",10,13,12,14,12,12,12,13,12,12,16,13,12,13,12,11,9,8,10,18,14,12,13,12
"16-05-2023",13,11,12,12,11,10,12,16,18,17,17,14,12,12,11,11,11,8,9,9,9,8,8,9
"17-05-2023",8,8,8,9,8,9,11,14,12,12,14,11,10,11,10,12,9,10,11,10,10,11,9,9
"18-05-2023",8,8,18,12,10,10,10,12,12,12,14,12,11,10,11,10,8,8,7,8,8,8,8,8
"19-05-2023",8,7,7,7,7,7,7,7,7,7,8,8,9,8,9,8,7,8,7,7,6,6,7,7
"20-05-2023",7,8,8,8,11,14,15,14,17,16,10,9,9,8,8,9,8,8,8,8,9,8,8,7
"21-05-2023",7,8,7,7,7,7,8,9,9,11,10,8,9,8,8,8,9,9,9,8,9,9,8,6
"22-05-2023",7,8,8,8,9,9,9,10,9,10,10,9,9,10,11,9,8,8,9,8,8,8,8,8
"23-05-2023",9,11,8,8,9,8,6,15,12,10,9,9,8,8,7,8,8,8,8,7,8,8,8,7
"24-05-2023",7,7,7,7,7,7,8,8,9,11,12,-9999,-9999,14,8,10,9,8,8,8,7,8,8,8
"25-05-2023",9,8,8,7,8,9,11,12,13,20,17,16,15,15,12,7,7,8,8,9,7,8,8,8
"26-05-2023",9,8,8,10,10,12,14,15,15,13,11,9,9,9,9,9,9,8,8,10,11,10,9,9
"27-05-2023",10,18,13,13,12,11,12,11,9,10,9,8,9,9,8,8,8,8,9,8,8,7,8,3
"28-05-2023",2,10,10,10,11,13,11,11,10,9,10,9,8,8,9,8,7,7,6,7,7,8,8,9
"29-05-2023",12,11,10,10,11,11,13,18,17,12,10,9,8,8,8,7,8,8,8,8,7,7,7,7
"30-05-2023",7,8,8,8,9,10,16,15,11,12,13,11,11,9,-9999,14,5,7,7,7,7,7,7,7
"31-05-2023",6,7,7,7,7,7,7,8,8,7,8,7,7,7,8,8,8,8,11,12,10,9,9,6
"01-06-2023",9,9,9,8,10,12,13,15,13,12,12,9,8,7,8,8,8,8,8,8,8,8,9,10
"02-06-2023",9,18,19,26,27,19,14,14,17,16,18,18,12,11,9,8,8,8,8,6,7,8,7,8
"03-06-2023",8,8,7,7,8,8,9,10,12,12,12,11,11,14,11,8,8,8,8,7,8,8,8,8
"04-06-2023",7,8,8,8,8,9,9,10,16,22,20,15,15,15,18,14,9,9,9,8,8,9,9,8
"05-06-2023",9,9,8,7,9,8,10,9,8,9,7,8,8,8,8,8,8,9,8,7,8,7,8,9
"06-06-2023",7,6,7,5,9,9,9,11,10,11,10,9,9,8,8,9,9,10,12,13,11,10,9,9
"07-06-2023",10,12,12,11,27,39,27,67,23,22,13,8,10,15,12,10,10,9,11,11,12,11,11,10
"08-06-2023",10,9,11,13,17,17,13,17,21,18,15,8,14,14,12,12,12,9,9,9,7,9,9,8
"09-06-2023",8,8,7,8,8,8,8,10,12,22,20,11,11,11,12,11,9,9,9,8,8,8,8,8
"10-06-2023",9,8,9,9,10,10,10,11,11,8,9,10,11,11,10,10,10,9,10,9,9,9,10,13
"11-06-2023",11,11,10,12,13,11,11,11,10,9,9,10,11,12,11,10,9,10,7,8,8,9,9,9
"12-06-2023",8,8,9,11,11,11,11,13,13,14,14,14,11,12,11,10,9,8,8,9,9,9,10,9
"13-06-2023",11,14,19,16,14,13,12,12,12,14,16,14,12,12,10,10,9,9,9,8,9,9,10,9
"14-06-2023",8,9,8,9,8,8,10,12,13,13,13,12,11,11,11,10,10,8,8,8,8,7,7,7
"15-06-2023",8,8,7,8,8,8,9,9,9,10,13,13,13,11,11,10,10,10,10,9,8,8,8,9
"16-06-2023",6,8,9,9,11,10,10,10,11,11,10,10,10,9,10,10,10,9,9,9,9,8,8,8
"17-06-2023",9,8,8,8,9,7,9,9,9,10,9,9,10,10,10,10,9,8,8,8,8,8,9,9
"18-06-2023",9,9,9,9,9,9,10,8,8,8,8,8,8,9,9,10,10,9,9,8,9,7,8,10
"19-06-2023",9,10,10,9,8,9,10,11,11,10,12,12,12,12,14,15,12,8,8,8,7,8,7,8
"20-06-2023",6,7,7,5,6,9,9,10,12,16,23,14,25,46,26,15,11,10,9,8,7,8,8,8
"21-06-2023",8,8,9,7,9,9,10,9,11,10,10,12,14,10,10,9,9,9,9,9,8,13,12,9
"22-06-2023",9,10,10,10,9,8,10,10,12,19,-9999,-9999,-9999,-9999,2,4,5,5,5,5,5,6,5,6
"23-06-2023",5,6,5,6,6,7,6,5,4,3,4,3,2,3,4,3,3,3,4,4,3,4,3,2
"24-06-2023",3,3,4,6,8,14,14,11,11,10,11,6,4,4,7,5,4,3,3,3,3,3,3,3
"25-06-2023",3,3,3,3,2,5,6,7,13,13,12,13,10,13,6,3,3,3,3,4,4,5,4,4
"26-06-2023",5,4,4,4,4,5,5,5,6,7,8,7,6,5,-9999,4,3,4,3,4,4,4,4,3
"27-06-2023",4,4,3,3,3,4,3,4,4,4,3,3,5,3,3,3,3,2,3,4,3,3,3,3
"28-06-2023",2,4,5,5,6,7,8,7,6,10,7,5,6,7,7,5,4,4,4,4,3,4,3,3
"29-06-2023",4,4,3,2,3,3,4,4,5,6,7,6,5,5,3,4,4,4,4,3,3,3,3,3
"30-06-2023",2,3,3,3,3,3,4,4,4,4,3,3,4,3,3,4,3,3,3,4,3,3,3,3
"01-07-2023",4,4,2,3,4,4,4,4,5,5,4,3,3,2,4,4,4,4,2,3,3,3,3,3
"02-07-2023",2,3,4,4,4,4,4,4,4,4,4,4,4,4,4,4,3,4,4,4,4,4,4,4
"03-07-2023",4,4,3,3,3,3,3,4,3,3,4,3,2,2,3,3,4,3,4,3,3,3,3,3
"04-07-2023",3,3,2,3,3,3,4,3,3,4,4,4,4,4,4,4,3,3,3,4,4,4,4,3
"05-07-2023",4,4,4,3,4,4,4,5,4,4,4,3,4,4,4,4,3,3,4,4,4,3,3,3
"06-07-2023",3,3,3,4,4,4,4,5,5,4,5,5,5,5,5,5,5,4,3,4,4,5,4,4
"07-07-2023",5,4,4,4,5,9,10,10,7,8,8,7,5,6,6,5,3,4,4,4,3,4,3,4
"08-07-2023",3,4,3,4,4,5,6,7,5,5,5,6,5,6,5,5,4,4,4,5,4,4,3,4
"09-07-2023",4,4,4,3,4,4,4,3,3,3,4,5,5,3,3,2,3,3,4,4,3,3,3,3
"10-07-2023",3,3,4,4,5,6,8,10,9,7,7,5,5,6,5,4,4,4,4,4,4,5,5,6
"11-07-2023",5,5,5,9,19,12,22,19,17,28,27,12,13,8,9,8,8,5,4,4,4,4,4,4
"12-07-2023",6,6,6,5,6,7,7,11,13,17,12,6,9,8,8,6,5,4,4,6,5,6,5,8
"13-07-2023",10,8,10,9,12,10,12,17,18,20,20,13,12,14,11,6,4,4,4,5,4,5,5,6
"14-07-2023",7,8,9,11,13,11,10,25,31,21,24,16,12,12,13,8,8,7,6,6,6,6,5,7
"15-07-2023",6,5,6,7,6,6,8,16,15,9,8,13,9,7,7,7,6,5,5,5,5,6,5,5
"16-07-2023",4,5,6,6,6,6,9,7,8,7,7,7,7,6,5,5,6,7,5,5,5,6,5,6
"17-07-2023",6,5,5,7,10,9,11,14,12,10,9,7,6,7,6,6,6,6,5,5,4,5,5,5
"18-07-2023",5,6,18,14,9,7,6,7,9,8,6,7,7,6,6,6,6,6,5,6,7,6,6,6
"19-07-2023",7,7,5,6,6,6,6,8,8,6,6,6,6,6,6,6,6,6,6,6,6,6,6,7
"20-07-2023",6,14,64,37,22,18,18,16,14,-9999,-9999,10,9,8,8,7,7,7,6,6,6,5,5,5
"21-07-2023",5,5,5,5,5,5,5,6,5,4,3,3,3,4,4,4,4,4,4,5,4,4,4,3
"22-07-2023",3,4,4,5,4,6,5,6,7,5,5,5,10,20,11,6,5,5,5,4,4,4,4,5
"23-07-2023",5,5,4,4,4,5,4,6,7,8,9,8,4,3,4,4,3,3,3,4,3,3,3,3
"24-07-2023",2,4,5,5,4,5,5,5,5,7,5,4,5,5,5,5,4,4,4,4,5,4,4,4
"25-07-2023",4,4,4,3,4,4,3,5,5,5,4,3,3,3,4,4,3,4,4,4,4,4,4,4
"26-07-2023",3,4,5,4,5,4,6,6,7,6,7,6,6,5,5,5,5,5,5,6,5,5,4,5
"27-07-2023",4,4,4,4,4,4,4,7,7,6,7,6,5,5,5,6,5,4,4,5,3,3,3,4
"28-07-2023",4,2,2,6,6,5,4,4,4,5,6,-9999,-9999,-9999,-9999,-9999,-9999,-9999,-9999,-9999,-9999,-9999,-9999,-9999
"29-07-2023",-9999,-9999,-9999,-9999,-9999,-9999,-9999,-9999,-9999,-9999,-9999,-9999,-9999,-9999,-9999,-9999,-9999,-9999,-9999,-9999,-9999,-9999,-9999,-9999
"30-07-2023",-9999,-9999,-9999,-9999,-9999,-9999,-9999,-9999,-9999,-9999,-9999,-9999,-9999,-9999,-9999,-9999,-9999,-9999,-9999,-9999,-9999,-9999,-9999,-9999
"31-07-2023",-9999,-9999,-9999,-9999,-9999,-9999,-9999,-9999,-9999,-9999,-9999,-9999,-9999,-9999,-9999,6,8,8,8,8,7,8,7,6
"01-08-2023",2,7,8,8,8,7,9,8,9,7,7,7,8,6,7,7,7,7,7,6,6,7,6,5
"02-08-2023",6,6,6,6,6,6,6,7,6,-9999,7,6,7,7,6,6,6,6,7,6,5,6,6,6
"03-08-2023",5,6,7,7,7,7,6,7,6,7,7,7,6,6,7,6,6,6,6,6,6,6,6,6
"04-08-2023",7,6,6,6,6,6,7,7,7,7,6,6,6,6,6,5,7,6,7,6,6,6,6,6
"05-08-2023",6,7,7,6,6,6,7,8,7,8,7,7,7,7,7,6,7,7,7,2,4,7,7,6
"06-08-2023",8,7,7,6,7,7,6,7,7,6,7,6,7,6,7,6,7,8,7,7,6,6,7,6
"07-08-2023",6,6,6,6,6,4,8,6,7,7,7,7,7,6,6,6,7,6,6,7,7,6,7,7
"08-08-2023",6,7,6,5,5,7,7,7,7,6,7,7,7,7,8,6,6,7,6,7,5,6,5,4
"09-08-2023",4,6,6,6,6,6,6,6,5,4,7,6,7,7,6,6,6,7,6,7,6,7,6,6
"10-08-2023",6,7,7,6,5,5,5,7,6,7,9,7,7,7,7,6,6,7,7,7,6,5,6,6
"11-08-2023",5,7,8,10,9,10,9,9,10,8,8,8,8,8,7,7,7,6,6,6,6,6,7,8
"12-08-2023",10,11,18,15,9,9,12,13,14,9,8,8,7,6,7,6,7,6,7,7,7,8,10,11
"13-08-2023",10,13,16,15,11,9,8,7,7,7,7,7,8,7,6,6,7,7,6,7,6,6,6,10
"14-08-2023",13,16,13,11,10,8,7,7,6,6,6,6,6,6,5,6,6,5,6,6,6,7,7,7
"15-08-2023",8,8,6,20,27,22,15,16,16,15,13,13,12,10,8,7,7,7,7,6,6,6,6,6
"16-08-2023",7,6,5,6,6,6,7,7,6,6,6,7,6,6,7,6,7,6,6,6,5,7,6,7
"17-08-2023",6,6,7,7,7,7,7,7,6,7,7,6,5,7,7,7,7,7,7,7,7,7,8,7
"18-08-2023",7,7,8,9,10,9,10,12,9,9,8,7,7,7,7,7,7,7,7,7,8,7,7,6
"19-08-2023",9,9,8,9,8,9,10,10,9,10,9,8,8,7,8,9,9,9,9,9,11,10,10,23
"20-08-2023",17,21,17,14,16,15,14,15,11,9,9,6,8,7,8,8,8,8,8,7,9,10,11,11
"21-08-2023",10,9,9,10,9,9,7,8,9,10,-9999,-9999,-9999,-9999,7,8,7,7,8,8,8,8,6,7
"22-08-2023",8,6,7,9,11,16,9,4,6,7,6,6,6,6,6,6,6,6,6,6,7,10,12,13
"23-08-2023",9,12,11,11,14,12,17,16,11,12,15,12,9,8,7,7,6,6,6,6,6,7,9,9
"24-08-2023",10,11,10,9,8,7,12,18,10,8,7,7,6,6,6,6,6,5,5,5,6,6,6,6
"25-08-2023",5,8,9,6,8,9,14,18,14,10,9,7,6,6,7,6,6,5,5,7,6,6,7,7
"26-08-2023",9,7,8,11,11,10,10,12,9,8,8,6,7,7,8,7,8,8,7,7,9,10,13,15
"27-08-2023",23,14,12,9,12,10,13,18,11,9,7,6,6,6,5,5,6,6,6,6,6,5,6,7
"28-08-2023",7,8,7,6,7,7,10,9,8,5,7,5,6,6,5,5,5,6,5,5,5,5,5,5
"29-08-2023",5,4,5,5,5,6,6,6,6,6,6,5,6,6,6,6,6,5,5,5,5,5,6,6
"30-08-2023",6,5,5,5,5,5,6,6,6,7,7,8,7,7,8,7,5,5,4,5,5,6,6,6
"31-08-2023",7,6,6,6,6,7,7,6,7,7,8,7,4,6,7,7,8,10,6,6,6,7,8,6
"01-09-2023",5,6,6,9,26,78,59,27,12,14,13,9,11,20,32,24,17,12,14,12,14,15,11,12
"02-09-2023",11,16,15,14,11,12,14,17,10,9,10,7,7,-9999,45,16,4,5,5,5,5,5,6,12
"03-09-2023",15,15,11,7,6,5,5,4,4,4,5,4,5,5,5,5,5,5,5,5,5,5,6,5
"04-09-2023",5,8,12,11,10,13,15,14,11,8,7,7,7,7,6,6,5,6,5,5,7,7,6,6
"05-09-2023",7,6,5,6,7,8,8,9,8,9,7,8,8,6,7,6,6,6,6,6,6,6,5,5
"06-09-2023",5,5,5,4,6,5,5,5,5,4,6,6,6,5,5,6,6,5,6,5,5,4,5,5
"07-09-2023",5,5,5,4,5,4,5,6,5,5,5,5,6,6,5,5,5,4,5,5,5,5,6,5
"08-09-2023",5,5,5,5,5,5,5,5,5,5,6,5,5,5,5,5,6,5,5,5,5,5,4,6
"09-09-2023",6,6,5,5,6,5,5,6,6,5,5,5,5,5,5,5,5,5,5,5,5,5,6,7
"10-09-2023",9,9,9,9,12,12,13,11,9,7,6,6,5,6,6,6,5,6,6,6,6,6,5,5
"11-09-2023",7,6,6,2,6,5,5,5,5,5,5,6,5,7,5,6,6,5,6,7,4,3,5,5
"12-09-2023",7,6,7,8,8,7,8,13,9,10,10,7,6,7,6,6,6,11,12,8,7,9,10,12
"13-09-2023",15,10,12,12,24,31,23,14,14,12,10,7,2,2,7,9,11,7,6,6,7,6,5,6
"14-09-2023",6,3,11,7,6,8,8,8,8,9,11,8,9,11,14,11,10,11,7,7,5,6,6,6
"15-09-2023",5,5,5,6,5,6,8,8,9,12,13,15,11,16,14,12,8,6,7,7,7,6,6,6
"16-09-2023",7,8,9,9,9,9,11,11,12,17,13,8,12,14,13,10,11,10,9,7,7,6,6,6
"17-09-2023",7,7,6,10,12,11,10,18,14,10,8,7,7,7,6,6,6,6,6,6,5,5,6,8
"18-09-2023",12,13,11,10,9,8,8,8,8,7,7,7,7,6,5,6,5,6,6,6,6,7,7,8
"19-09-2023",9,9,9,6,7,7,6,6,6,6,6,6,6,7,5,6,8,9,10,8,12,13,8,8
"20-09-2023",7,7,7,6,6,8,9,9,12,17,-9999,-9999,-9999,4,3,4,4,3,4,3,4,3,3,3
"21-09-2023",4,3,5,3,4,4,3,5,7,7,4,8,11,7,6,6,9,7,5,3,2,2,2,2
"22-09-2023",2,2,2,2,3,4,3,5,6,17,27,17,10,15,23,42,16,9,6,6,6,9,7,6
"23-09-2023",5,6,5,5,6,6,6,7,7,6,10,20,21,17,15,8,6,6,7,5,4,3,4,3
"24-09-2023",4,7,9,7,12,13,17,13,14,19,32,22,11,11,8,5,5,5,3,3,3,4,3,4
"25-09-2023",3,3,3,3,2,3,3,4,4,4,4,4,4,4,4,3,2,4,4,4,3,3,3,4
"26-09-2023",4,4,5,4,5,4,3,4,4,4,3,3,3,4,4,4,4,2,3,3,3,3,3,4
"27-09-2023",3,2,3,2,2,3,3,2,3,3,3,2,2,3,2,4,4,5,3,3,4,3,4,4
"28-09-2023",4,5,4,3,3,4,5,6,5,5,2,3,5,5,4,2,2,4,4,3,3,3,2,4
"29-09-2023",5,5,5,7,8,6,6,6,5,7,7,4,5,5,4,4,2,2,3,3,5,5,5,13
"30-09-2023",7,2,4,2,3,5,4,6,9,10,9,10,8,5,5,4,4,3,3,4,7,6,6,7
"01-10-2023",8,10,9,6,7,8,8,7,10,9,16,10,7,6,4,4,4,3,3,4,5,8,9,9
"02-10-2023",10,7,8,10,8,6,5,6,5,6,6,5,4,4,5,5,5,4,5,3,4,4,3,4
"03-10-2023",3,3,3,2,2,3,2,5,4,3,3,2,2,2,2,2,5,4,6,3,4,6,9,7
"04-10-2023",6,11,24,21,13,10,10,11,20,59,52,26,23,14,15,9,10,9,9,8,8,7,5,3
"05-10-2023",5,13,15,8,5,6,5,6,6,6,6,8,6,7,4,5,4,6,4,4,3,5,6,7
"06-10-2023",6,5,5,4,4,4,5,5,8,10,20,17,14,13,13,11,7,5,6,6,5,5,5,5
"07-10-2023",5,7,10,6,8,9,8,8,7,7,5,2,3,4,3,3,2,3,4,2,2,4,5,6
"08-10-2023",6,6,9,12,9,6,4,4,2,6,9,9,6,10,10,9,6,5,5,4,3,3,3,3
"09-10-2023",4,4,3,4,4,4,5,13,9,7,5,3,5,6,4,5,4,4,4,4,3,3,3,3
"10-10-2023",2,3,4,3,3,3,4,4,5,5,4,6,4,4,3,3,3,3,3,3,2,3,3,2
"11-10-2023",2,4,4,3,2,2,2,3,4,5,5,5,4,4,3,3,3,2,3,2,2,2,2,2
"12-10-2023",2,2,2,2,3,2,3,3,2,2,4,3,4,4,4,6,9,9,8,7,10,5,13,14
"13-10-2023",12,8,5,3,3,3,3,4,5,5,16,29,24,13,8,9,9,7,7,6,5,4,4,5
"14-10-2023",4,3,3,4,4,4,3,5,5,6,11,18,19,14,13,17,11,7,7,5,4,3,3,4
"15-10-2023",4,3,4,4,3,4,4,5,5,4,5,4,6,6,2,3,4,3,4,3,2,2,3,3
"16-10-2023",3,3,4,4,3,3,3,4,5,4,4,4,4,6,5,5,4,3,4,3,4,4,2,3
"17-10-2023",2,2,2,2,2,2,2,3,3,3,3,-9999,3,4,2,4,3,4,4,3,3,2,3,3
"18-10-2023",2,3,3,3,3,3,3,4,3,8,11,10,9,32,44,16,9,8,6,4,4,4,3,3
"19-10-2023",3,3,4,3,3,3,2,4,4,3,3,3,3,3,3,4,4,2,3,3,2,3,3,3
"20-10-2023",2,2,2,3,3,3,4,3,5,4,2,2,3,3,3,2,2,2,2,3,3,2,2,3
"21-10-2023",3,3,2,2,2,3,2,2,2,2,2,2,2,2,2,2,2,2,2,3,2,2,2,2
"22-10-2023",2,2,2,2,3,2,2,2,2,2,2,2,2,2,2,2,2,2,2,2,3,3,3,3
"23-10-2023",2,2,2,2,2,2,3,3,4,4,3,2,2,3,2,3,2,3,3,3,2,2,2,2
"24-10-2023",2,3,3,3,3,4,3,4,4,4,3,4,4,3,3,4,4,3,2,3,2,3,3,3
"25-10-2023",3,2,3,3,3,3,2,3,5,5,4,3,3,3,2,2,2,2,3,3,2,2,2,3
"26-10-2023",2,3,3,3,3,4,4,4,5,5,4,2,3,3,4,4,4,3,3,4,3,3,4,4
"27-10-2023",4,4,3,4,4,4,5,7,5,3,4,3,3,4,3,4,3,4,3,3,3,3,3,2
"28-10-2023",3,4,3,4,4,2,2,3,3,4,4,4,4,5,3,3,3,3,4,3,3,3,3,3
"29-10-2023",3,2,2,2,3,3,3,4,3,3,3,3,3,4,5,6,6,4,4,4,3,3,3,2
"30-10-2023",9,6,5,4,5,5,4,5,4,6,9,8,11,20,19,17,9,6,4,5,4,4,4,4
"31-10-2023",3,3,3,3,3,4,4,4,4,3,5,7,9,6,6,7,4,3,4,3,2,3,3,2
"01-11-2023",3,4,4,3,3,4,4,5,4,5,5,5,3,6,7,8,8,6,5,3,5,4,4,4
"02-11-2023",4,3,3,3,4,4,7,10,6,6,7,5,6,5,6,7,9,12,8,7,2,5,7,5
"03-11-2023",5,5,5,5,5,5,7,6,6,6,6,8,6,5,4,4,4,2,3,5,5,3,3,2
"04-11-2023",4,4,3,3,3,2,3,4,4,4,3,4,4,4,3,4,2,2,5,4,4,4,4,5
"05-11-2023",5,4,5,4,2,5,5,6,6,6,7,8,8,7,7,7,9,9,8,7,7,6,4,2
"06-11-2023",4,4,4,4,4,3,4,5,4,4,5,9,8,10,5,6,5,5,5,4,4,5,5,5
"07-11-2023",6,7,5,5,4,4,4,4,5,7,8,7,6,6,8,7,5,5,5,3,2,4,4,5
"08-11-2023",5,4,4,4,4,4,4,5,6,5,7,8,6,4,4,4,2,3,4,4,5,5,4,4
"09-11-2023",4,5,3,4,4,3,4,4,4,4,4,5,5,6,4,4,4,4,4,4,3,3,2,3
"10-11-2023",4,4,3,3,2,3,2,3,6,6,4,4,4,4,4,4,3,4,5,5,6,5,4,5
"11-11-2023",5,5,4,4,4,5,5,4,5,4,4,4,4,4,4,5,5,4,4,5,5,5,4,4
"12-11-2023",6,5,4,4,4,5,4,6,6,6,17,21,15,7,13,11,8,5,5,5,5,4,5,4
"13-11-2023",5,5,5,4,5,5,5,5,4,5,5,5,4,5,4,4,11,9,8,11,7,6,6,5
"14-11-2023",5,5,4,4,4,4,6,6,6,9,8,4,4,6,5,5,6,7,7,6,6,6,5,5
"15-11-2023",4,4,5,5,5,5,5,7,6,7,7,6,7,8,7,7,6,6,5,5,4,5,5,4
"16-11-2023",5,4,5,6,5,5,5,6,6,6,-9999,6,6,8,7,8,6,7,5,4,4,5,4,4
"17-11-2023",3,2,2,3,3,4,4,5,6,5,5,-9999,-9999,-9999,-9999,-9999,-9999,-9999,-9999,-9999,-9999,-9999,-9999,-9999
"18-11-2023",-9999,-9999,-9999,-9999,-9999,-9999,-9999,-9999,-9999,-9999,-9999,-9999,-9999,-9999,-9999,-9999,-9999,-9999,-9999,-9999,-9999,-9999,-9999,-9999
"19-11-2023",-9999,-9999,-9999,-9999,-9999,-9999,-9999,-9999,-9999,-9999,-9999,-9999,-9999,-9999,-9999,-9999,-9999,-9999,-9999,-9999,-9999,-9999,-9999,-9999
"20-11-2023",-9999,-9999,-9999,-9999,-9999,-9999,-9999,-9999,-9999,-9999,-9999,-9999,-9999,-9999,-9999,-9999,-9999,-9999,-9999,-9999,-9999,-9999,-9999,-9999
"21-11-2023",-9999,-9999,-9999,-9999,-9999,-9999,-9999,-9999,-9999,-9999,-9999,-9999,-9999,-9999,-9999,-9999,-9999,-9999,-9999,-9999,-9999,-9999,-9999,-9999
"22-11-2023",-9999,-9999,-9999,-9999,-9999,-9999,-9999,-9999,-9999,-9999,-9999,-9999,-9999,-9999,-9999,-9999,4,4,4,3,4,4,4,3
"23-11-2023",3,5,4,4,4,4,4,4,5,4,4,4,4,4,3,5,3,4,3,4,4,4,4,4
"24-11-2023",5,4,5,4,3,4,5,6,6,4,4,4,4,5,4,4,4,5,5,5,5,5,6,6
"25-11-2023",5,5,6,6,6,7,6,5,2,6,6,7,4,8,9,7,7,7,6,7,7,7,7,7
"26-11-2023",7,6,6,6,6,5,5,5,7,5,5,6,8,7,6,6,6,7,6,3,4,4,5,4
"27-11-2023",5,5,6,4,5,5,5,7,7,8,10,7,5,6,5,8,8,6,5,7,9,9,8,7
"28-11-2023",7,7,7,5,5,5,5,5,4,4,5,5,4,5,4,5,5,4,4,5,5,5,5,4
"29-11-2023",5,6,5,4,5,5,4,5,7,7,5,5,6,5,5,6,6,5,5,6,5,7,6,5
"30-11-2023",6,3,2,4,4,4,3,6,7,9,7,6,6,6,6,7,7,7,6,6,7,6,6,5
"01-12-2023",4,5,5,4,4,5,5,6,10,21,21,16,13,10,9,8,7,6,6,5,7,7,7,7
"02-12-2023",8,6,6,6,6,5,6,6,6,6,6,5,3,3,4,5,4,4,4,4,4,4,4,4
"03-12-2023",3,3,4,4,4,3,4,4,4,4,4,5,5,5,4,4,3,4,4,4,4,4,4,3
"04-12-2023",5,4,3,3,3,3,4,5,6,5,4,5,6,6,5,5,5,4,3,4,4,3,4,3
"05-12-2023",3,3,3,3,4,4,4,4,5,4,3,4,4,5,5,5,4,4,5,5,2,4,5,4
"06-12-2023",5,4,4,4,5,6,5,6,6,6,5,5,6,7,6,6,5,6,6,6,5,7,5,5
"07-12-2023",4,5,3,4,5,4,6,7,8,8,7,7,8,7,9,13,9,8,7,7,7,6,5,6
"08-12-2023",6,5,5,3,5,6,5,7,7,7,6,5,4,6,8,9,8,6,6,11,9,11,9,8
"09-12-2023",10,8,7,6,7,6,7,7,8,13,7,7,8,9,8,7,6,6,7,6,5,6,7,7
"10-12-2023",7,5,5,5,4,3,6,4,5,7,13,13,13,15,10,9,7,6,6,6,14,6,5,5
"11-12-2023",5,5,5,5,4,4,6,5,6,6,8,8,8,10,11,9,9,6,6,6,6,9,8,8
"12-12-2023",9,8,7,7,6,7,7,6,8,8,8,7,8,9,9,12,10,11,9,8,8,9,8,8
"13-12-2023",7,6,6,6,6,6,6,8,9,9,10,9,10,10,11,10,6,6,5,7,6,7,6,6
"14-12-2023",7,7,6,6,5,6,7,7,8,8,9,7,5,5,6,6,5,5,5,5,5,5,5,4
"15-12-2023",4,5,4,5,4,6,5,6,6,5,5,5,4,5,2,4,5,4,4,4,4,4,4,5
"16-12-2023",5,5,4,5,4,4,5,4,4,6,5,3,5,4,4,5,5,5,4,4,3,3,3,3
"17-12-2023",2,2,2,2,2,3,2,2,2,3,2,2,3,3,3,3,2,2,4,3,5,5,4,4
"18-12-2023",5,3,4,3,2,3,3,5,4,9,8,9,7,6,5,7,6,6,11,12,11,9,13,13
"19-12-2023",13,13,11,11,14,9,8,9,11,16,17,10,10,11,7,6,6,7,9,10,12,11,11,9
"20-12-2023",10,8,6,6,6,6,6,7,10,12,10,9,8,8,7,9,7,7,5,5,5,4,4,5
"21-12-2023",4,5,5,6,6,6,6,6,7,7,6,6,7,7,7,6,8,7,7,8,9,10,9,10
"22-12-2023",10,9,8,9,8,8,7,8,11,11,10,10,11,11,13,15,10,9,9,8,8,8,7,7
"23-12-2023",6,6,7,8,7,7,7,8,6,8,7,9,7,8,8,7,6,7,7,6,7,7,6,5
"24-12-2023",6,5,5,5,6,6,6,5,5,8,8,10,9,9,9,10,14,14,9,8,8,9,9,9
"25-12-2023",8,8,6,7,6,7,6,6,6,6,7,7,7,7,14,13,11,9,7,6,6,6,6,8
"26-12-2023",8,6,6,6,6,6,5,6,6,5,8,9,7,10,10,8,6,6,6,6,6,7,6,7
"27-12-2023",4,5,5,5,6,5,5,7,8,9,16,-9999,-9999,15,13,10,9,9,8,7,7,7,7,9
"28-12-2023",11,9,7,6,5,6,6,7,7,9,10,12,13,17,19,20,19,11,11,9,9,9,9,7
"29-12-2023",4,5,5,5,5,5,5,7,7,7,6,6,7,13,14,15,7,5,7,9,5,7,6,7
"30-12-2023",8,6,5,6,4,5,5,5,5,6,6,6,7,6,6,5,6,5,5,6,6,7,8,6
"31-12-2023",5,6,4,5,4,5,5,5,6,6,6,12,11,11,8,7,7,6,6,5,6,6,7,8

