"01-01-2021",9,-9999,10,7,4,5,-9999,7,17,21,14,15,8,6,3,4,13,34,48,42,42,40,40,-9999
"02-01-2021",28,16,10,11,8,12,20,24,27,27,25,22,24,22,20,29,38,47,38,37,39,44,22,12
"03-01-2021",10,6,11,4,3,3,4,9,11,17,11,22,27,21,17,20,23,36,41,33,40,42,41,34
"04-01-2021",28,23,22,14,5,-9999,-9999,17,63,46,43,43,50,46,47,40,41,47,20,30,41,22,11,8
"05-01-2021",6,11,6,6,9,12,25,45,-9999,-9999,43,43,35,32,36,26,26,-9999,-9999,47,-9999,39,25,22
"06-01-2021",15,23,13,15,17,12,15,32,38,24,25,29,26,20,10,16,23,34,25,27,28,15,11,9
"07-01-2021",5,5,4,4,5,11,16,23,32,36,25,22,20,23,19,20,18,47,48,50,61,64,52,41
"08-01-2021",17,13,17,11,13,13,40,32,36,52,36,29,36,30,35,33,28,34,24,38,42,47,35,10
"09-01-2021",12,18,5,6,5,8,10,-9999,-9999,-9999,-9999,-9999,-9999,-9999,32,13,16,19,48,46,-9999,-9999,-9999,-9999
"10-01-2021",15,13,10,7,5,8,13,14,29,19,18,20,22,21,36,36,49,42,48,48,47,44,35,35
"11-01-2021",23,6,3,3,3,5,9,11,25,30,29,24,22,22,18,21,28,26,25,23,31,28,30,15
"12-01-2021",11,11,6,3,4,11,16,22,32,29,24,30,28,24,21,15,12,14,32,19,23,14,10,7
"13-01-2021",6,6,5,4,5,13,26,39,38,36,25,24,24,23,13,22,22,17,15,16,23,13,6,9
"14-01-2021",8,5,6,4,6,10,23,31,29,36,28,23,21,23,24,20,25,36,45,36,32,17,15,7
"15-01-2021",5,5,4,4,7,18,29,47,44,44,36,29,28,24,28,27,24,29,35,38,38,24,17,13
"16-01-2021",16,11,10,7,6,9,12,23,26,27,33,27,35,33,33,23,15,18,33,39,30,26,32,34
"17-01-2021",18,13,15,6,8,4,-9999,12,13,15,7,7,7,9,9,7,13,24,64,43,51,44,24,20
"18-01-2021",12,42,88,5,5,8,23,44,46,35,39,32,29,23,20,25,25,32,45,49,53,49,38,23
"19-01-2021",11,13,10,6,7,13,31,44,55,54,45,33,22,21,20,19,25,44,55,62,53,50,34,24
"20-01-2021",17,15,9,8,12,17,35,58,58,75,65,42,45,30,31,27,34,52,67,70,72,61,42,43
"21-01-2021",38,18,6,5,7,20,35,50,62,41,40,41,42,44,31,25,25,31,40,52,62,54,34,20
"22-01-2021",13,12,5,5,6,9,17,30,50,54,44,55,50,44,42,34,32,43,48,60,45,50,52,41
"23-01-2021",38,23,21,15,11,11,30,24,26,33,28,19,19,19,31,17,12,17,21,20,26,21,11,7
"24-01-2021",8,8,9,6,4,6,10,7,9,10,12,12,11,12,12,14,10,14,19,23,23,12,10,6
"25-01-2021",5,5,3,3,3,9,10,14,19,25,29,29,28,23,21,19,20,22,38,39,30,21,11,8
"26-01-2021",7,6,3,3,3,5,10,12,21,24,26,21,24,21,21,18,17,28,44,33,38,12,9,5
"27-01-2021",4,4,3,3,3,5,7,16,15,19,18,12,11,13,11,12,9,9,11,16,21,12,9,27
"28-01-2021",11,15,13,7,9,10,23,47,57,46,19,20,21,18,22,18,24,37,55,50,55,34,22,14
"29-01-2021",12,11,8,9,12,23,31,44,63,70,62,34,33,47,55,36,52,47,71,72,62,52,20,14
"30-01-2021",6,5,4,3,3,4,5,10,14,21,25,19,19,18,16,20,13,28,20,32,29,33,27,22
"31-01-2021",12,7,6,6,6,9,17,25,29,37,24,21,18,20,24,24,26,26,20,20,37,42,8,7
"01-02-2021",6,4,4,33,3,8,19,28,32,36,41,36,26,29,27,36,26,23,22,21,24,19,10,8
"02-02-2021",6,7,4,4,5,14,52,58,62,63,58,58,51,55,48,50,43,57,58,86,49,50,43,40
"03-02-2021",36,29,21,19,12,21,35,41,48,57,59,24,21,27,20,25,26,30,47,54,41,35,28,16
"04-02-2021",12,15,10,9,8,23,41,48,57,56,39,24,26,26,21,25,22,27,50,46,45,35,23,20
"05-02-2021",13,12,6,6,8,17,29,49,57,56,41,22,21,24,19,14,16,35,47,55,52,46,38,28
"06-02-2021",22,15,9,7,8,14,25,41,47,46,36,13,14,14,9,15,26,22,51,55,55,53,39,30
"07-02-2021",20,12,12,9,7,8,13,19,23,28,16,13,21,14,13,26,34,48,52,60,53,35,36,34
"08-02-2021",18,13,11,8,8,16,21,26,49,33,27,21,16,17,15,17,20,42,23,18,17,15,9,7
"09-02-2021",5,5,4,4,4,6,12,15,20,20,17,19,20,29,21,19,23,16,14,28,17,23,15,7
"10-02-2021",5,6,4,4,5,7,23,40,52,34,29,27,27,21,21,19,21,42,27,24,37,15,20,30
"11-02-2021",22,25,12,8,12,28,48,43,45,28,17,23,21,25,24,20,23,26,24,17,19,16,17,22
"12-02-2021",13,11,7,8,9,15,24,47,54,49,29,17,14,17,18,15,16,18,22,12,32,31,24,14
"13-02-2021",10,14,9,6,6,12,17,30,43,35,45,49,32,34,49,28,25,28,32,30,39,42,29,24
"14-02-2021",8,6,6,5,4,4,7,9,10,16,18,22,14,10,8,8,9,10,15,26,26,14,10,11
"15-02-2021",4,7,4,6,5,6,9,11,15,15,15,21,19,18,15,17,16,19,18,15,13,14,12,11
"16-02-2021",11,6,3,3,5,20,20,43,29,25,22,24,19,10,7,12,17,17,27,46,45,27,6,11
"17-02-2021",8,9,7,5,6,17,28,36,41,42,31,26,16,15,10,14,15,22,39,36,39,44,33,21
"18-02-2021",19,18,18,11,11,25,38,52,56,33,33,19,19,19,21,21,12,24,47,61,59,58,53,48
"19-02-2021",23,29,13,11,20,27,42,47,58,62,42,21,12,10,8,14,16,27,49,62,64,51,40,33
"20-02-2021",25,24,15,8,8,10,15,31,43,41,19,17,15,15,28,21,12,18,41,36,41,40,27,21
"21-02-2021",17,18,13,8,8,9,11,14,23,15,12,12,10,11,9,10,9,15,18,21,42,34,25,33
"22-02-2021",26,11,5,5,5,15,22,38,43,33,26,27,28,19,16,12,28,28,45,63,62,56,54,49
"23-02-2021",47,26,18,16,17,28,39,53,60,67,51,31,12,9,17,11,28,27,39,63,67,63,62,62
"24-02-2021",56,51,47,36,38,33,47,53,56,55,53,35,26,22,35,45,41,42,63,70,72,69,59,42
"25-02-2021",33,21,19,12,9,22,36,61,72,74,50,31,31,29,27,32,26,25,29,37,35,18,15,15
"26-02-2021",12,14,8,8,11,20,44,55,62,56,45,32,31,25,38,23,21,11,35,39,43,45,37,31
"27-02-2021",34,30,18,8,9,13,28,38,46,27,21,20,19,15,15,14,14,20,32,33,57,40,33,23
"28-02-2021",14,9,9,9,8,13,15,15,21,17,14,14,21,21,14,11,13,17,23,23,27,28,24,21
"01-03-2021",17,15,11,7,7,13,23,36,43,34,26,22,23,21,26,28,12,13,18,38,36,20,18,15
"02-03-2021",18,19,11,10,10,10,17,30,39,23,17,18,18,21,15,15,15,17,22,19,21,17,17,20
"03-03-2021",19,22,21,11,9,15,28,44,58,48,23,25,26,22,19,26,22,25,35,30,29,26,25,18
"04-03-2021",24,21,12,10,11,20,44,50,47,40,30,14,14,19,16,13,21,34,30,42,38,36,23,20
"05-03-2021",16,13,9,10,11,17,37,40,47,31,19,17,14,13,15,13,13,21,23,19,28,38,25,17
"06-03-2021",14,10,7,6,6,11,24,39,35,15,8,7,8,13,11,13,24,30,32,43,39,37,28,17
"07-03-2021",10,9,8,10,6,6,10,16,13,11,8,10,10,9,9,9,9,11,15,17,19,19,20,16
"08-03-2021",12,8,7,6,8,12,23,41,43,29,23,20,13,8,9,9,20,37,47,24,42,31,21,18
"09-03-2021",18,21,9,8,14,21,31,43,54,35,27,-9999,-9999,-9999,24,32,35,40,38,51,59,55,42,42
"10-03-2021",32,24,16,15,12,21,35,47,48,48,31,32,22,20,19,17,16,22,25,16,12,12,14,9
"11-03-2021",10,8,4,3,9,11,20,31,20,16,22,17,22,14,9,6,6,26,23,35,28,21,26,32
"12-03-2021",25,20,8,7,8,16,49,54,48,35,22,18,17,19,16,16,14,25,41,41,35,26,24,18
"13-03-2021",15,12,7,6,8,11,20,27,27,15,14,11,9,7,11,12,14,41,35,44,44,36,23,16
"14-03-2021",13,9,7,6,5,6,13,15,24,16,7,7,4,4,5,5,5,9,26,23,26,22,26,8
"15-03-2021",8,9,6,4,4,4,7,6,8,11,19,12,14,6,6,6,9,11,5,4,17,17,16,6
"16-03-2021",3,3,3,3,5,6,19,37,41,33,22,11,11,18,20,17,13,13,16,13,12,10,10,10
"17-03-2021",12,16,8,6,6,11,27,40,36,26,22,18,20,20,14,13,10,9,12,8,16,23,12,19
"18-03-2021",5,5,5,7,9,19,30,42,47,27,14,14,16,11,13,16,21,23,22,36,33,22,18,14
"19-03-2021",13,11,6,7,7,14,24,37,40,39,34,13,14,15,9,9,14,16,32,41,47,44,37,32
"20-03-2021",20,17,11,13,10,12,19,26,27,32,33,28,28,29,30,37,40,30,31,42,38,26,17,15
"21-03-2021",9,8,8,5,4,5,8,13,11,16,13,15,11,13,17,14,17,36,29,34,47,47,39,46
"22-03-2021",29,19,6,3,4,6,16,25,29,27,30,35,24,21,15,14,12,15,25,31,26,27,25,28
"23-03-2021",22,8,5,5,7,15,30,36,37,33,26,33,30,27,24,23,20,22,28,31,36,42,25,14
"24-03-2021",9,13,12,7,6,9,21,35,27,15,8,12,15,15,15,15,12,18,21,28,20,14,12,11
"25-03-2021",4,3,3,5,3,4,7,9,8,7,9,9,11,11,9,11,12,15,26,32,39,30,35,34
"26-03-2021",20,12,9,7,7,15,30,35,36,27,33,22,12,12,13,15,13,15,25,28,44,36,29,24
"27-03-2021",20,16,9,6,6,12,25,33,29,20,16,12,14,20,10,9,11,28,27,30,40,38,25,17
"28-03-2021",17,11,6,5,7,8,11,16,16,7,6,7,5,6,6,5,15,7,21,45,36,25,19,12
"29-03-2021",13,11,7,10,18,42,53,58,46,33,20,18,16,15,11,11,13,27,34,50,37,50,30,54
"30-03-2021",45,24,15,18,24,36,46,68,69,46,33,26,22,23,17,14,19,24,37,52,35,32,32,18
"31-03-2021",21,23,10,15,10,20,35,41,35,24,26,20,18,18,17,12,13,12,18,37,45,29,36,19
"01-04-2021",14,14,11,15,14,33,45,51,42,42,25,11,15,27,15,22,24,26,34,49,50,31,30,26
"02-04-2021",26,15,11,11,19,37,55,69,60,19,13,10,12,15,13,10,51,77,40,22,28,18,16,11
"03-04-2021",15,14,11,8,13,27,40,50,31,22,21,15,11,14,15,15,25,20,21,21,17,9,20,13
"04-04-2021",13,11,45,28,13,19,21,19,19,25,23,24,27,29,26,23,60,47,43,25,27,29,14,5
"05-04-2021",7,12,12,14,14,23,43,48,44,21,18,18,18,30,30,20,29,29,37,36,29,21,16,10
"06-04-2021",24,17,7,8,17,23,25,31,30,23,24,17,24,23,16,11,22,26,24,16,18,15,12,7
"07-04-2021",6,3,3,3,5,10,15,17,18,18,25,24,23,12,9,10,12,27,13,14,12,10,10,6
"08-04-2021",7,4,3,4,5,8,11,11,20,20,21,15,15,15,12,11,17,11,23,27,21,18,13,9
"09-04-2021",7,6,6,5,11,25,38,53,22,18,23,25,18,20,17,20,18,19,23,29,41,35,20,19
"10-04-2021",18,15,11,9,9,19,22,31,23,24,15,9,10,9,9,12,13,24,17,45,33,20,15,11
"11-04-2021",7,5,5,5,4,9,18,14,13,8,6,4,4,7,6,12,12,26,14,20,32,29,24,14
"12-04-2021",20,17,13,10,16,37,58,47,44,31,19,15,10,19,18,15,10,14,23,28,22,16,23,37
"13-04-2021",7,13,11,11,19,33,50,-9999,62,54,29,19,12,20,27,12,12,28,23,31,42,53,29,21
"14-04-2021",16,13,9,5,8,13,43,54,58,38,22,16,14,20,24,14,14,21,34,19,22,19,16,15
"15-04-2021",11,8,6,6,6,11,20,35,44,27,17,14,15,15,14,14,13,24,29,26,32,26,17,18
"16-04-2021",13,13,7,6,10,16,37,57,51,44,30,29,36,33,47,35,23,27,20,39,76,78,76,53
"17-04-2021",32,27,21,16,6,9,12,23,31,21,21,22,22,20,20,16,16,16,20,29,34,36,25,30
"18-04-2021",14,15,9,7,7,8,12,26,13,13,14,9,18,10,8,4,6,11,23,18,27,44,30,25
"19-04-2021",19,12,9,8,10,17,38,44,59,39,26,25,25,32,16,12,11,11,14,19,38,15,9,7
"20-04-2021",6,5,6,4,6,8,23,44,55,31,22,18,14,13,12,12,13,11,16,36,25,26,15,13
"21-04-2021",8,8,5,5,6,15,29,43,39,10,12,13,13,13,11,10,9,11,21,16,22,31,25,16
"22-04-2021",10,9,6,6,6,13,29,45,36,40,17,24,16,11,14,27,25,28,14,21,31,58,47,38
"23-04-2021",16,21,14,14,11,24,40,46,52,45,38,27,43,47,50,45,29,26,58,49,56,67,47,44
"24-04-2021",46,22,10,11,6,9,16,31,43,52,46,81,108,55,47,48,31,26,19,22,26,36,40,44
"25-04-2021",31,26,16,15,8,10,15,16,15,10,15,14,15,12,11,15,18,20,27,23,27,27,22,21
"26-04-2021",15,14,21,16,13,23,28,36,37,30,28,20,17,19,17,9,12,15,23,21,54,43,31,49
"27-04-2021",21,29,14,12,25,34,39,41,49,36,12,20,13,11,9,13,12,20,18,38,58,54,54,21
"28-04-2021",19,12,14,13,7,13,25,40,51,47,53,52,58,50,54,46,53,46,49,99,111,91,63,49
"29-04-2021",30,22,8,7,12,32,53,57,59,56,42,52,58,71,69,52,30,38,41,17,41,55,64,62
"30-04-2021",36,36,47,42,33,40,45,46,46,39,41,39,33,36,34,33,45,64,66,44,45,57,48,48
"01-05-2021",36,36,29,31,23,26,35,44,44,47,47,46,52,48,45,52,51,32,27,40,38,19,12,15
"02-05-2021",12,28,28,20,31,21,22,40,36,28,21,15,7,11,10,5,11,11,24,23,28,30,25,42
"03-05-2021",25,14,19,8,15,26,9,36,14,6,8,8,9,9,11,25,10,16,12,30,59,34,26,17
"04-05-2021",21,13,6,12,8,6,15,20,6,6,13,10,7,7,6,5,5,12,12,13,22,22,24,35
"05-05-2021",26,23,14,8,9,25,29,31,34,18,16,10,16,18,21,11,11,14,37,21,27,20,15,11
"06-05-2021",7,5,4,4,4,8,16,19,23,21,13,12,13,10,12,10,11,19,17,20,18,15,32,42
"07-05-2021",46,27,14,12,14,14,26,28,37,33,27,13,12,12,22,28,18,17,25,37,45,52,40,41
"08-05-2021",33,24,11,14,13,15,22,19,21,24,20,16,15,13,16,19,9,23,12,17,23,25,30,34
"09-05-2021",27,26,24,16,11,15,17,17,23,16,13,15,15,15,11,10,11,11,16,17,23,21,39,25
"10-05-2021",23,18,11,13,9,17,26,35,45,35,31,23,28,31,25,25,26,28,29,28,28,26,48,29
"11-05-2021",36,29,23,24,13,18,49,50,36,40,34,29,21,25,22,29,14,14,13,36,72,77,46,44
"12-05-2021",21,10,7,10,10,16,25,13,19,23,18,15,13,14,16,26,13,10,17,20,15,22,18,18
"13-05-2021",11,9,5,4,4,7,15,27,30,23,14,14,11,12,16,14,11,18,17,20,21,22,16,14
"14-05-2021",11,10,5,4,5,15,29,39,33,23,19,9,13,13,17,12,12,30,20,22,34,53,36,23
"15-05-2021",30,31,30,21,12,16,21,23,22,18,10,11,22,32,26,30,16,18,17,32,19,21,19,22
"16-05-2021",22,14,10,6,6,7,13,14,8,6,8,9,11,7,7,6,10,16,22,24,23,22,18,17
"17-05-2021",17,16,10,15,9,19,34,43,24,22,17,14,11,11,14,11,8,8,17,23,17,19,17,12
"18-05-2021",21,21,11,16,12,18,33,45,34,20,14,18,16,15,15,13,13,13,27,23,33,37,33,22
"19-05-2021",23,19,14,10,10,16,35,28,40,24,21,17,20,22,17,24,17,47,31,16,21,25,24,16
"20-05-2021",16,12,6,4,5,9,26,47,45,25,23,21,17,-9999,-9999,13,10,14,24,19,20,18,17,10
"21-05-2021",13,6,6,6,5,11,23,39,30,23,17,19,15,18,16,12,12,19,17,31,31,38,35,27
"22-05-2021",34,23,18,15,16,16,19,27,22,13,10,8,8,9,10,11,15,17,59,29,22,18,22,26
"23-05-2021",29,21,13,9,6,8,12,20,7,5,6,6,8,14,7,8,5,23,10,31,23,21,24,22
"24-05-2021",25,26,14,16,12,19,44,47,29,13,11,12,14,16,17,29,21,18,19,33,49,42,49,40
"25-05-2021",46,43,42,28,17,33,44,51,45,42,34,26,24,14,14,17,18,20,37,51,51,42,23,26
"26-05-2021",20,15,10,13,15,15,32,47,26,18,21,23,33,28,25,18,14,12,30,22,24,25,30,29
"27-05-2021",22,13,13,11,8,17,28,40,30,24,19,16,11,17,17,18,14,20,20,26,29,29,19,20
"28-05-2021",32,20,12,8,7,18,29,37,34,27,21,18,29,25,26,19,22,26,21,30,33,41,48,39
"29-05-2021",28,17,19,11,11,15,26,31,23,13,11,18,11,12,19,11,15,11,41,29,17,21,18,9
"30-05-2021",14,21,12,12,12,7,7,4,9,5,5,6,4,9,7,5,8,11,6,7,15,15,16,14
"31-05-2021",15,15,12,8,5,11,14,24,28,24,19,19,19,17,18,21,15,19,18,28,22,13,13,11
"01-06-2021",8,7,6,5,8,14,25,38,32,20,24,17,16,16,17,14,11,11,25,22,23,22,25,26
"02-06-2021",19,17,8,6,8,15,29,41,15,13,15,12,13,15,24,15,14,11,16,19,20,27,35,24
"03-06-2021",19,13,9,9,9,15,29,33,13,10,10,14,21,15,18,17,19,28,27,21,28,31,24,31
"04-06-2021",29,19,16,10,12,16,54,46,48,35,43,27,35,36,32,32,23,18,48,24,35,44,32,17
"05-06-2021",21,10,12,10,10,13,25,26,11,8,7,6,8,14,9,20,22,11,33,13,18,30,27,17
"06-06-2021",23,10,9,7,6,7,11,11,4,6,6,7,5,9,7,7,6,18,16,26,16,16,20,15
"07-06-2021",17,22,11,5,4,7,30,39,-9999,-9999,-9999,-9999,-9999,-9999,25,18,17,10,27,40,30,24,27,27
"08-06-2021",18,15,9,13,15,22,31,55,57,42,25,16,10,12,18,11,13,19,27,34,34,33,24,14
"09-06-2021",17,15,9,16,15,13,31,25,25,29,18,25,22,31,36,26,23,21,21,29,34,32,31,24
"10-06-2021",17,13,10,8,7,15,22,33,28,26,26,18,18,15,17,15,13,13,10,19,16,23,31,24
"11-06-2021",20,10,7,9,9,16,25,14,10,8,11,8,8,12,21,15,14,9,11,12,15,20,13,24
"12-06-2021",20,9,13,7,7,10,16,20,20,10,8,14,12,15,18,15,9,12,14,27,26,36,29,34
"13-06-2021",42,34,22,11,23,15,12,13,17,12,6,6,8,8,15,12,9,11,10,13,14,18,16,15
"14-06-2021",27,14,9,8,6,9,18,30,34,32,23,23,31,30,25,23,19,15,15,18,23,28,31,24
"15-06-2021",30,39,23,10,7,11,23,26,31,37,31,21,23,28,27,20,20,17,19,23,33,33,32,20
"16-06-2021",16,15,16,10,8,11,24,32,24,20,17,13,9,13,18,14,12,21,12,14,21,30,42,27
"17-06-2021",25,27,19,6,7,14,26,41,30,15,9,7,12,22,17,20,20,26,28,23,29,57,63,31
"18-06-2021",19,10,11,6,11,23,24,28,34,21,16,18,18,21,17,21,21,21,22,24,28,36,31,25
"19-06-2021",21,14,11,8,6,15,29,18,20,13,13,9,15,13,14,16,8,9,28,25,26,19,16,22
"20-06-2021",23,16,15,12,7,7,7,7,6,5,4,6,8,13,10,5,6,17,17,17,23,15,18,72
"21-06-2021",13,15,12,7,12,16,16,16,15,8,6,8,6,15,12,12,13,20,12,20,36,25,34,17
"22-06-2021",27,25,26,8,16,17,34,55,47,31,18,27,46,33,41,21,18,14,36,26,49,66,45,21
"23-06-2021",43,52,25,21,15,19,31,37,38,30,24,18,23,25,21,23,18,12,28,25,21,19,22,22
"24-06-2021",33,34,37,28,28,36,40,43,36,27,29,26,33,46,35,29,31,42,39,31,37,38,18,22
"25-06-2021",39,37,32,12,14,17,36,50,65,47,20,23,25,62,35,30,22,63,31,44,51,64,42,26
"26-06-2021",43,36,56,19,14,17,20,31,24,16,20,16,22,33,25,19,35,24,29,20,24,33,117,32
"27-06-2021",26,17,15,11,19,12,24,31,12,7,6,7,18,7,10,6,15,13,32,15,22,33,27,27
"28-06-2021",27,40,17,9,21,36,35,33,32,29,34,23,32,21,22,18,17,26,25,37,63,39,22,51
"29-06-2021",15,12,10,24,17,30,34,46,44,43,14,13,12,17,36,19,23,32,27,39,54,48,19,16
"30-06-2021",15,13,22,17,10,30,37,47,45,39,25,37,59,61,40,28,22,-9999,-9999,-9999,-9999,-9999,-9999,-9999
"01-07-2021",-9999,-9999,-9999,-9999,-9999,-9999,-9999,-9999,-9999,-9999,-9999,-9999,-9999,-9999,-9999,-9999,-9999,-9999,-9999,-9999,-9999,-9999,-9999,-9999
"02-07-2021",-9999,-9999,-9999,-9999,-9999,-9999,-9999,-9999,-9999,-9999,-9999,-9999,-9999,-9999,-9999,-9999,-9999,-9999,-9999,-9999,-9999,-9999,-9999,-9999
"03-07-2021",-9999,-9999,-9999,-9999,-9999,-9999,-9999,-9999,-9999,-9999,-9999,-9999,-9999,-9999,-9999,-9999,-9999,-9999,-9999,-9999,-9999,-9999,-9999,-9999
"04-07-2021",-9999,-9999,-9999,-9999,-9999,-9999,-9999,-9999,-9999,-9999,-9999,-9999,-9999,-9999,-9999,-9999,-9999,-9999,-9999,11,23,20,28,25
"05-07-2021",22,19,12,11,15,18,29,25,9,9,20,19,19,16,20,19,11,10,15,18,29,27,23,20
"06-07-2021",17,14,13,7,9,17,23,28,34,32,33,32,34,51,25,34,18,40,14,17,30,39,17,27
"07-07-2021",17,7,6,7,13,16,34,26,22,20,24,16,13,23,20,19,21,21,34,41,17,19,17,10
"08-07-2021",8,7,5,5,5,13,30,40,32,35,43,38,39,40,32,37,32,20,45,43,49,50,31,39
"09-07-2021",45,35,27,21,20,20,27,48,43,38,40,37,99,33,30,29,23,25,32,41,46,42,-9999,88
"10-07-2021",31,19,17,18,16,26,30,38,27,33,29,25,32,34,33,26,20,7,13,21,26,22,28,42
"11-07-2021",36,29,27,20,18,17,25,23,15,13,10,10,23,21,18,18,18,15,11,14,20,21,31,36
"12-07-2021",23,41,36,22,21,23,26,30,20,17,24,25,21,21,29,-9999,27,27,37,30,37,35,21,33
"13-07-2021",16,15,21,20,25,18,37,46,38,14,14,21,13,19,28,32,17,23,30,45,42,56,26,18
"14-07-2021",17,13,20,15,13,21,22,34,12,13,12,16,14,21,26,28,22,26,21,36,33,28,11,14
"15-07-2021",21,18,11,9,13,11,30,39,25,16,23,21,23,27,29,36,37,38,52,37,36,31,33,33
"16-07-2021",18,10,7,7,6,11,18,20,24,23,18,18,20,21,24,23,14,19,23,25,31,29,26,16
"17-07-2021",15,13,12,10,7,9,17,22,21,17,15,14,13,16,11,17,12,10,17,14,16,15,18,14
"18-07-2021",13,11,10,7,6,13,10,16,8,7,8,6,5,8,6,10,23,6,6,8,14,22,13,19
"19-07-2021",16,17,9,7,6,13,25,30,31,13,11,11,15,13,16,12,10,12,14,28,13,21,16,16
"20-07-2021",10,11,9,7,7,13,27,31,26,16,18,21,18,23,24,18,12,14,20,25,33,31,22,14
"21-07-2021",14,13,10,7,7,14,23,32,19,15,18,19,23,19,22,12,9,10,24,18,26,27,35,28
"22-07-2021",29,12,9,11,11,24,34,34,32,35,35,33,40,36,-9999,-9999,-9999,21,22,12,21,35,32,21
"23-07-2021",30,17,18,13,23,17,31,35,-9999,-9999,-9999,-9999,-9999,-9999,-9999,-9999,-9999,-9999,-9999,-9999,-9999,-9999,-9999,-9999
"24-07-2021",-9999,-9999,-9999,-9999,-9999,-9999,-9999,-9999,-9999,-9999,-9999,-9999,-9999,-9999,-9999,-9999,-9999,-9999,-9999,-9999,-9999,-9999,-9999,-9999
"25-07-2021",-9999,-9999,-9999,-9999,-9999,-9999,-9999,-9999,-9999,-9999,-9999,-9999,-9999,-9999,-9999,-9999,-9999,-9999,-9999,-9999,-9999,-9999,-9999,-9999
"26-07-2021",-9999,-9999,-9999,-9999,16,22,29,66,64,53,41,-9999,-9999,-9999,-9999,-9999,-9999,-9999,-9999,-9999,-9999,-9999,-9999,-9999
"27-07-2021",-9999,-9999,-9999,-9999,-9999,-9999,-9999,49,56,-9999,-9999,-9999,-9999,-9999,-9999,-9999,-9999,-9999,-9999,-9999,-9999,-9999,-9999,-9999
"28-07-2021",-9999,-9999,-9999,-9999,-9999,-9999,-9999,-9999,-9999,-9999,-9999,-9999,-9999,-9999,-9999,-9999,-9999,-9999,-9999,-9999,-9999,-9999,-9999,-9999
"29-07-2021",-9999,-9999,-9999,-9999,-9999,-9999,-9999,-9999,-9999,-9999,-9999,-9999,-9999,-9999,-9999,-9999,-9999,-9999,-9999,-9999,-9999,-9999,-9999,-9999
"30-07-2021",-9999,-9999,-9999,-9999,-9999,-9999,-9999,-9999,-9999,-9999,-9999,-9999,-9999,-9999,-9999,-9999,-9999,-9999,-9999,-9999,-9999,-9999,-9999,-9999
"31-07-2021",-9999,-9999,-9999,-9999,-9999,-9999,-9999,-9999,-9999,-9999,-9999,-9999,-9999,-9999,-9999,-9999,-9999,-9999,-9999,-9999,-9999,-9999,-9999,-9999
"01-08-2021",-9999,-9999,-9999,-9999,-9999,-9999,-9999,-9999,-9999,-9999,-9999,-9999,-9999,-9999,-9999,-9999,-9999,-9999,-9999,-9999,-9999,-9999,-9999,-9999
"02-08-2021",-9999,-9999,-9999,-9999,-9999,-9999,-9999,-9999,-9999,-9999,-9999,-9999,-9999,-9999,-9999,-9999,-9999,-9999,-9999,-9999,-9999,-9999,-9999,-9999
"03-08-2021",-9999,-9999,-9999,-9999,-9999,-9999,-9999,-9999,-9999,-9999,-9999,-9999,-9999,-9999,-9999,-9999,-9999,-9999,-9999,-9999,-9999,-9999,-9999,-9999
"04-08-2021",-9999,-9999,-9999,-9999,-9999,-9999,-9999,-9999,-9999,-9999,-9999,-9999,-9999,-9999,-9999,-9999,-9999,-9999,-9999,-9999,-9999,-9999,-9999,-9999
"05-08-2021",-9999,-9999,-9999,-9999,-9999,-9999,-9999,-9999,-9999,-9999,-9999,-9999,-9999,-9999,-9999,-9999,-9999,-9999,-9999,-9999,-9999,-9999,-9999,-9999
"06-08-2021",-9999,-9999,-9999,-9999,-9999,-9999,-9999,-9999,-9999,-9999,-9999,-9999,-9999,-9999,-9999,-9999,-9999,-9999,-9999,-9999,-9999,-9999,-9999,-9999
"07-08-2021",-9999,-9999,-9999,-9999,-9999,-9999,-9999,-9999,-9999,-9999,-9999,-9999,-9999,-9999,-9999,-9999,-9999,-9999,-9999,-9999,-9999,-9999,-9999,-9999
"08-08-2021",-9999,-9999,-9999,-9999,-9999,-9999,-9999,-9999,-9999,-9999,-9999,-9999,-9999,-9999,-9999,-9999,-9999,-9999,-9999,-9999,-9999,-9999,-9999,-9999
"09-08-2021",-9999,-9999,-9999,-9999,-9999,-9999,-9999,-9999,-9999,-9999,-9999,-9999,-9999,-9999,-9999,-9999,-9999,-9999,-9999,-9999,-9999,-9999,-9999,-9999
"10-08-2021",-9999,-9999,-9999,-9999,10,20,24,31,19,14,20,17,17,49,29,20,25,34,25,31,39,42,27,21
"11-08-2021",37,27,14,17,18,17,33,48,43,19,12,19,21,24,23,27,32,29,28,22,16,20,33,33
"12-08-2021",30,22,22,16,18,18,25,48,51,52,53,45,49,38,39,15,-9999,22,17,33,47,53,42,41
"13-08-2021",21,23,17,14,13,16,26,34,39,45,38,42,38,43,33,-9999,27,-9999,33,43,40,59,51,40
"14-08-2021",31,23,15,13,14,12,27,30,24,47,24,30,40,26,26,18,15,17,15,14,18,25,19,31
"15-08-2021",17,13,10,16,18,9,10,18,14,12,19,19,19,20,20,21,37,-9999,22,33,29,26,28,24
"16-08-2021",18,17,12,14,7,13,26,34,57,54,37,28,16,13,14,14,11,15,29,33,26,22,25,21
"17-08-2021",17,19,13,9,7,5,17,12,10,12,14,14,18,18,13,20,11,23,34,32,29,27,14,18
"18-08-2021",10,12,13,6,6,13,23,34,16,11,13,12,16,20,18,16,25,13,9,21,25,18,20,16
"19-08-2021",15,14,9,8,8,12,25,29,26,29,26,19,22,26,22,30,27,29,29,23,32,32,23,22
"20-08-2021",28,18,11,17,14,19,19,32,38,41,44,49,36,35,33,28,19,41,21,21,20,17,10,14
"21-08-2021",10,10,15,5,6,7,8,14,17,26,22,23,27,33,36,22,9,8,20,21,26,22,27,27
"22-08-2021",19,20,18,16,15,9,17,15,14,14,12,21,18,20,18,12,21,14,17,21,26,37,26,21
"23-08-2021",21,22,21,16,16,18,37,38,41,43,43,38,34,39,31,24,22,21,35,40,38,46,43,33
"24-08-2021",27,20,12,13,14,17,24,37,46,31,36,34,47,50,41,42,17,15,31,31,43,54,51,43
"25-08-2021",26,32,29,19,13,18,30,51,51,39,15,19,19,23,25,21,15,21,28,39,47,41,34,29
"26-08-2021",20,16,12,27,6,5,9,11,12,21,14,18,12,26,14,10,36,14,35,28,21,36,35,17
"27-08-2021",15,12,9,6,8,14,26,32,35,45,49,29,30,26,20,15,17,32,27,25,38,35,25,17
"28-08-2021",16,19,12,9,9,9,19,22,26,20,16,17,21,18,16,19,12,10,17,16,15,20,17,16
"29-08-2021",13,17,11,6,9,9,17,11,13,8,7,8,9,10,9,6,10,13,15,14,26,22,24,24
"30-08-2021",20,21,12,7,7,15,28,41,41,29,22,22,21,21,21,22,13,12,26,27,20,24,28,25
"31-08-2021",18,15,11,8,10,17,24,49,49,43,31,24,27,24,29,22,21,18,27,31,38,46,38,27
"01-09-2021",23,19,14,8,10,17,33,52,50,35,26,27,25,25,20,18,14,18,22,20,28,32,38,25
"02-09-2021",25,24,20,15,15,18,50,55,57,45,33,20,36,35,21,18,33,28,26,38,37,43,39,46
"03-09-2021",32,33,25,16,14,18,33,56,57,39,16,19,29,36,48,42,30,27,31,42,34,40,41,24
"04-09-2021",25,26,13,17,18,15,23,32,34,29,20,22,21,13,12,9,6,9,24,17,19,19,18,13
"05-09-2021",12,18,15,9,8,9,15,19,38,20,10,11,10,18,15,8,9,12,14,24,29,34,38,40
"06-09-2021",30,16,11,9,8,11,23,26,31,36,35,33,34,31,31,24,24,22,22,24,35,34,27,27
"07-09-2021",20,16,7,5,5,15,15,22,35,33,32,36,31,35,35,23,22,27,30,38,43,43,32,27
"08-09-2021",20,17,14,10,7,28,25,41,34,26,40,31,31,43,37,27,25,23,23,30,41,44,37,35
"09-09-2021",28,26,16,12,12,19,33,49,44,31,37,-9999,-9999,-9999,-9999,26,16,14,14,38,37,43,35,25
"10-09-2021",26,28,14,9,14,16,23,37,39,32,18,12,17,26,30,19,18,22,33,29,37,49,37,25
"11-09-2021",20,16,10,8,9,12,27,46,41,34,29,24,15,19,24,28,25,27,13,18,27,19,17,23
"12-09-2021",26,19,14,9,6,7,12,12,16,15,16,14,17,23,17,17,16,20,31,29,34,40,35,34
"13-09-2021",23,16,15,12,9,18,32,51,55,60,54,31,23,18,16,18,22,34,28,42,75,81,78,59
"14-09-2021",61,53,23,9,23,22,42,69,76,72,55,26,24,27,28,20,16,21,34,53,63,73,74,69
"15-09-2021",63,42,43,32,16,18,32,75,79,45,35,25,25,32,21,19,19,16,31,40,34,40,44,36
"16-09-2021",28,30,17,11,9,16,33,60,95,44,26,21,19,22,25,18,14,33,29,41,50,63,55,43
"17-09-2021",35,26,18,10,10,22,38,32,50,64,34,27,29,34,39,41,27,40,20,24,36,30,27,32
"18-09-2021",28,30,31,26,14,20,32,54,55,45,18,19,21,13,15,14,17,20,25,19,30,31,36,32
"19-09-2021",24,26,23,15,13,15,20,33,24,13,9,7,5,7,14,9,7,9,8,16,26,19,19,15
"20-09-2021",15,10,8,5,9,17,29,49,63,75,28,17,21,17,19,15,18,17,21,30,20,21,16,17
"21-09-2021",24,18,12,9,8,12,23,42,33,31,23,20,20,16,20,21,14,22,37,34,46,48,37,30
"22-09-2021",23,19,12,10,11,16,27,48,56,19,20,24,23,23,25,19,14,17,19,17,20,21,23,24
"23-09-2021",11,9,7,5,6,15,24,39,40,30,21,18,27,24,25,22,21,24,31,39,50,54,46,31
"24-09-2021",26,22,22,14,12,19,30,42,44,44,34,30,18,25,19,21,19,25,37,33,50,52,36,27
"25-09-2021",23,20,16,12,10,15,27,32,42,24,10,15,17,18,10,11,11,21,19,34,56,68,59,46
"26-09-2021",40,45,33,39,24,29,33,40,34,32,22,12,12,10,10,9,6,8,48,45,80,79,48,40
"27-09-2021",37,31,28,17,13,23,35,65,62,41,28,32,23,16,19,35,33,28,37,56,53,64,59,60
"28-09-2021",65,31,14,12,12,18,32,55,57,43,53,30,34,28,34,46,38,42,47,70,49,31,15,36
"29-09-2021",34,32,23,20,16,22,32,56,64,67,58,35,34,28,30,28,21,21,30,45,42,51,51,34
"30-09-2021",26,33,17,15,19,24,36,47,56,48,38,28,26,27,29,24,21,26,33,46,52,49,38,31
"01-10-2021",32,28,24,22,23,21,32,36,44,42,26,28,25,24,26,20,18,21,28,34,34,33,29,19
"02-10-2021",21,19,19,13,12,17,36,42,36,35,27,26,26,24,19,16,18,18,21,25,34,46,59,52
"03-10-2021",44,41,34,21,14,17,19,39,33,22,13,10,10,15,18,18,23,23,23,30,45,48,34,49
"04-10-2021",39,31,30,15,11,15,25,43,56,53,41,41,38,41,39,41,31,33,38,24,41,52,53,47
"05-10-2021",55,43,32,14,12,18,36,54,64,52,45,42,27,38,39,39,38,30,31,40,70,78,59,61
"06-10-2021",29,25,21,15,16,21,43,65,67,70,45,34,35,42,36,39,37,32,40,56,58,64,56,52
"07-10-2021",40,30,21,19,18,21,36,41,47,49,39,43,48,55,57,58,44,56,62,67,61,68,47,23
"08-10-2021",21,25,20,16,13,14,26,43,54,60,42,43,41,31,39,41,39,39,40,49,45,45,40,38
"09-10-2021",25,21,21,18,17,18,29,40,40,38,33,26,32,31,32,30,28,11,35,50,42,40,45,42
"10-10-2021",44,46,39,31,27,29,36,43,45,42,25,23,31,29,24,19,29,32,32,21,29,32,25,18
"11-10-2021",14,20,16,13,8,12,35,50,66,62,56,49,47,40,26,21,44,50,44,49,36,34,24,21
"12-10-2021",22,20,14,4,5,6,27,32,50,49,45,47,39,32,32,25,20,29,41,52,55,54,38,28
"13-10-2021",23,19,11,8,8,14,25,37,51,55,41,31,31,20,17,16,23,34,43,46,44,49,50,46
"14-10-2021",31,34,15,18,21,25,40,41,45,51,56,56,55,54,50,47,48,42,56,56,52,54,47,35
"15-10-2021",33,33,26,13,10,17,34,46,60,56,65,57,68,65,47,36,24,22,20,24,22,23,17,13
"16-10-2021",7,6,6,7,6,6,10,16,20,25,28,28,19,21,27,22,17,18,20,31,29,33,39,35
"17-10-2021",23,19,18,12,17,15,21,29,21,27,11,12,13,10,10,13,18,15,17,42,50,46,41,39
"18-10-2021",31,26,20,16,11,18,37,43,50,50,38,30,23,12,14,15,13,26,29,51,42,49,53,41
"19-10-2021",35,29,21,12,11,16,41,45,50,49,36,37,37,33,29,29,28,28,37,54,56,52,50,43
"20-10-2021",31,20,14,17,11,14,33,40,48,43,38,39,35,34,40,32,17,12,42,58,57,54,60,55
"21-10-2021",38,28,23,25,19,20,35,45,54,55,42,27,26,25,25,23,22,39,41,55,50,44,31,20
"22-10-2021",14,11,6,6,5,10,14,44,62,60,34,31,26,21,17,19,21,22,34,43,47,58,51,42
"23-10-2021",33,24,19,14,25,18,35,44,52,56,49,39,31,9,10,16,16,16,38,51,58,51,46,37
"24-10-2021",35,30,27,21,18,19,17,23,29,37,10,14,24,20,25,33,26,27,29,35,37,39,36,35
"25-10-2021",21,12,11,5,4,7,14,24,41,42,25,33,23,25,29,33,38,36,45,49,42,36,34,33
"26-10-2021",27,24,19,15,11,17,34,46,47,52,48,46,27,30,29,25,25,39,49,51,46,52,46,38
"27-10-2021",29,26,20,17,15,19,34,43,51,48,32,25,34,20,26,35,35,41,55,65,61,62,56,44
"28-10-2021",46,46,28,31,23,15,20,32,25,23,17,22,16,22,14,13,13,26,33,37,54,58,60,53
"29-10-2021",50,36,24,20,17,20,40,49,67,64,41,54,36,40,37,40,41,58,64,71,69,67,65,61
"30-10-2021",56,44,36,37,31,30,50,51,59,52,41,30,24,24,22,18,22,26,37,43,51,57,51,50
"31-10-2021",49,48,37,29,26,26,26,34,25,32,22,17,16,16,17,21,23,27,45,43,51,61,60,60
"01-11-2021",50,43,23,17,11,12,16,31,42,41,39,39,39,36,38,33,20,13,36,64,67,65,55,45
"02-11-2021",33,25,36,19,10,13,14,24,40,51,54,52,39,28,28,27,32,27,40,37,40,42,53,65
"03-11-2021",32,27,19,12,13,15,17,29,43,52,39,15,17,18,10,16,21,30,49,60,57,53,53,42
"04-11-2021",26,36,29,23,14,21,30,46,39,40,46,40,44,43,40,46,48,50,58,51,50,47,47,39
"05-11-2021",38,34,30,20,13,16,20,29,39,37,39,38,40,42,45,45,51,48,58,52,50,47,45,38
"06-11-2021",32,25,24,19,19,34,31,34,38,38,37,42,39,35,38,36,37,44,50,52,49,53,46,47
"07-11-2021",48,45,43,33,27,26,16,15,20,15,16,20,31,29,25,28,29,43,55,57,61,55,52,49
"08-11-2021",48,46,42,39,39,36,40,42,44,56,61,59,47,27,13,16,30,30,38,56,61,57,56,52
"09-11-2021",46,43,25,26,14,11,18,28,42,44,36,33,20,20,24,25,28,38,50,47,48,49,46,47
"10-11-2021",43,29,26,17,13,17,18,35,47,50,53,31,23,32,41,34,39,48,49,44,46,48,51,37
"11-11-2021",32,29,22,23,16,21,46,63,66,61,41,35,32,32,36,35,36,46,55,59,58,58,55,51
"12-11-2021",41,32,21,12,10,18,38,46,44,46,41,42,35,37,37,36,34,55,58,64,56,57,56,42
"13-11-2021",41,30,21,21,20,20,30,33,32,27,30,29,34,37,37,37,42,23,25,38,37,33,37,28
"14-11-2021",26,24,20,17,20,15,20,17,19,16,19,19,23,18,16,19,29,40,46,49,48,45,19,29
"15-11-2021",21,17,17,16,15,20,33,41,44,46,48,46,43,38,39,41,44,55,60,61,63,60,61,43
"16-11-2021",25,18,23,24,14,19,31,49,46,40,37,33,35,37,47,49,43,55,65,63,59,58,58,57
"17-11-2021",45,37,30,16,17,22,38,53,57,45,31,30,25,39,36,29,36,37,37,36,41,46,46,33
"18-11-2021",20,18,13,14,16,18,28,44,47,44,38,36,41,41,52,45,48,48,41,44,44,51,43,30
"19-11-2021",31,29,22,16,13,22,32,47,51,53,48,28,33,33,31,26,27,35,46,45,39,40,35,30
"20-11-2021",33,30,24,18,12,19,22,29,31,28,31,28,34,28,29,30,38,40,47,44,48,49,46,32
"21-11-2021",27,36,28,25,26,28,30,43,42,38,25,21,14,10,9,10,20,59,57,52,47,49,44,45
"22-11-2021",47,39,29,17,16,17,24,44,51,51,47,56,50,48,47,41,35,35,41,42,39,43,34,39
"23-11-2021",24,14,10,10,10,12,26,44,46,46,41,37,38,33,39,50,42,46,52,58,49,49,47,38
"24-11-2021",28,20,18,16,14,16,28,39,43,42,46,-9999,-9999,-9999,-9999,-9999,30,40,40,50,46,46,54,48
"25-11-2021",37,35,23,26,24,25,32,45,47,45,32,29,35,37,40,33,36,48,48,53,51,46,41,39
"26-11-2021",39,40,24,20,14,21,28,29,52,53,40,46,51,41,42,45,43,25,33,40,34,30,26,19
"27-11-2021",13,13,7,8,7,7,12,21,27,31,31,37,36,57,65,47,37,40,49,47,33,24,18,42
"28-11-2021",41,25,10,5,5,5,8,10,12,12,14,16,30,29,27,12,14,20,21,41,43,34,27,27
"29-11-2021",19,6,4,3,3,4,11,19,26,26,25,24,26,24,22,20,31,26,32,31,25,23,14,13
"30-11-2021",9,10,4,3,3,8,12,8,18,19,26,22,16,14,9,8,8,21,35,34,27,35,37,25
"01-12-2021",23,13,15,11,11,19,33,43,53,53,38,35,30,29,29,26,34,57,54,57,58,53,53,49
"02-12-2021",41,40,37,34,22,22,43,53,59,64,48,38,33,30,32,33,42,37,34,57,59,45,45,18
"03-12-2021",10,11,7,5,9,9,13,25,39,52,47,39,42,52,48,53,53,47,52,46,50,45,31,20
"04-12-2021",14,16,15,18,12,20,26,28,43,47,37,35,39,40,38,32,33,43,50,49,49,46,45,41
"05-12-2021",44,34,25,26,17,28,25,43,31,34,20,15,17,15,15,16,16,25,42,49,51,60,59,50
"06-12-2021",32,7,5,4,7,15,25,43,55,37,27,21,20,19,19,26,34,29,35,30,43,53,30,24
"07-12-2021",20,16,14,10,12,12,35,46,55,57,52,47,45,41,40,40,43,40,41,37,30,25,21,17
"08-12-2021",7,9,10,10,8,18,33,43,44,37,33,27,25,27,31,27,27,29,35,59,60,53,55,34
"09-12-2021",40,48,25,25,24,29,43,62,62,60,49,45,41,33,39,30,21,26,38,40,36,27,17,10
"10-12-2021",12,10,7,9,6,7,17,25,35,26,28,25,24,30,27,26,22,35,41,39,41,37,24,20
"11-12-2021",17,10,10,6,4,11,14,8,15,18,35,22,27,39,56,39,26,34,34,22,22,24,24,16
"12-12-2021",16,7,6,4,5,6,11,14,18,17,23,19,24,29,33,30,38,48,52,48,43,30,22,15
"13-12-2021",14,14,9,6,10,9,21,33,36,37,35,31,29,35,39,35,33,34,34,49,55,50,46,39
"14-12-2021",27,31,21,25,18,15,24,42,39,37,36,37,32,28,33,34,36,38,47,49,48,45,45,44
"15-12-2021",38,31,18,12,13,17,27,26,34,28,29,32,30,37,35,38,40,48,49,50,48,44,45,43
"16-12-2021",43,40,39,31,23,29,33,42,43,48,46,35,37,33,42,47,48,53,48,52,53,53,50,39
"17-12-2021",37,37,24,18,14,28,34,41,41,45,43,47,37,36,45,46,30,57,53,58,57,58,56,51
"18-12-2021",46,34,16,9,7,7,14,20,24,24,25,23,28,29,26,29,27,23,27,26,23,20,19,18
"19-12-2021",17,12,13,10,11,12,15,25,21,21,21,21,23,19,21,25,30,40,53,51,51,47,37,34
"20-12-2021",19,19,17,12,12,19,36,54,59,61,53,37,33,38,32,33,48,59,67,66,69,66,64,39
"21-12-2021",23,20,14,10,12,20,36,50,56,53,-9999,-9999,-9999,-9999,-9999,-9999,38,61,65,66,61,64,60,39
"22-12-2021",29,30,20,21,18,19,41,54,63,66,48,49,39,42,51,52,53,60,58,57,64,58,48,37
"23-12-2021",29,25,24,19,18,21,43,54,57,58,52,40,35,41,43,44,50,57,59,59,58,58,54,51
"24-12-2021",46,36,30,17,15,17,24,45,51,58,51,58,60,48,51,43,56,69,64,66,75,68,59,58
"25-12-2021",50,49,36,15,18,12,11,16,28,37,36,25,24,31,24,19,20,18,34,59,70,37,24,17
"26-12-2021",17,13,10,9,9,10,16,17,12,12,20,18,20,14,11,11,14,18,23,24,38,32,23,24
"27-12-2021",27,40,30,23,8,19,27,20,21,34,26,23,23,24,29,30,48,47,46,50,57,54,37,35
"28-12-2021",30,16,15,13,9,14,25,38,39,40,53,52,44,41,46,46,43,44,47,46,47,42,39,41
"29-12-2021",32,25,24,18,15,17,30,37,39,50,49,46,36,38,34,29,43,56,52,62,57,57,53,46
"30-12-2021",39,27,19,16,18,22,37,41,42,42,33,35,35,35,32,27,35,43,57,58,56,60,52,39
"31-12-2021",29,20,12,11,8,10,23,27,35,39,45,33,33,34,32,32,36,42,53,47,54,56,45,17
"01-01-2022",40,37,36,23,22,25,21,21,22,28,25,21,10,32,15,20,50,59,55,49,48,48,46,41
"02-01-2022",39,31,26,20,15,13,23,31,35,33,46,58,60,44,44,31,51,63,59,56,54,52,46,40
"03-01-2022",43,32,20,18,18,39,38,44,52,59,57,39,35,27,28,28,27,25,35,44,41,37,26,20
"04-01-2022",14,12,9,7,11,19,36,52,55,58,46,32,29,28,28,24,27,50,59,61,68,66,49,27
"05-01-2022",13,12,5,5,5,13,19,31,40,37,35,31,35,37,33,40,46,55,51,38,47,66,58,52
"06-01-2022",44,30,22,15,10,10,18,26,26,36,40,24,13,11,13,15,19,32,38,58,56,54,47,48
"07-01-2022",48,41,36,25,17,29,39,51,51,50,52,38,44,44,47,50,50,51,48,55,52,50,51,27
"08-01-2022",26,19,12,7,8,12,21,30,39,41,39,37,39,32,17,18,34,49,50,56,51,49,50,45
"09-01-2022",26,15,12,7,5,6,10,16,33,29,19,20,20,20,21,22,23,29,35,38,37,31,24,19
"10-01-2022",16,14,12,7,9,16,25,54,55,55,37,39,41,34,32,35,42,48,59,57,57,34,21,18
"11-01-2022",15,11,8,8,7,11,35,61,58,63,41,34,34,30,22,25,37,38,28,26,33,26,21,9
"12-01-2022",6,5,4,3,3,6,13,25,30,19,15,19,19,22,22,21,23,24,23,45,31,24,28,26
"13-01-2022",17,16,10,8,8,13,27,34,38,39,28,20,18,17,20,29,24,37,43,53,59,61,44,35
"14-01-2022",27,17,17,14,9,16,20,40,60,49,46,44,44,30,30,33,37,56,70,73,69,72,66,55
"15-01-2022",41,28,22,15,9,12,35,39,54,50,32,31,31,38,59,70,89,84,67,69,70,62,58,48
"16-01-2022",51,37,19,27,23,24,21,31,43,47,42,26,24,21,21,22,29,35,52,64,57,58,55,43
"17-01-2022",34,25,26,30,22,20,28,53,55,62,56,44,37,33,27,43,39,57,67,71,56,48,26,28
"18-01-2022",30,22,18,11,10,14,41,62,58,59,29,16,21,35,33,33,39,54,71,76,69,61,44,23
"19-01-2022",13,8,7,5,8,13,38,55,69,68,49,32,18,21,32,35,36,49,60,67,69,68,68,55
"20-01-2022",42,35,28,21,15,22,37,59,66,66,58,35,43,34,33,29,28,41,64,74,65,47,32,22
"21-01-2022",16,10,5,4,4,8,16,25,39,40,39,32,27,26,31,24,33,35,34,46,61,57,39,30
"22-01-2022",29,14,13,6,7,13,16,23,35,20,24,26,25,24,16,17,17,30,30,44,59,62,53,44
"23-01-2022",19,21,16,7,5,7,10,13,14,12,12,13,10,5,8,8,11,25,43,52,39,33,36,38
"24-01-2022",39,14,8,6,5,9,20,29,39,43,38,23,21,20,22,17,21,26,31,27,29,23,22,18
"25-01-2022",10,7,6,5,4,4,13,23,29,31,31,28,26,27,21,24,27,35,55,69,60,54,51,39
"26-01-2022",33,15,10,6,7,14,32,46,55,56,39,30,24,18,13,11,13,36,71,66,67,69,66,55
"27-01-2022",50,41,28,22,15,16,33,50,52,54,51,48,37,22,18,11,15,23,72,76,74,69,66,56
"28-01-2022",47,38,32,21,19,22,30,54,61,77,48,33,35,30,29,31,32,53,66,80,71,68,59,43
"29-01-2022",39,31,32,24,15,23,25,30,35,44,45,45,44,44,39,29,34,27,27,31,25,22,19,17
"30-01-2022",16,11,13,15,12,13,22,34,37,44,22,17,14,16,19,17,16,28,52,63,42,44,35,30
"31-01-2022",28,37,18,10,8,18,37,49,56,51,25,14,9,14,14,18,29,49,79,74,75,81,71,40
"01-02-2022",31,25,17,14,14,18,45,63,66,66,67,66,39,35,38,32,22,35,38,48,57,58,48,47
"02-02-2022",26,25,14,12,12,14,33,49,61,60,55,34,26,29,34,35,19,21,48,42,35,24,20,19
"03-02-2022",17,10,7,8,7,12,21,37,52,40,34,29,26,27,27,28,26,41,49,57,56,57,36,23
"04-02-2022",21,23,15,13,13,17,33,48,58,60,39,33,27,28,28,24,21,34,65,63,61,52,40,37
"05-02-2022",48,54,40,20,15,17,44,58,57,62,60,48,16,19,12,14,18,54,78,73,77,73,68,64
"06-02-2022",59,53,47,36,28,28,26,46,44,30,17,18,14,29,30,22,30,39,50,62,77,75,64,63
"07-02-2022",64,57,54,34,32,18,34,42,44,42,46,45,44,40,34,29,26,23,27,33,30,25,18,10
"08-02-2022",10,6,4,4,5,6,10,22,25,20,21,32,27,28,32,27,27,36,47,48,50,45,35,33
"09-02-2022",28,18,13,11,9,16,34,50,55,51,42,37,20,17,19,18,19,35,66,64,68,68,64,57
"10-02-2022",50,45,36,16,21,28,43,56,59,-9999,-9999,-9999,-9999,-9999,33,34,32,47,44,67,71,72,68,58
"11-02-2022",47,40,30,22,24,34,43,56,70,50,46,28,28,29,29,32,39,51,65,71,74,76,70,62
"12-02-2022",56,47,27,19,25,26,30,43,47,52,20,29,37,17,14,20,25,45,64,73,71,72,70,64
"13-02-2022",48,43,46,31,34,43,41,38,41,34,32,25,21,15,16,15,16,22,41,47,53,43,40,43
"14-02-2022",31,26,21,21,21,19,32,44,49,49,44,32,23,15,11,21,19,26,55,68,64,59,68,65
"15-02-2022",62,58,33,29,17,26,55,60,60,48,46,39,38,23,11,16,24,38,55,71,74,68,48,39
"16-02-2022",50,36,19,22,20,24,41,53,54,48,40,37,41,42,37,49,43,46,45,58,47,51,42,33
"17-02-2022",28,25,19,16,12,17,30,43,47,44,31,30,21,23,19,17,22,39,57,57,52,40,31,24
"18-02-2022",34,22,17,11,14,17,26,50,62,58,31,23,19,18,15,16,20,35,61,66,64,63,58,54
"19-02-2022",39,37,29,27,23,26,34,39,44,37,26,26,18,24,24,15,15,33,47,59,62,61,60,53
"20-02-2022",38,33,27,25,21,21,21,25,16,12,17,16,16,15,21,19,19,23,32,40,33,40,45,40
"21-02-2022",42,34,23,19,13,13,33,46,58,60,28,23,20,13,21,17,17,18,26,33,44,31,34,48
"22-02-2022",23,17,6,5,18,18,28,43,46,30,24,22,30,25,23,32,28,36,36,37,43,48,43,32
"23-02-2022",25,27,24,22,25,24,33,31,39,42,34,29,24,21,21,19,15,22,28,35,37,39,39,23
"24-02-2022",29,27,20,18,14,16,29,37,38,32,30,29,27,28,25,26,28,32,35,46,45,56,53,46
"25-02-2022",51,35,26,20,27,26,36,50,57,49,42,31,33,23,17,15,17,22,44,49,46,53,43,29
"26-02-2022",21,17,13,14,20,16,31,45,48,44,35,43,39,30,34,31,43,47,45,42,42,47,42,36
"27-02-2022",31,25,21,16,14,15,10,9,6,8,13,14,13,12,15,12,11,17,22,21,30,31,33,19
"28-02-2022",16,17,13,9,5,14,27,41,51,47,36,41,31,27,27,28,21,19,40,48,49,47,40,38
"01-03-2022",31,19,14,12,14,21,27,34,39,38,33,20,19,21,21,22,24,26,47,51,54,54,55,51
"02-03-2022",43,29,20,7,9,12,19,30,32,27,34,29,21,22,24,22,18,21,27,36,43,41,30,29
"03-03-2022",23,24,16,13,15,19,29,39,39,29,24,19,20,17,22,19,17,31,41,56,52,49,47,29
"04-03-2022",24,26,18,15,11,14,24,42,51,51,30,19,26,20,19,19,28,36,50,58,61,57,57,53
"05-03-2022",39,36,31,36,24,36,35,47,48,37,34,37,29,38,40,40,37,46,37,58,49,48,48,45
"06-03-2022",39,36,35,40,41,35,43,46,41,26,21,20,12,15,14,16,18,24,33,40,39,42,50,49
"07-03-2022",40,36,29,31,32,39,41,45,42,30,14,7,6,9,8,8,12,17,25,27,35,31,27,24
"08-03-2022",17,23,16,11,10,14,23,36,50,34,26,19,14,16,17,18,16,22,32,46,40,39,34,25
"09-03-2022",18,15,8,6,5,10,22,41,39,36,24,18,22,22,23,20,15,21,34,29,27,26,24,17
"10-03-2022",13,18,9,11,10,14,26,37,38,29,21,14,14,12,12,21,19,21,26,28,27,31,23,16
"11-03-2022",12,10,6,4,6,14,28,50,43,21,13,12,14,14,19,18,15,21,30,42,45,54,46,42
"12-03-2022",39,28,20,12,9,14,23,30,30,31,21,18,17,14,20,17,14,17,26,33,37,37,31,23
"13-03-2022",16,17,17,16,16,15,22,19,20,10,9,11,14,14,15,10,6,9,18,29,35,28,35,30
"14-03-2022",45,40,27,14,7,13,32,43,51,33,21,22,29,25,25,20,19,24,24,27,35,36,39,40
"15-03-2022",31,30,16,9,10,12,31,45,54,35,28,19,15,12,14,13,14,19,33,51,42,38,28,25
"16-03-2022",34,28,16,10,9,19,28,38,55,53,21,20,19,17,21,15,16,20,30,38,50,53,42,31
"17-03-2022",18,22,13,10,10,17,34,42,48,14,8,8,13,13,11,12,26,30,41,46,61,59,56,49
"18-03-2022",34,32,23,13,12,19,24,39,45,28,24,29,25,22,30,16,18,24,22,22,30,31,17,11
"19-03-2022",10,13,10,7,8,7,10,11,11,10,12,13,12,13,14,11,13,15,18,18,18,17,15,13
"20-03-2022",10,9,8,7,7,6,6,8,7,7,8,11,12,11,10,10,9,9,11,13,12,14,16,16
"21-03-2022",11,9,6,5,5,5,16,25,28,25,23,19,21,18,16,16,15,16,20,25,26,22,17,17
"22-03-2022",15,13,10,8,7,15,40,55,45,25,26,22,18,20,18,22,18,23,34,56,43,61,42,32
"23-03-2022",19,14,10,9,7,15,21,34,29,29,23,22,19,20,22,16,16,22,38,53,51,39,39,47
"24-03-2022",46,34,16,14,15,17,40,47,54,41,29,21,17,22,22,23,20,35,42,59,52,56,43,37
"25-03-2022",34,36,21,14,13,13,20,38,31,13,9,17,19,14,10,10,9,21,19,27,36,36,33,29
"26-03-2022",27,20,15,12,13,17,29,36,27,22,18,15,11,17,23,32,14,10,21,35,48,48,24,18
"27-03-2022",28,35,30,21,24,23,26,29,25,15,18,26,27,9,7,10,9,20,31,45,54,56,48,23
"28-03-2022",23,12,10,15,21,22,41,53,52,55,54,42,33,25,22,19,22,29,35,46,44,36,43,36
"29-03-2022",16,10,10,7,11,25,40,40,37,34,32,27,25,25,25,21,25,32,41,59,47,36,19,16
"30-03-2022",20,12,16,9,12,22,33,-9999,45,39,22,22,10,24,16,17,15,11,31,40,21,26,19,9
"31-03-2022",11,15,11,7,14,17,23,32,38,40,39,40,39,33,36,33,27,27,42,44,43,24,15,19
"01-04-2022",12,13,12,10,7,11,18,36,41,31,30,27,18,18,15,18,19,24,15,18,19,20,13,18
"02-04-2022",10,8,6,5,4,6,8,10,13,15,15,15,17,17,11,15,18,30,20,14,13,14,14,13
"03-04-2022",11,6,5,6,7,7,5,7,6,7,8,5,6,6,5,5,6,6,14,12,15,17,17,20
"04-04-2022",19,14,12,9,7,12,24,33,36,32,22,26,23,23,25,24,24,27,30,44,47,46,53,47
"05-04-2022",41,37,31,19,16,16,24,32,41,40,31,28,21,21,22,22,19,19,19,29,48,38,35,25
"06-04-2022",20,13,10,10,10,17,26,31,36,29,23,21,13,22,25,11,5,8,10,24,35,32,32,36
"07-04-2022",29,20,20,13,10,11,14,30,48,40,33,24,22,16,14,16,16,23,21,21,18,18,13,15
"08-04-2022",11,9,11,7,5,8,12,24,31,20,20,16,21,25,13,11,9,11,26,25,28,26,24,21
"09-04-2022",18,21,15,13,10,13,15,22,17,6,9,9,9,9,6,5,8,10,24,13,12,16,17,16
"10-04-2022",12,15,12,11,12,12,14,15,13,7,5,7,11,7,5,6,7,8,7,8,9,10,9,7
"11-04-2022",6,6,4,4,5,7,17,26,30,18,12,11,12,11,12,10,10,10,18,16,23,24,21,19
"12-04-2022",19,12,9,9,9,10,19,34,35,30,18,13,11,8,8,9,8,14,15,24,24,18,12,14
"13-04-2022",22,13,7,6,6,8,24,29,31,19,13,15,20,16,18,14,15,14,16,20,21,19,12,16
"14-04-2022",14,17,9,12,15,15,22,36,35,36,31,29,24,21,21,22,22,21,27,24,29,20,16,13
"15-04-2022",24,21,13,11,12,14,24,32,42,41,40,37,30,31,19,24,22,28,21,26,36,40,21,21
"16-04-2022",23,21,13,11,10,13,17,24,24,27,26,24,20,21,18,19,21,23,23,33,31,36,29,40
"17-04-2022",18,12,8,11,16,12,22,10,8,6,11,10,12,14,14,17,15,12,14,15,19,18,18,15
"18-04-2022",12,12,11,9,9,14,18,29,30,30,35,33,29,20,26,21,17,23,27,32,30,25,21,14
"19-04-2022",11,11,6,5,6,8,22,22,23,14,15,11,10,10,8,8,8,13,13,25,22,24,15,14
"20-04-2022",14,17,10,5,5,8,14,19,24,8,10,12,13,13,8,11,10,13,15,16,32,27,26,17
"21-04-2022",16,12,9,10,7,11,23,36,32,33,25,29,28,18,19,15,16,20,23,39,46,34,28,23
"22-04-2022",21,24,18,17,12,9,14,15,15,15,20,18,19,23,22,24,18,20,24,27,22,19,33,32
"23-04-2022",34,26,18,8,9,10,19,20,17,6,4,6,10,9,21,7,6,20,11,13,19,16,15,13
"24-04-2022",12,9,14,14,10,14,8,9,5,3,4,5,6,6,4,3,3,11,6,6,9,15,17,11
"25-04-2022",10,11,9,7,4,5,8,9,11,10,8,7,10,7,4,4,7,19,7,18,14,33,26,26
"26-04-2022",15,29,10,6,7,14,25,30,28,20,15,14,11,12,19,9,11,24,17,24,22,33,27,21
"27-04-2022",21,25,12,6,7,10,22,27,28,13,6,8,14,6,8,9,6,8,16,16,22,19,19,27
"28-04-2022",14,22,17,17,11,20,33,37,41,37,36,29,30,24,24,26,20,22,37,31,40,40,46,40
"29-04-2022",42,43,36,16,11,15,29,48,49,48,41,44,39,38,38,33,26,28,39,41,41,50,44,45
"30-04-2022",39,39,34,22,18,20,31,34,33,20,23,19,16,15,15,13,11,11,15,18,31,24,16,12
"01-05-2022",26,15,15,14,12,13,12,18,16,18,13,13,7,9,13,22,19,18,17,20,25,22,22,18
"02-05-2022",15,12,10,9,9,8,8,9,13,14,14,15,18,13,9,9,7,11,15,19,23,23,22,18
"03-05-2022",19,14,12,11,7,11,18,22,19,10,13,11,10,10,9,11,10,17,30,20,20,21,18,13
"04-05-2022",17,13,7,5,7,8,19,32,33,21,14,10,10,11,10,9,8,12,19,26,39,38,30,21
"05-05-2022",14,13,9,7,7,11,19,24,27,19,16,11,7,8,12,9,7,16,15,17,27,36,34,25
"06-05-2022",8,17,13,10,10,15,28,31,29,28,29,30,31,28,24,24,30,38,25,41,37,36,43,38
"07-05-2022",29,31,36,24,14,19,31,43,33,26,20,17,16,19,20,14,11,11,15,16,29,31,38,20
"08-05-2022",17,13,14,13,14,9,14,12,13,10,15,19,21,17,12,11,11,7,14,18,16,13,17,20
"09-05-2022",18,21,14,13,9,17,27,36,38,33,34,31,27,18,16,16,16,15,20,11,13,26,28,26
"10-05-2022",24,21,19,27,13,7,15,24,28,23,20,16,17,19,21,16,16,18,18,18,24,35,30,39
"11-05-2022",33,26,19,11,9,15,24,33,38,30,25,12,15,17,14,18,19,21,14,19,23,28,23,27
"12-05-2022",25,20,26,14,10,13,23,32,25,-9999,-9999,-9999,-9999,18,16,25,44,49,34,53,43,44,24,13
"13-05-2022",15,13,15,17,17,18,36,50,36,21,12,12,19,16,24,18,14,20,47,34,26,30,32,34
"14-05-2022",33,29,19,13,15,20,23,22,11,16,15,17,14,13,14,16,22,11,36,30,29,44,45,35
"15-05-2022",28,20,24,20,19,15,11,14,21,11,9,8,14,18,15,10,12,28,54,27,18,25,25,12
"16-05-2022",10,11,10,11,12,21,31,53,33,22,17,22,18,16,18,14,14,14,21,19,35,34,27,35
"17-05-2022",32,27,16,14,11,17,37,50,34,28,15,21,24,23,20,19,18,14,31,29,26,25,23,22
"18-05-2022",21,20,16,15,12,13,24,36,31,18,19,19,22,19,19,19,14,15,23,31,30,33,42,41
"19-05-2022",26,27,16,9,8,9,18,23,27,29,31,27,26,32,33,28,23,19,24,28,33,42,32,21
"20-05-2022",16,20,17,20,27,28,32,44,47,51,38,38,27,29,28,21,23,22,28,35,46,55,50,41
"21-05-2022",35,32,25,47,18,29,48,35,47,24,9,12,19,24,15,16,16,23,17,24,27,25,29,29
"22-05-2022",26,25,28,22,14,17,18,30,10,8,10,9,16,14,12,9,9,11,22,18,18,26,19,20
"23-05-2022",17,29,22,12,17,9,18,44,41,20,17,16,17,20,21,18,22,19,34,33,39,26,18,15
"24-05-2022",12,16,17,13,12,13,33,33,24,18,19,18,26,23,23,16,22,31,27,32,32,37,23,28
"25-05-2022",37,23,27,12,18,17,32,38,52,35,27,26,28,22,19,27,17,18,32,28,42,62,74,63
"26-05-2022",31,47,30,22,20,20,32,37,36,26,29,27,27,30,21,20,24,39,30,40,59,76,24,21
"27-05-2022",21,44,26,28,27,22,26,28,32,24,32,53,31,25,32,27,40,32,42,35,40,44,42,47
"28-05-2022",23,32,37,30,27,22,29,45,51,49,42,36,64,35,35,34,20,16,17,41,55,51,45,33
"29-05-2022",35,18,22,19,16,9,11,12,8,7,9,8,9,8,8,10,11,7,9,15,19,16,17,15
"30-05-2022",16,17,9,13,14,14,20,31,24,18,12,17,29,19,21,13,15,15,35,22,26,43,28,21
"31-05-2022",21,9,20,15,14,17,17,31,17,15,15,32,24,23,19,17,34,30,30,33,47,58,49,38
"01-06-2022",16,18,18,17,13,19,27,31,20,18,20,20,15,11,11,13,18,12,26,24,43,32,27,38
"02-06-2022",36,35,34,41,28,25,40,52,57,52,41,43,43,42,42,34,29,43,33,42,32,49,66,54
"03-06-2022",42,44,27,28,11,32,57,59,-9999,-9999,-9999,-9999,-9999,-9999,-9999,-9999,-9999,-9999,-9999,-9999,-9999,-9999,-9999,-9999
"04-06-2022",-9999,-9999,-9999,-9999,-9999,-9999,-9999,-9999,-9999,-9999,-9999,-9999,-9999,-9999,-9999,-9999,-9999,-9999,-9999,-9999,-9999,-9999,-9999,-9999
"05-06-2022",-9999,-9999,-9999,-9999,-9999,-9999,-9999,-9999,-9999,-9999,-9999,-9999,-9999,-9999,-9999,-9999,-9999,-9999,-9999,-9999,-9999,-9999,-9999,-9999
"06-06-2022",-9999,-9999,-9999,-9999,-9999,-9999,-9999,-9999,-9999,-9999,-9999,-9999,-9999,-9999,-9999,-9999,-9999,-9999,-9999,-9999,-9999,-9999,-9999,-9999
"07-06-2022",-9999,-9999,-9999,-9999,-9999,-9999,-9999,-9999,-9999,-9999,-9999,-9999,-9999,-9999,-9999,-9999,-9999,-9999,-9999,-9999,-9999,-9999,-9999,-9999
"08-06-2022",-9999,-9999,-9999,-9999,-9999,-9999,-9999,-9999,-9999,-9999,-9999,-9999,-9999,-9999,-9999,-9999,-9999,-9999,-9999,-9999,-9999,-9999,-9999,-9999
"09-06-2022",-9999,-9999,-9999,-9999,-9999,-9999,-9999,-9999,-9999,-9999,-9999,-9999,-9999,-9999,-9999,-9999,-9999,-9999,-9999,-9999,-9999,-9999,-9999,-9999
"10-06-2022",-9999,-9999,-9999,-9999,-9999,-9999,-9999,-9999,-9999,-9999,-9999,-9999,-9999,-9999,-9999,-9999,-9999,-9999,-9999,-9999,-9999,-9999,-9999,-9999
"11-06-2022",-9999,-9999,-9999,-9999,-9999,-9999,-9999,-9999,-9999,-9999,-9999,-9999,-9999,-9999,-9999,-9999,-9999,-9999,-9999,-9999,-9999,-9999,-9999,-9999
"12-06-2022",-9999,-9999,-9999,-9999,-9999,-9999,-9999,-9999,-9999,-9999,-9999,-9999,-9999,-9999,-9999,-9999,-9999,-9999,-9999,-9999,-9999,-9999,-9999,-9999
"13-06-2022",-9999,-9999,-9999,-9999,-9999,-9999,-9999,-9999,-9999,-9999,-9999,-9999,-9999,-9999,-9999,-9999,-9999,-9999,-9999,-9999,-9999,-9999,-9999,-9999
"14-06-2022",-9999,-9999,-9999,-9999,-9999,-9999,-9999,-9999,-9999,-9999,-9999,-9999,-9999,-9999,-9999,-9999,-9999,-9999,-9999,-9999,-9999,-9999,-9999,-9999
"15-06-2022",-9999,-9999,-9999,-9999,-9999,-9999,-9999,-9999,-9999,-9999,-9999,-9999,-9999,-9999,-9999,-9999,-9999,-9999,-9999,-9999,-9999,-9999,-9999,-9999
"16-06-2022",-9999,-9999,-9999,-9999,-9999,-9999,-9999,-9999,-9999,-9999,-9999,-9999,-9999,-9999,-9999,-9999,-9999,-9999,-9999,-9999,-9999,-9999,-9999,-9999
"17-06-2022",-9999,-9999,-9999,-9999,-9999,-9999,-9999,-9999,-9999,-9999,-9999,-9999,-9999,-9999,-9999,-9999,-9999,-9999,-9999,-9999,-9999,-9999,-9999,-9999
"18-06-2022",-9999,-9999,-9999,-9999,-9999,-9999,-9999,-9999,-9999,-9999,-9999,-9999,-9999,-9999,-9999,-9999,-9999,-9999,-9999,-9999,-9999,-9999,-9999,-9999
"19-06-2022",-9999,-9999,-9999,-9999,-9999,-9999,-9999,-9999,-9999,-9999,-9999,-9999,-9999,-9999,-9999,-9999,-9999,-9999,-9999,-9999,-9999,-9999,-9999,-9999
"20-06-2022",-9999,-9999,-9999,-9999,-9999,-9999,-9999,-9999,-9999,-9999,-9999,-9999,-9999,-9999,-9999,17,22,16,26,27,49,43,28,21
"21-06-2022",20,22,13,10,9,16,31,37,39,24,23,31,28,26,48,17,15,18,28,24,32,35,30,23
"22-06-2022",18,16,13,15,14,14,25,33,29,27,20,18,20,19,23,20,18,19,17,23,30,36,42,25
"23-06-2022",42,20,15,17,15,12,23,31,34,26,24,21,37,34,34,25,18,27,33,40,46,52,36,37
"24-06-2022",44,23,15,17,12,11,23,46,32,29,31,24,23,25,26,23,20,28,25,29,49,69,53,38
"25-06-2022",38,38,32,22,17,22,18,23,35,25,21,18,17,19,17,16,12,11,13,18,20,21,20,17
"26-06-2022",14,13,12,13,11,11,14,16,10,8,9,10,13,16,12,9,13,13,18,12,16,21,23,26
"27-06-2022",26,22,22,17,13,18,27,39,45,30,20,33,38,37,24,15,14,15,26,31,26,53,46,51
"28-06-2022",40,30,27,19,15,15,30,49,44,45,43,41,40,39,39,34,17,22,34,41,63,49,61,38
"29-06-2022",43,15,14,14,13,15,27,34,33,31,37,44,39,40,39,36,36,41,41,23,26,25,25,29
"30-06-2022",31,20,16,12,11,13,22,37,34,19,18,13,18,29,24,16,16,21,30,29,40,43,30,34
"01-07-2022",34,27,24,17,16,16,24,44,41,38,31,24,16,30,34,27,24,16,24,31,46,40,44,39
"02-07-2022",38,34,29,21,26,25,36,37,39,32,30,22,24,35,14,21,18,12,17,34,36,35,34,42
"03-07-2022",54,21,19,15,11,12,14,13,14,15,20,21,18,16,14,17,15,15,17,19,25,28,29,31
"04-07-2022",21,24,19,14,11,16,27,38,39,33,35,42,45,35,33,27,26,30,29,27,41,44,40,42
"05-07-2022",41,21,18,17,17,16,23,51,47,50,41,43,37,39,34,34,32,35,46,45,62,62,63,73
"06-07-2022",54,45,36,39,47,29,39,51,53,56,40,34,41,28,22,21,21,24,26,19,26,25,25,25
"07-07-2022",30,30,23,15,15,23,32,28,30,27,32,33,36,28,25,22,17,18,37,27,28,35,29,25
"08-07-2022",24,19,20,12,12,15,18,33,37,24,17,34,33,14,20,18,20,10,12,18,23,29,20,17
"09-07-2022",12,16,11,10,9,10,21,21,18,18,20,21,19,25,29,19,18,13,21,25,28,29,34,26
"10-07-2022",23,21,14,13,12,10,13,14,15,15,19,16,14,14,14,10,24,12,31,22,15,24,30,27
"11-07-2022",22,20,15,14,16,24,45,43,45,31,22,25,26,30,22,16,11,16,33,19,25,27,31,30
"12-07-2022",25,28,25,17,27,18,29,50,39,27,27,25,28,32,19,14,13,16,25,21,32,30,25,28
"13-07-2022",26,21,19,17,12,20,30,43,36,27,22,26,35,40,31,34,21,20,31,38,39,48,45,28
"14-07-2022",22,21,21,22,18,20,32,54,49,36,23,32,27,23,26,18,17,19,40,34,36,50,34,21
"15-07-2022",17,16,12,12,12,18,48,60,48,44,38,30,33,33,31,28,26,29,35,40,36,40,38,32
"16-07-2022",31,26,24,18,19,24,37,40,45,33,27,28,21,19,18,14,18,13,22,20,20,22,24,24
"17-07-2022",41,31,24,19,21,18,22,28,20,19,8,14,12,18,11,16,10,23,28,24,28,33,33,32
"18-07-2022",40,18,22,15,14,22,37,62,44,50,30,31,36,35,34,27,20,26,23,28,31,32,25,17
"19-07-2022",13,11,10,9,8,10,23,29,36,33,30,30,26,30,25,23,17,20,29,28,31,32,26,23
"20-07-2022",20,12,9,8,8,10,22,24,26,29,29,30,30,29,29,23,20,20,24,23,21,26,27,24
"21-07-2022",18,18,12,14,14,18,27,37,34,27,27,33,32,33,30,25,17,18,27,28,31,33,31,21
"22-07-2022",41,46,29,24,23,30,36,50,55,56,34,19,28,28,30,25,18,23,27,36,41,36,32,43
"23-07-2022",47,34,23,40,29,28,39,49,48,54,47,35,38,31,32,26,24,30,32,27,32,28,28,27
"24-07-2022",39,37,23,35,34,22,35,29,22,19,13,15,14,17,16,12,14,15,15,19,23,20,28,36
"25-07-2022",37,44,36,18,16,40,38,39,28,31,41,34,23,45,31,31,23,13,21,16,27,19,16,11
"26-07-2022",9,11,11,12,14,12,24,35,20,17,17,23,37,29,28,29,13,18,15,17,19,16,13,13
"27-07-2022",10,10,7,7,7,10,25,23,16,14,14,15,25,33,29,24,14,18,26,26,17,22,20,15
"28-07-2022",10,9,11,18,7,13,24,28,28,26,27,30,21,24,30,27,31,27,35,34,43,49,46,38
"29-07-2022",32,31,20,12,11,17,36,46,48,43,49,42,40,36,37,29,28,27,33,21,34,38,43,36
"30-07-2022",35,34,23,24,21,27,29,34,36,33,33,22,27,34,22,30,19,21,14,18,30,26,17,19
"31-07-2022",17,16,12,12,10,16,20,13,10,8,6,7,9,10,8,9,8,11,13,16,19,18,23,26
"01-08-2022",15,16,12,15,9,14,22,28,29,34,31,23,23,24,29,26,22,11,11,12,14,14,15,16
"02-08-2022",13,9,11,10,10,12,17,22,28,28,26,-9999,-9999,-9999,-9999,-9999,-9999,-9999,33,32,32,35,34,35
"03-08-2022",35,26,24,20,43,39,31,41,47,45,52,49,46,39,39,35,30,29,30,39,40,57,54,43
"04-08-2022",39,35,30,23,23,39,40,56,-9999,-9999,-9999,-9999,45,44,43,35,28,33,42,48,52,49,44,43
"05-08-2022",29,31,20,15,17,24,40,75,89,70,32,26,28,33,17,16,15,20,25,22,27,29,33,39
"06-08-2022",38,40,35,32,22,24,37,42,40,36,22,22,29,65,19,19,20,22,21,44,51,34,31,37
"07-08-2022",43,49,29,34,28,32,41,35,41,33,24,29,26,26,19,17,19,20,18,23,18,26,32,33
"08-08-2022",15,30,21,30,31,28,38,48,47,40,46,39,35,43,38,34,25,26,33,31,29,37,29,31
"09-08-2022",33,29,15,20,23,23,38,52,55,40,32,33,37,43,44,35,30,35,45,45,51,61,54,40
"10-08-2022",37,30,26,19,17,21,56,67,92,75,33,40,35,32,26,23,21,22,24,32,34,39,28,49
"11-08-2022",43,36,23,26,23,30,40,64,74,68,56,44,50,43,37,38,32,40,39,43,61,51,39,34
"12-08-2022",32,25,18,24,24,27,49,58,59,39,37,34,40,47,42,29,20,22,30,36,31,28,20,20
"13-08-2022",17,14,16,13,13,14,18,32,36,27,28,30,31,25,24,19,18,14,15,24,21,23,24,23
"14-08-2022",18,17,19,14,13,14,18,16,14,11,12,13,11,10,11,11,11,11,12,13,15,17,19,17
"15-08-2022",14,13,10,11,11,12,15,21,19,12,12,10,13,10,8,9,11,11,24,16,26,22,22,22
"16-08-2022",16,15,15,12,13,20,27,42,35,26,18,16,19,18,17,20,13,21,19,22,28,32,27,25
"17-08-2022",21,17,13,14,10,16,26,34,25,14,17,18,26,26,18,13,14,16,20,17,21,28,27,24
"18-08-2022",25,29,18,16,15,19,26,39,39,35,24,17,19,25,23,26,21,17,24,34,42,46,49,35
"19-08-2022",29,24,34,25,21,25,38,52,48,26,32,27,26,29,27,22,26,46,35,41,50,37,30,20
"20-08-2022",24,29,21,13,20,25,33,40,31,26,24,14,22,27,19,19,21,14,16,15,18,19,18,18
"21-08-2022",12,12,11,11,13,13,15,14,13,11,11,11,12,12,11,15,10,14,11,12,17,19,18,17
"22-08-2022",19,15,14,9,10,17,23,31,32,20,20,18,18,22,20,21,15,19,19,21,22,28,25,18
"23-08-2022",15,15,12,10,10,13,23,33,35,20,18,16,16,21,27,24,18,24,18,31,35,39,34,26
"24-08-2022",22,28,21,14,14,17,30,49,43,34,29,19,19,28,27,16,13,17,17,17,21,26,25,29
"25-08-2022",25,21,13,12,11,17,25,30,36,31,30,30,32,30,38,31,27,27,22,18,34,40,30,29
"26-08-2022",25,28,20,15,17,19,32,40,41,27,23,21,24,22,25,20,20,22,28,24,32,36,31,31
"27-08-2022",24,27,19,16,15,21,25,35,35,25,19,15,14,16,17,16,16,32,27,20,27,23,24,26
"28-08-2022",21,18,19,17,14,14,20,16,9,9,10,11,10,12,11,12,10,13,12,15,18,18,19,17
"29-08-2022",22,21,13,11,12,17,32,46,37,29,18,19,18,18,21,16,17,15,23,20,23,33,32,24
"30-08-2022",31,23,16,13,13,18,27,40,32,14,14,19,19,19,19,19,16,19,23,21,25,40,34,22
"31-08-2022",29,24,18,17,20,22,28,43,43,33,26,23,18,21,21,24,19,26,21,26,27,31,31,28
"01-09-2022",28,25,20,21,14,15,29,44,45,29,18,14,18,25,24,20,18,19,29,41,34,31,27,21
"02-09-2022",24,25,16,16,19,16,25,39,43,25,18,27,20,19,21,22,19,20,22,27,32,30,24,20
"03-09-2022",20,20,17,12,10,11,12,20,21,20,21,19,18,24,20,15,17,18,18,22,22,26,23,22
"04-09-2022",23,22,20,16,13,14,25,20,18,12,11,11,10,12,13,10,12,13,14,18,22,28,28,29
"05-09-2022",30,27,20,20,17,22,34,51,56,37,27,37,39,34,32,27,30,26,32,36,53,45,36,28
"06-09-2022",26,27,21,14,17,19,36,60,59,47,36,39,38,35,35,30,25,31,32,40,52,49,43,38
"07-09-2022",25,33,30,30,23,24,36,39,49,50,36,41,39,40,40,31,24,25,33,38,44,56,53,35
"08-09-2022",28,30,25,21,18,32,35,50,53,46,49,45,47,41,38,35,31,35,43,50,59,63,51,48
"09-09-2022",42,54,48,40,38,42,48,57,59,64,56,52,27,27,36,27,19,25,34,31,35,37,24,33
"10-09-2022",29,27,18,18,16,15,14,28,17,15,20,13,17,16,16,27,20,17,16,21,25,23,24,22
"11-09-2022",20,23,17,14,14,13,22,18,15,12,9,12,11,11,12,11,9,14,17,14,21,26,18,19
"12-09-2022",15,19,12,10,11,18,27,38,45,40,26,24,30,29,28,26,23,34,32,31,33,40,38,32
"13-09-2022",29,28,32,17,18,26,37,47,57,60,49,39,35,27,18,17,25,22,32,32,39,42,33,32
"14-09-2022",30,36,24,16,16,23,34,59,60,52,36,24,32,22,16,21,22,26,28,36,36,45,45,37
"15-09-2022",33,36,20,13,13,20,34,51,66,49,26,24,32,31,28,21,21,27,34,55,69,66,62,55
"16-09-2022",43,42,30,17,17,22,42,59,67,52,31,28,30,28,38,45,23,32,31,35,43,46,47,43
"17-09-2022",39,34,27,23,19,20,33,34,45,29,21,22,22,20,21,13,11,11,15,18,22,26,17,16
"18-09-2022",16,13,12,11,11,11,11,11,13,12,11,13,14,13,11,10,11,12,14,19,25,29,31,28
"19-09-2022",25,32,15,12,16,21,37,51,56,43,39,29,23,26,25,24,22,27,31,37,51,48,38,30
"20-09-2022",22,21,15,13,16,24,43,65,70,30,19,19,27,28,25,20,19,25,38,41,36,34,30,36
"21-09-2022",36,32,23,18,18,20,36,49,53,43,36,24,28,23,18,18,20,29,29,32,31,33,36,28
"22-09-2022",23,22,14,12,15,17,39,55,66,48,33,24,34,39,32,26,26,28,35,51,50,51,50,40
"23-09-2022",35,34,24,26,20,24,37,57,60,60,41,33,35,37,37,32,24,32,40,61,63,75,57,70
"24-09-2022",42,50,46,25,25,23,44,50,45,50,37,27,25,17,20,19,26,21,41,32,40,50,42,38
"25-09-2022",37,25,28,20,17,19,27,30,30,26,19,15,10,12,12,11,10,11,32,38,59,54,46,32
"26-09-2022",24,22,16,16,18,25,42,62,74,64,28,36,24,28,18,21,21,25,35,38,39,39,39,30
"27-09-2022",28,30,17,13,14,13,20,27,38,49,45,33,25,27,29,30,25,42,38,37,38,44,28,19
"28-09-2022",15,22,12,11,8,9,19,38,55,53,33,20,26,32,32,33,26,30,27,28,29,30,27,22
"29-09-2022",21,23,13,10,9,12,17,37,41,48,41,35,29,22,22,23,25,25,37,42,52,53,55,52
"30-09-2022",31,27,23,19,27,30,39,61,68,54,30,20,24,20,19,18,21,29,53,62,74,82,80,77
"01-10-2022",62,62,45,41,33,27,37,48,56,58,47,47,46,58,56,52,48,57,60,88,79,68,48,32
"02-10-2022",24,19,26,15,15,15,15,15,16,12,12,9,13,15,20,19,22,18,25,29,34,40,37,34
"03-10-2022",31,28,22,18,20,24,36,55,60,50,38,34,27,26,28,25,24,33,34,46,51,51,44,37
"04-10-2022",38,35,42,25,19,20,40,62,70,75,53,44,44,44,41,37,37,41,39,54,65,70,71,64
"05-10-2022",48,43,40,37,23,28,45,66,75,76,43,35,40,35,43,35,29,38,38,52,61,54,60,53
"06-10-2022",44,31,15,13,15,28,38,49,47,51,-9999,-9999,-9999,44,37,42,50,45,53,79,87,69,61,60
"07-10-2022",45,36,36,22,23,33,60,85,98,90,50,42,47,40,37,29,34,46,57,66,77,85,71,55
"08-10-2022",47,47,42,33,29,33,49,55,59,65,61,44,52,51,33,28,25,37,33,54,54,61,63,60
"09-10-2022",54,66,47,33,33,30,39,33,37,33,23,16,22,14,16,18,15,24,24,44,62,60,60,58
"10-10-2022",55,30,26,35,23,40,62,85,90,71,62,60,35,33,46,56,49,35,44,60,64,34,46,38
"11-10-2022",31,32,25,18,27,36,43,58,77,70,60,52,57,65,54,39,28,31,35,59,64,62,41,34
"12-10-2022",27,26,28,24,20,29,38,59,61,57,49,39,43,32,37,32,21,35,37,50,59,54,58,36
"13-10-2022",45,49,33,22,23,33,55,73,69,65,52,37,49,46,44,37,23,29,30,60,51,47,50,37
"14-10-2022",27,34,25,18,20,28,35,43,55,69,66,59,55,66,67,64,57,73,69,79,74,68,61,51
"15-10-2022",47,25,20,27,22,21,33,36,38,50,45,39,40,44,33,32,26,33,50,60,57,50,53,55
"16-10-2022",51,45,47,48,41,38,56,64,40,40,27,28,22,23,20,21,22,27,35,51,67,58,60,61
"17-10-2022",49,43,35,23,24,31,42,82,94,90,55,44,45,53,46,45,44,49,45,50,60,67,52,43
"18-10-2022",38,38,30,21,20,20,37,73,96,81,64,46,43,39,37,33,39,39,59,83,85,92,92,84
"19-10-2022",52,40,35,30,20,25,52,74,98,96,57,47,44,35,25,26,25,33,37,89,98,80,101,92
"20-10-2022",81,74,71,72,61,44,58,80,112,105,81,61,63,68,63,51,53,59,88,125,117,91,111,108
"21-10-2022",82,78,45,32,28,37,62,92,109,125,89,63,47,40,50,50,49,53,67,85,109,90,87,82
"22-10-2022",64,46,47,34,31,35,38,50,53,66,51,47,46,44,29,34,29,44,39,67,76,61,69,69
"23-10-2022",61,48,32,32,27,30,40,46,55,47,33,27,23,19,17,21,21,25,32,62,69,69,87,87
"24-10-2022",90,68,37,29,33,30,55,78,80,79,49,26,23,31,50,48,75,48,106,108,99,91,82,78
"25-10-2022",78,75,61,29,31,38,53,72,86,82,59,49,43,34,33,31,36,75,86,89,88,94,74,70
"26-10-2022",54,67,50,36,36,40,59,84,82,98,79,70,63,43,25,27,27,58,84,115,117,109,93,85
"27-10-2022",77,82,62,66,54,66,65,85,103,104,86,96,90,72,102,121,102,126,118,142,113,123,106,96
"28-10-2022",100,89,71,65,48,43,56,56,79,42,43,52,43,38,27,24,24,29,31,35,43,46,45,50
"29-10-2022",52,41,29,25,28,32,46,63,82,86,66,45,40,32,46,40,34,37,44,62,59,90,84,63
"30-10-2022",53,52,32,31,29,37,40,40,37,36,30,28,29,29,28,29,32,44,57,58,55,59,64,70
"31-10-2022",72,72,65,36,32,21,42,62,86,96,100,92,51,52,25,31,40,80,113,124,130,119,109,82
"01-11-2022",62,49,34,25,18,24,32,47,88,81,88,77,78,60,52,50,60,90,101,95,81,90,61,52
"02-11-2022",60,67,32,38,31,48,77,80,90,83,72,56,64,45,46,46,66,84,98,99,101,97,75,52
"03-11-2022",46,69,58,50,22,35,68,86,88,49,29,27,39,38,68,77,46,97,100,103,96,81,70,61
"04-11-2022",68,54,49,61,45,41,63,85,-9999,-9999,-9999,-9999,-9999,20,25,37,27,39,63,66,67,62,65,56
"05-11-2022",58,62,39,31,24,44,57,57,58,55,54,46,43,36,32,34,18,20,33,34,35,35,32,29
"06-11-2022",28,22,27,20,23,21,22,19,16,23,27,25,28,22,23,18,26,52,56,43,34,42,46,46
"07-11-2022",39,29,25,18,14,18,38,50,53,42,43,42,40,31,35,39,38,51,53,57,59,62,58,46
"08-11-2022",43,41,39,17,15,18,36,47,52,51,38,40,43,29,29,31,41,52,59,61,67,65,64,61
"09-11-2022",55,43,35,24,18,26,42,48,48,45,33,33,22,24,24,26,21,47,63,63,60,60,53,59
"10-11-2022",57,48,33,20,16,26,45,57,57,48,38,43,33,24,35,45,45,56,68,64,58,61,58,56
"11-11-2022",46,41,36,28,25,31,42,49,51,47,40,38,42,29,30,40,52,79,71,70,71,69,67,62
"12-11-2022",47,50,43,45,34,33,46,53,58,35,40,46,39,45,35,37,34,38,38,41,41,34,34,33
"13-11-2022",27,22,24,33,44,40,26,39,34,24,20,20,20,22,23,31,38,63,60,60,56,51,53,53
"14-11-2022",41,31,26,20,15,24,37,46,53,46,46,47,43,28,19,25,27,57,68,64,58,68,66,63
"15-11-2022",48,52,37,31,24,32,44,52,49,50,40,39,36,23,23,31,24,51,63,52,48,45,40,39
"16-11-2022",33,28,18,14,15,24,33,46,51,44,36,29,29,29,32,36,37,56,59,35,35,33,24,14
"17-11-2022",12,11,8,7,7,10,14,24,26,27,29,20,19,25,34,28,32,43,46,36,24,28,23,27
"18-11-2022",25,12,11,8,8,10,36,51,53,52,35,32,32,28,40,34,30,31,32,32,31,33,26,17
"19-11-2022",15,12,10,11,8,13,14,18,23,20,30,25,31,32,34,20,18,27,35,52,57,52,44,48
"20-11-2022",50,54,44,42,35,33,24,22,25,29,27,24,34,13,18,26,26,39,15,14,17,20,20,12
"21-11-2022",13,13,8,5,6,9,14,23,44,36,26,36,30,37,39,30,36,40,38,37,49,48,41,27
"22-11-2022",20,19,13,8,7,13,26,54,62,62,52,42,55,48,27,39,25,22,24,22,20,25,20,14
"23-11-2022",9,8,6,5,7,14,27,41,37,43,44,40,43,30,28,34,34,61,56,50,46,47,45,36
"24-11-2022",21,22,18,13,11,21,45,50,57,55,39,30,31,30,32,29,36,39,57,59,55,57,51,38
"25-11-2022",27,24,21,13,12,17,33,46,49,46,37,26,25,27,31,31,39,50,47,51,48,47,52,41
"26-11-2022",37,38,42,35,19,30,36,49,48,43,46,40,45,42,48,52,59,55,58,57,48,43,36,37
"27-11-2022",26,22,14,13,14,12,12,19,13,11,16,16,16,19,15,19,22,34,41,51,62,58,53,48
"28-11-2022",40,31,26,18,19,20,34,41,41,45,38,35,34,29,34,37,38,48,46,46,47,47,47,38
"29-11-2022",38,35,28,16,14,18,30,37,38,44,41,30,29,27,31,39,53,54,44,56,46,53,58,49
"30-11-2022",41,26,19,15,14,15,16,19,31,28,30,26,27,30,34,36,43,50,34,32,35,34,32,39
"01-12-2022",29,17,21,19,17,22,27,48,65,66,64,61,58,57,53,52,43,47,55,61,57,49,40,42
"02-12-2022",37,25,21,17,13,24,32,40,41,45,35,31,20,29,25,28,39,56,48,47,45,47,41,43
"03-12-2022",39,38,37,29,23,26,34,38,40,47,44,41,44,49,58,56,57,52,44,44,42,46,42,43
"04-12-2022",40,37,34,24,28,27,31,33,37,37,30,35,35,30,27,31,40,47,45,41,41,38,40,39
"05-12-2022",36,41,30,28,21,20,31,40,42,40,39,34,33,32,33,37,39,47,47,48,40,35,32,35
"06-12-2022",36,32,25,19,16,19,25,37,40,40,38,37,33,34,40,40,40,39,40,37,36,37,34,28
"07-12-2022",22,26,28,19,19,24,29,33,36,40,39,46,43,35,42,47,48,45,33,40,45,44,41,38
"08-12-2022",32,30,30,20,23,26,40,38,40,43,47,50,49,49,53,52,51,49,48,51,51,46,36,35
"09-12-2022",32,32,22,18,22,24,32,38,37,36,33,37,39,44,51,55,54,48,40,42,46,47,48,46
"10-12-2022",42,42,36,34,28,37,34,39,43,38,46,43,49,43,39,40,39,45,46,46,40,28,16,14
"11-12-2022",25,12,11,12,8,8,10,13,11,13,13,13,14,17,15,15,21,32,35,40,29,30,21,18
"12-12-2022",17,11,13,9,7,9,17,36,47,45,37,38,34,34,41,35,30,40,41,49,53,50,54,42
"13-12-2022",37,36,16,10,8,11,23,37,43,41,44,42,50,-9999,-9999,51,56,55,61,57,56,51,37,39
"14-12-2022",22,27,24,17,17,21,38,47,49,52,56,52,50,56,59,50,54,54,55,49,42,44,34,35
"15-12-2022",32,35,36,28,9,10,15,25,38,44,39,44,40,32,33,30,31,41,54,62,55,60,54,47
"16-12-2022",40,33,32,23,27,31,39,50,53,52,51,43,33,38,41,56,57,53,59,51,51,53,51,47
"17-12-2022",35,27,25,26,17,16,22,26,32,31,31,37,39,40,44,40,52,62,56,57,54,54,52,51
"18-12-2022",47,43,43,37,37,32,36,42,51,42,48,29,22,31,18,26,48,59,56,50,45,43,37,40
"19-12-2022",41,36,25,19,19,20,38,42,50,60,63,48,34,32,36,33,38,45,43,45,56,48,45,42
"20-12-2022",42,30,23,20,20,22,38,48,59,56,38,31,28,32,33,32,37,39,53,56,62,56,47,47
"21-12-2022",39,25,18,17,18,24,38,46,57,53,39,34,43,40,43,52,55,58,62,67,63,62,58,53
"22-12-2022",52,44,30,28,16,22,47,55,62,62,50,45,58,46,32,37,48,72,71,76,69,64,59,49
"23-12-2022",42,34,31,20,20,31,43,56,63,67,67,46,41,39,35,35,44,70,69,67,69,68,57,50
"24-12-2022",55,45,31,18,15,17,27,30,39,48,38,31,29,37,39,36,46,55,65,64,60,51,47,45
"25-12-2022",42,33,27,26,29,34,33,26,29,34,31,23,24,20,22,15,38,58,58,56,56,54,51,49
"26-12-2022",47,47,35,37,39,32,25,29,32,43,42,46,22,15,15,16,23,41,52,57,57,45,36,40
"27-12-2022",40,29,16,12,11,18,31,38,42,39,24,23,31,35,30,36,31,50,59,55,50,51,50,41
"28-12-2022",29,29,19,11,10,17,25,41,53,54,36,23,23,20,19,25,27,66,64,56,57,54,51,39
"29-12-2022",37,34,33,19,19,21,37,43,44,48,47,41,40,30,29,20,35,57,62,61,59,57,54,45
"30-12-2022",38,38,38,18,20,22,34,38,48,47,48,49,37,29,26,34,53,62,64,69,66,60,54,47
"31-12-2022",41,33,24,23,15,20,24,38,49,48,35,24,29,31,23,19,17,50,64,63,61,55,51,17
"01-01-2023",39,47,43,40,38,39,41,45,34,34,34,25,30,24,23,21,30,47,45,52,40,37,39,52
"02-01-2023",46,40,37,29,26,28,39,48,48,55,42,39,39,27,26,21,25,59,62,63,65,62,57,50
"03-01-2023",50,30,19,12,13,16,24,38,47,41,42,43,36,35,37,27,36,60,61,47,40,42,44,38
"04-01-2023",25,22,11,8,9,16,25,39,47,53,39,30,32,29,25,24,30,55,64,59,58,55,50,47
"05-01-2023",44,39,35,32,26,28,36,44,50,60,43,48,37,32,38,36,38,57,65,61,60,59,58,50
"06-01-2023",39,33,23,14,12,12,16,42,35,37,15,16,19,17,15,13,13,44,58,51,61,58,57,56
"07-01-2023",51,47,44,29,26,28,33,36,51,55,50,44,43,42,38,34,43,55,62,65,64,62,61,58
"08-01-2023",56,53,48,46,41,42,42,39,45,41,24,22,21,20,19,23,46,63,82,67,62,49,51,35
"09-01-2023",31,25,21,13,14,19,33,54,60,70,44,49,40,27,27,38,51,65,51,53,47,30,21,13
"10-01-2023",9,7,5,4,4,6,14,29,46,47,35,37,47,47,34,26,32,39,53,63,58,63,57,40
"11-01-2023",24,16,12,11,10,17,44,54,61,58,33,19,20,22,28,25,31,60,61,60,63,61,47,33
"12-01-2023",34,22,23,18,18,22,33,47,48,54,47,27,23,22,22,35,49,62,63,70,65,59,55,52
"13-01-2023",45,30,24,16,17,26,39,50,57,57,51,38,41,30,25,28,38,61,66,64,60,62,56,53
"14-01-2023",42,41,38,33,26,38,39,48,54,52,51,45,36,34,20,22,21,49,63,66,66,62,59,51
"15-01-2023",51,53,46,32,24,22,32,31,42,46,36,32,24,26,24,24,36,49,55,62,58,59,53,52
"16-01-2023",50,40,24,26,17,22,54,49,65,68,60,69,40,37,39,30,27,24,34,35,29,28,23,13
"17-01-2023",9,6,6,5,5,7,13,17,25,26,28,25,28,27,30,32,34,27,34,29,28,26,19,13
"18-01-2023",10,10,7,5,5,7,13,18,27,26,26,25,22,23,26,29,22,22,27,41,54,39,27,19
"19-01-2023",44,48,33,12,9,8,25,69,70,60,26,18,20,26,35,21,30,45,61,65,55,51,18,13
"20-01-2023",15,17,9,7,7,8,15,22,38,40,38,35,43,40,34,25,29,41,41,45,42,47,53,32
"21-01-2023",22,23,15,10,18,9,13,12,20,22,31,35,46,38,32,25,23,39,35,44,50,55,42,51
"22-01-2023",50,54,26,27,32,35,35,48,40,35,35,33,26,22,24,31,46,54,63,49,56,58,58,52
"23-01-2023",31,13,13,13,15,24,41,70,65,39,45,63,65,49,49,57,47,48,62,56,64,62,51,36
"24-01-2023",34,29,18,14,12,12,31,54,65,51,46,35,22,17,20,17,22,45,70,62,63,61,54,50
"25-01-2023",40,46,30,19,11,21,40,55,69,64,70,69,55,56,55,37,33,41,47,53,54,49,48,47
"26-01-2023",36,30,10,9,11,16,27,37,41,28,45,46,43,43,45,46,49,41,65,66,57,58,53,37
"27-01-2023",32,22,15,9,12,20,34,49,63,53,62,55,41,30,25,22,27,45,73,75,73,70,68,60
"28-01-2023",40,37,24,18,17,19,29,49,55,52,42,21,19,23,20,15,22,34,63,63,67,61,64,59
"29-01-2023",56,49,37,28,30,25,40,37,44,33,25,27,32,35,36,32,31,40,52,55,58,52,50,47
"30-01-2023",44,37,31,21,22,25,36,52,56,52,43,32,36,23,24,33,29,34,40,52,64,63,56,49
"31-01-2023",39,25,18,12,13,21,40,57,62,56,38,27,20,24,17,31,33,38,46,53,53,50,44,44
"01-02-2023",33,22,18,13,16,16,34,49,59,51,38,24,19,23,21,22,17,36,62,58,54,61,49,42
"02-02-2023",30,23,26,10,15,21,41,68,63,62,63,48,29,19,20,29,44,61,73,84,82,80,70,58
"03-02-2023",49,27,19,13,16,22,43,61,76,77,44,46,26,20,21,27,35,43,70,68,60,62,62,51
"04-02-2023",32,26,28,21,28,22,39,49,33,59,47,44,44,45,25,26,30,36,33,39,60,57,45,51
"05-02-2023",35,34,35,17,16,17,17,26,18,17,14,14,17,17,14,15,18,23,31,37,35,32,37,39
"06-02-2023",41,31,24,17,15,18,26,40,49,45,37,27,25,26,20,21,27,28,37,42,38,47,45,32
"07-02-2023",22,16,16,11,11,8,18,28,38,39,26,29,26,24,26,24,26,30,36,49,55,47,36,29
"08-02-2023",18,21,13,10,12,12,29,38,47,32,25,29,25,25,23,22,28,30,33,32,33,29,24,18
"09-02-2023",18,15,11,8,8,11,18,38,38,36,34,38,36,31,31,29,34,35,48,50,54,45,31,27
"10-02-2023",18,18,14,10,9,17,42,59,57,43,33,32,30,27,29,26,25,45,62,73,76,81,78,71
"11-02-2023",68,60,51,35,35,34,55,62,70,66,26,19,19,14,28,26,25,31,41,66,60,57,71,68
"12-02-2023",47,40,35,24,21,20,28,72,37,42,20,17,18,16,12,9,11,33,75,78,77,45,48,53
"13-02-2023",35,19,13,19,12,15,27,45,57,46,33,26,31,26,32,27,30,32,47,64,68,54,58,55
"14-02-2023",40,35,24,13,14,21,48,65,68,58,42,50,37,25,23,23,26,43,75,77,81,76,65,63
"15-02-2023",59,36,25,24,21,31,46,73,71,70,57,33,35,39,32,34,30,37,63,71,71,68,51,50
"16-02-2023",37,38,23,17,20,25,44,65,68,76,61,36,32,34,28,31,38,46,79,78,73,66,59,49
"17-02-2023",39,30,27,26,22,26,42,64,60,69,49,37,32,24,34,30,34,47,54,70,79,79,66,39
"18-02-2023",27,21,18,12,13,17,31,42,62,60,30,22,24,26,23,22,22,33,42,62,63,57,55,81
"19-02-2023",39,32,26,21,19,25,29,24,37,24,16,12,13,12,19,31,26,30,38,43,50,29,-9999,-9999
"20-02-2023",-9999,-9999,-9999,-9999,-9999,-9999,-9999,-9999,-9999,-9999,-9999,-9999,-9999,-9999,-9999,-9999,-9999,-9999,-9999,-9999,-9999,-9999,-9999,-9999
"21-02-2023",-9999,-9999,-9999,-9999,-9999,-9999,-9999,-9999,-9999,-9999,-9999,-9999,-9999,-9999,-9999,-9999,-9999,-9999,-9999,-9999,-9999,-9999,-9999,-9999
"22-02-2023",-9999,-9999,-9999,-9999,-9999,-9999,-9999,-9999,-9999,-9999,-9999,-9999,-9999,-9999,-9999,-9999,-9999,-9999,-9999,-9999,-9999,-9999,-9999,-9999
"23-02-2023",-9999,-9999,-9999,-9999,-9999,-9999,-9999,-9999,-9999,-9999,-9999,-9999,-9999,-9999,-9999,-9999,-9999,-9999,-9999,-9999,-9999,-9999,-9999,-9999
"24-02-2023",-9999,-9999,-9999,-9999,-9999,-9999,-9999,-9999,-9999,-9999,-9999,-9999,-9999,-9999,-9999,-9999,-9999,-9999,-9999,-9999,-9999,-9999,-9999,-9999
"25-02-2023",-9999,-9999,-9999,-9999,-9999,-9999,-9999,-9999,-9999,-9999,-9999,-9999,-9999,-9999,-9999,-9999,-9999,-9999,-9999,-9999,-9999,-9999,-9999,-9999
"26-02-2023",-9999,-9999,-9999,-9999,-9999,-9999,-9999,-9999,-9999,-9999,-9999,-9999,-9999,-9999,-9999,-9999,-9999,-9999,-9999,-9999,-9999,-9999,-9999,-9999
"27-02-2023",-9999,-9999,-9999,-9999,-9999,-9999,-9999,-9999,-9999,-9999,-9999,-9999,-9999,-9999,-9999,-9999,-9999,-9999,-9999,-9999,-9999,-9999,-9999,-9999
"28-02-2023",-9999,-9999,-9999,-9999,-9999,-9999,-9999,-9999,-9999,-9999,-9999,-9999,-9999,-9999,-9999,-9999,-9999,-9999,-9999,-9999,-9999,-9999,-9999,-9999
"01-03-2023",-9999,-9999,-9999,-9999,-9999,-9999,-9999,-9999,-9999,-9999,-9999,-9999,-9999,-9999,-9999,-9999,-9999,-9999,-9999,-9999,-9999,-9999,-9999,-9999
"02-03-2023",-9999,-9999,-9999,-9999,-9999,-9999,-9999,-9999,-9999,-9999,-9999,-9999,-9999,-9999,-9999,-9999,-9999,-9999,-9999,-9999,-9999,-9999,-9999,-9999
"03-03-2023",-9999,-9999,-9999,-9999,-9999,-9999,-9999,-9999,-9999,-9999,-9999,-9999,-9999,-9999,-9999,-9999,-9999,-9999,-9999,-9999,-9999,-9999,-9999,-9999
"04-03-2023",-9999,-9999,-9999,-9999,-9999,-9999,-9999,-9999,-9999,-9999,-9999,-9999,-9999,-9999,-9999,-9999,-9999,-9999,-9999,-9999,-9999,-9999,-9999,-9999
"05-03-2023",-9999,-9999,-9999,-9999,-9999,-9999,-9999,-9999,-9999,-9999,-9999,-9999,-9999,-9999,-9999,-9999,-9999,-9999,-9999,-9999,-9999,-9999,-9999,-9999
"06-03-2023",-9999,-9999,-9999,-9999,-9999,-9999,-9999,-9999,-9999,-9999,-9999,-9999,-9999,-9999,-9999,-9999,-9999,-9999,-9999,-9999,-9999,-9999,-9999,-9999
"07-03-2023",-9999,-9999,-9999,-9999,-9999,-9999,-9999,-9999,-9999,-9999,-9999,-9999,-9999,-9999,-9999,-9999,-9999,-9999,-9999,-9999,-9999,-9999,-9999,-9999
"08-03-2023",-9999,-9999,-9999,-9999,-9999,-9999,-9999,-9999,-9999,-9999,-9999,-9999,-9999,-9999,-9999,-9999,-9999,-9999,-9999,-9999,-9999,-9999,-9999,-9999
"09-03-2023",-9999,-9999,-9999,-9999,-9999,-9999,-9999,-9999,-9999,-9999,-9999,-9999,-9999,-9999,-9999,-9999,-9999,-9999,-9999,-9999,-9999,-9999,-9999,-9999
"10-03-2023",-9999,-9999,-9999,-9999,-9999,-9999,-9999,-9999,-9999,-9999,-9999,-9999,-9999,-9999,-9999,-9999,-9999,-9999,-9999,-9999,-9999,-9999,-9999,-9999
"11-03-2023",-9999,-9999,-9999,-9999,-9999,-9999,-9999,-9999,-9999,-9999,-9999,-9999,-9999,-9999,-9999,-9999,-9999,-9999,-9999,-9999,-9999,-9999,-9999,-9999
"12-03-2023",-9999,-9999,-9999,-9999,22,13,13,19,18,6,7,6,4,9,13,8,26,24,24,35,37,35,35,21
"13-03-2023",13,12,15,14,19,24,36,50,48,27,29,27,24,22,24,16,15,24,41,47,42,39,30,36
"14-03-2023",29,22,18,7,6,11,35,50,54,48,25,14,17,22,14,14,16,24,38,58,69,71,56,46
"15-03-2023",37,24,16,10,11,17,24,48,58,38,42,36,40,33,37,26,19,21,38,30,31,31,22,15
"16-03-2023",8,8,7,5,5,12,20,30,40,36,23,10,2,5,5,7,16,22,32,32,36,49,44,34
"17-03-2023",17,18,14,11,9,11,21,35,40,32,29,31,25,24,18,18,15,18,28,30,34,39,31,34
"18-03-2023",27,29,27,19,18,17,30,41,31,17,17,16,17,14,11,10,11,16,17,39,58,55,54,50
"19-03-2023",36,21,20,23,18,15,16,22,23,11,13,14,14,14,16,9,5,8,16,42,62,62,62,56
"20-03-2023",53,20,22,16,19,26,30,51,51,31,17,14,19,19,24,19,41,37,32,60,66,63,64,58
"21-03-2023",45,27,14,11,10,18,36,53,37,47,35,31,33,35,24,17,14,23,51,73,61,61,45,27
"22-03-2023",22,24,18,10,6,16,35,46,19,7,7,7,13,23,25,22,17,23,35,49,75,64,53,46
"23-03-2023",39,32,12,12,12,16,27,45,46,37,22,25,27,22,24,24,20,33,50,63,58,60,53,43
"24-03-2023",25,26,11,7,8,13,39,48,52,37,30,27,22,17,17,10,15,36,50,53,55,67,69,50
"25-03-2023",47,35,21,19,13,19,26,26,24,9,8,12,23,19,8,18,13,24,19,22,23,27,39,39
"26-03-2023",34,30,27,15,16,18,24,35,12,5,7,7,12,8,9,6,12,18,20,40,49,41,30,27
"27-03-2023",22,10,5,8,12,33,61,52,46,33,20,25,25,25,16,31,19,20,23,25,27,18,9,3
"28-03-2023",3,6,2,2,4,8,23,26,25,26,23,18,24,21,14,11,10,14,14,9,11,12,18,16
"29-03-2023",16,12,12,10,10,31,50,50,39,21,15,19,24,15,12,13,16,21,28,33,48,46,25,16
"30-03-2023",17,8,7,8,18,44,61,71,60,31,27,25,19,17,18,15,19,33,35,42,56,46,39,29
"31-03-2023",25,16,14,10,17,38,72,86,66,34,29,21,29,19,17,15,15,21,32,38,35,28,20,18
"01-04-2023",19,17,21,9,7,14,25,34,31,26,17,20,22,15,15,15,23,12,21,30,33,24,33,21
"02-04-2023",39,25,29,13,13,14,20,21,18,10,14,26,17,10,23,18,17,25,30,46,42,37,35,28
"03-04-2023",18,15,9,12,16,32,54,52,41,29,46,37,47,38,24,19,28,31,44,45,60,52,31,29
"04-04-2023",4,3,4,5,13,26,47,49,26,14,17,23,15,15,17,13,17,26,28,24,25,18,14,10
"05-04-2023",9,11,3,2,7,19,28,37,-9999,31,25,21,18,18,21,17,13,26,20,23,40,47,36,17
"06-04-2023",11,13,16,7,6,18,40,37,48,32,43,30,18,13,9,20,13,15,29,29,47,50,40,30
"07-04-2023",20,16,13,8,6,10,26,40,43,43,23,22,21,21,23,12,14,16,25,32,43,46,36,31
"08-04-2023",23,25,22,15,11,18,36,43,37,30,28,18,20,16,16,9,8,14,31,33,34,51,63,48
"09-04-2023",52,35,27,19,13,17,21,23,28,19,14,12,10,7,7,9,11,10,15,23,20,22,27,30
"10-04-2023",20,17,19,9,8,13,23,35,36,39,32,20,35,18,24,26,15,30,30,32,35,40,29,19
"11-04-2023",21,12,14,8,7,18,34,41,47,35,22,13,22,16,14,16,15,23,36,36,33,32,25,28
"12-04-2023",26,16,10,6,4,15,30,51,50,31,31,22,23,18,17,14,14,20,21,26,30,39,38,30
"13-04-2023",21,15,10,5,7,12,24,46,54,17,8,14,13,17,14,10,11,9,13,17,24,28,27,40
"14-04-2023",39,41,39,23,17,19,34,35,28,27,27,23,39,21,23,16,12,22,19,15,11,15,18,10
"15-04-2023",8,7,4,6,5,6,16,18,23,20,7,11,11,16,8,8,10,12,15,12,13,15,10,13
"16-04-2023",14,11,14,8,5,4,8,16,11,7,8,7,4,13,6,5,1,6,7,11,22,23,23,21
"17-04-2023",18,21,15,9,10,10,12,9,12,16,20,15,12,12,18,10,14,12,16,12,18,18,31,36
"18-04-2023",23,19,20,13,10,13,41,55,42,18,11,9,15,15,11,8,7,8,28,18,29,35,35,26
"19-04-2023",17,11,10,5,6,13,30,41,44,28,17,19,16,15,19,20,11,15,13,21,31,36,21,16
"20-04-2023",14,13,10,6,6,13,27,34,41,26,18,12,13,-9999,-9999,15,11,10,21,22,25,42,39,30
"21-04-2023",18,16,10,10,10,15,30,44,31,28,19,17,18,12,15,15,18,22,18,25,19,21,20,12
"22-04-2023",15,16,19,15,9,23,31,44,38,26,20,12,17,13,13,12,22,21,35,29,37,37,40,31
"23-04-2023",25,20,19,26,27,18,14,14,19,17,15,14,20,16,19,18,20,11,15,9,15,35,31,29
"24-04-2023",22,18,13,7,14,18,31,55,50,29,16,9,11,27,16,11,17,13,22,18,35,59,45,24
"25-04-2023",18,13,6,4,4,8,14,26,32,40,25,20,18,29,15,17,8,18,20,25,35,32,25,14
"26-04-2023",8,7,4,1,1,4,10,23,35,31,22,21,19,19,23,17,13,19,17,19,20,25,24,14
"27-04-2023",14,25,16,6,7,17,42,49,38,16,15,19,18,16,20,18,15,19,23,32,39,49,39,28
"28-04-2023",24,25,15,12,10,19,37,58,42,38,18,16,23,17,14,13,14,25,40,23,38,50,44,30
"29-04-2023",22,24,26,14,11,14,25,31,38,27,11,12,11,11,12,16,12,16,10,20,15,26,28,37
"30-04-2023",27,25,21,12,11,14,9,17,19,6,5,3,6,16,7,5,7,14,12,24,33,30,35,11
"01-05-2023",13,24,16,15,8,7,7,15,10,3,8,10,16,16,11,4,4,3,10,11,32,49,41,38
"02-05-2023",31,16,15,11,11,14,37,65,65,68,63,41,45,38,45,45,33,22,25,27,26,32,32,32
"03-05-2023",24,13,21,5,15,10,27,65,57,48,46,24,31,37,23,31,32,31,30,44,54,52,40,55
"04-05-2023",30,19,12,12,8,12,29,38,41,47,46,-9999,39,23,26,23,25,36,47,43,51,30,44,42
"05-05-2023",30,14,10,9,7,10,27,35,40,44,30,26,33,25,24,22,16,22,25,27,38,51,47,37
"06-05-2023",34,32,27,20,19,23,30,38,33,26,29,21,21,18,21,18,14,13,18,21,27,25,35,38
"07-05-2023",30,34,24,16,20,17,32,47,23,21,19,19,21,22,15,16,10,7,19,20,33,35,38,32
"08-05-2023",26,14,20,13,8,17,40,49,38,32,18,13,14,19,18,25,20,22,22,31,54,53,31,28
"09-05-2023",21,21,20,15,6,15,32,51,57,61,46,43,41,35,33,29,28,34,43,42,48,48,34,28
"10-05-2023",20,15,18,8,10,12,27,36,43,44,31,23,21,24,24,28,27,19,25,32,31,36,34,32
"11-05-2023",24,16,12,10,7,12,30,41,38,39,34,33,38,29,32,28,32,34,43,46,44,47,39,33
"12-05-2023",22,19,17,13,8,12,21,29,31,31,27,23,13,10,12,18,9,11,28,43,24,24,17,15
"13-05-2023",12,8,9,14,11,24,18,23,25,10,24,22,38,33,34,21,17,37,33,14,18,20,34,44
"14-05-2023",41,32,23,25,13,14,19,28,19,21,17,20,21,27,24,24,20,25,35,55,47,45,44,46
"15-05-2023",33,21,17,14,11,16,21,46,50,45,41,40,46,37,44,36,34,45,37,51,49,46,34,30
"16-05-2023",16,10,8,5,4,14,28,27,50,47,37,44,43,29,28,25,21,29,32,22,22,50,33,31
"17-05-2023",29,23,9,9,11,16,24,48,49,31,26,23,17,21,39,27,14,9,23,35,65,50,39,18
"18-05-2023",15,11,12,9,7,14,29,41,40,23,19,16,14,13,14,22,12,19,21,25,38,34,28,30
"19-05-2023",25,18,14,10,10,11,31,32,31,20,29,24,35,43,30,34,33,35,35,45,62,53,35,21
"20-05-2023",27,31,27,17,21,26,31,36,43,32,30,33,36,25,32,32,23,30,23,34,32,25,20,26
"21-05-2023",23,11,7,11,6,4,11,10,11,12,11,15,20,19,14,10,13,16,16,14,18,20,23,25
"22-05-2023",22,12,16,10,9,10,23,33,44,44,37,40,33,29,31,24,20,23,23,28,29,36,36,32
"23-05-2023",22,17,12,9,8,16,36,47,41,32,36,37,43,35,39,25,27,11,24,39,42,55,53,48
"24-05-2023",19,18,11,10,17,16,33,38,42,38,12,7,11,17,11,15,9,14,14,14,20,49,44,39
"25-05-2023",19,24,15,8,8,21,52,54,45,33,32,30,27,29,16,16,16,18,25,31,37,50,39,33
"26-05-2023",37,31,28,24,13,28,32,45,53,42,36,34,34,39,32,26,16,20,16,22,25,20,50,41
"27-05-2023",31,36,26,20,15,19,29,31,33,37,24,33,35,40,28,18,18,16,22,24,34,27,34,36
"28-05-2023",39,39,21,24,38,14,14,15,19,27,21,20,7,17,16,14,32,21,19,25,32,36,31,31
"29-05-2023",33,23,18,10,11,21,31,40,38,34,21,25,31,26,28,15,20,29,44,45,30,58,32,22
"30-05-2023",17,12,15,10,13,11,30,31,27,23,15,15,25,9,9,20,25,24,20,17,30,38,41,39
"31-05-2023",28,20,19,16,14,18,27,37,35,43,29,25,29,29,37,27,19,11,27,29,48,53,51,37
"01-06-2023",40,32,19,20,21,22,42,62,55,53,31,34,38,37,38,35,29,35,35,50,49,58,43,37
"02-06-2023",37,32,17,12,11,16,34,52,50,45,19,28,36,30,35,29,27,26,21,17,20,29,21,13
"03-06-2023",25,23,20,11,6,13,43,25,22,14,6,11,7,14,14,14,15,21,17,19,19,-9999,-9999,-9999
"04-06-2023",-9999,-9999,-9999,-9999,-9999,-9999,-9999,-9999,-9999,-9999,-9999,-9999,-9999,-9999,-9999,-9999,-9999,-9999,-9999,-9999,-9999,-9999,-9999,-9999
"05-06-2023",-9999,-9999,-9999,-9999,-9999,-9999,-9999,-9999,-9999,-9999,-9999,-9999,-9999,-9999,-9999,-9999,-9999,-9999,-9999,-9999,-9999,-9999,-9999,-9999
"06-06-2023",-9999,-9999,-9999,-9999,-9999,-9999,-9999,-9999,-9999,-9999,-9999,-9999,-9999,-9999,-9999,-9999,-9999,-9999,-9999,-9999,-9999,-9999,-9999,-9999
"07-06-2023",-9999,-9999,-9999,-9999,-9999,-9999,-9999,-9999,-9999,-9999,32,27,-9999,22,15,45,37,27,10,14,15,23,21,13
"08-06-2023",15,9,6,5,20,20,27,49,57,51,44,38,37,33,35,26,24,29,38,30,43,49,35,26
"09-06-2023",17,22,9,10,12,19,33,44,-9999,-9999,-9999,-9999,-9999,-9999,-9999,-9999,-9999,-9999,-9999,-9999,-9999,-9999,-9999,-9999
"10-06-2023",-9999,-9999,-9999,-9999,-9999,-9999,-9999,-9999,-9999,-9999,-9999,-9999,-9999,-9999,-9999,-9999,-9999,-9999,-9999,-9999,-9999,-9999,-9999,-9999
"11-06-2023",-9999,-9999,-9999,-9999,-9999,-9999,-9999,-9999,-9999,-9999,-9999,-9999,-9999,-9999,-9999,-9999,-9999,-9999,-9999,-9999,-9999,-9999,-9999,-9999
"12-06-2023",-9999,-9999,-9999,-9999,-9999,-9999,-9999,-9999,-9999,-9999,-9999,-9999,-9999,-9999,-9999,11,8,8,14,22,40,35,27,19
"13-06-2023",21,14,9,8,7,8,20,32,33,18,23,12,22,26,24,20,10,6,6,35,20,32,21,16
"14-06-2023",14,9,12,8,8,10,22,28,32,27,30,26,26,24,26,15,8,10,5,5,14,21,19,11
"15-06-2023",7,8,10,13,18,17,33,32,27,38,45,44,38,50,43,38,31,29,35,46,61,35,23,17
"16-06-2023",10,17,21,6,6,10,13,26,28,24,17,8,16,16,17,13,13,15,21,20,28,25,21,14
"17-06-2023",15,9,5,7,5,4,16,16,14,12,11,13,13,15,9,11,7,23,11,13,24,15,17,18
"18-06-2023",19,13,12,9,5,6,10,12,7,2,1,-9999,7,4,5,10,7,16,2,12,12,25,32,37
"19-06-2023",31,23,37,25,27,13,30,40,37,30,24,18,29,27,20,12,9,12,28,18,27,48,38,28
"20-06-2023",19,14,13,8,7,13,17,24,20,9,6,8,23,23,13,12,12,13,23,37,49,58,44,26
"21-06-2023",19,17,22,17,10,18,33,48,34,5,7,8,20,29,33,29,13,21,42,23,55,85,84,75
"22-06-2023",33,45,28,22,16,28,31,59,57,43,33,24,38,49,45,35,30,38,55,41,33,48,40,47
"23-06-2023",28,36,52,38,20,11,45,52,46,34,31,30,40,34,38,44,31,35,42,37,42,43,33,60
"24-06-2023",19,15,8,5,18,18,25,25,27,26,22,21,44,35,28,9,6,6,12,20,23,25,37,44
"25-06-2023",26,17,15,13,10,23,18,20,24,15,13,18,22,25,31,14,23,14,23,20,26,28,35,30
"26-06-2023",33,30,25,13,14,17,32,40,39,25,8,4,17,27,9,17,7,20,36,15,43,36,30,35
"27-06-2023",11,29,20,14,15,21,31,35,37,44,45,30,38,38,36,27,15,16,13,18,13,24,12,9
"28-06-2023",10,9,3,2,5,8,18,21,15,17,15,12,8,15,11,9,8,13,10,13,20,24,19,13
"29-06-2023",15,10,8,6,9,19,35,36,30,20,15,14,21,19,16,12,9,17,16,22,34,28,25,24
"30-06-2023",22,24,14,15,13,27,27,29,36,23,24,22,31,24,17,10,9,13,16,26,23,38,22,16
"01-07-2023",14,24,15,10,9,12,19,22,17,9,8,9,14,18,12,8,6,8,25,25,10,15,10,10
"02-07-2023",6,6,3,3,2,8,15,14,2,3,4,8,3,2,2,3,2,12,6,5,10,15,14,10
"03-07-2023",7,5,4,3,2,4,20,29,37,21,15,14,14,19,22,24,11,8,10,28,14,22,27,19
"04-07-2023",20,19,5,7,3,8,16,21,13,8,11,7,23,23,16,32,9,9,23,19,26,38,22,12
"05-07-2023",11,12,5,7,7,6,10,30,19,12,9,7,-9999,-9999,17,12,9,11,17,16,22,33,40,39
"06-07-2023",41,18,14,13,28,18,29,42,40,22,9,8,18,17,15,11,13,17,25,31,36,28,31,20
"07-07-2023",17,26,7,4,5,13,55,36,20,13,22,24,22,22,14,17,14,22,26,35,30,27,26,20
"08-07-2023",47,26,19,15,14,17,18,20,16,14,11,14,17,20,16,17,10,19,9,12,16,23,28,18
"09-07-2023",11,7,13,18,13,11,24,34,12,10,5,8,23,6,5,2,8,7,25,13,11,13,14,14
"10-07-2023",16,15,11,8,11,14,28,49,38,33,40,32,41,38,41,23,21,12,26,14,41,77,47,24
"11-07-2023",14,16,10,10,10,23,38,54,40,40,16,13,20,23,11,7,15,24,33,33,38,48,48,32
"12-07-2023",18,15,13,15,10,15,31,30,27,13,9,6,11,18,19,25,11,20,21,24,26,30,25,23
"13-07-2023",15,19,8,17,19,24,32,64,34,24,26,21,29,23,18,12,12,31,30,32,35,34,44,38
"14-07-2023",28,29,8,9,7,12,30,32,26,48,34,29,28,33,23,30,24,24,31,27,35,38,31,35
"15-07-2023",25,21,25,16,10,10,22,19,31,13,11,17,23,12,17,6,16,16,14,19,21,26,36,23
"16-07-2023",33,27,27,30,34,26,31,36,25,18,17,15,19,24,16,17,20,21,23,26,25,33,21,27
"17-07-2023",36,20,11,11,15,11,23,46,49,46,38,42,41,34,37,41,34,22,28,50,56,54,45,42
"18-07-2023",36,33,22,17,14,20,23,38,50,49,48,49,42,46,48,31,21,22,29,44,54,74,60,42
"19-07-2023",45,26,24,27,38,35,40,57,67,58,48,45,49,42,40,37,24,22,24,34,32,65,76,67
"20-07-2023",63,53,41,43,54,53,64,57,64,49,59,33,25,28,26,15,11,18,23,33,44,50,59,33
"21-07-2023",14,26,23,15,19,21,29,27,14,16,12,30,35,29,31,19,22,34,24,36,46,45,43,24
"22-07-2023",21,7,14,26,24,23,40,25,29,28,14,11,26,24,18,17,16,9,11,27,29,49,49,39
"23-07-2023",19,9,20,17,9,20,54,24,9,9,10,7,8,20,8,25,18,15,22,21,37,43,36,26
"24-07-2023",23,18,20,16,25,38,53,56,45,51,21,17,21,25,19,19,13,24,35,47,69,50,31,19
"25-07-2023",28,31,54,32,23,42,58,54,42,26,35,23,29,32,50,30,17,15,29,29,29,49,52,47
"26-07-2023",22,24,21,8,5,10,25,49,54,24,22,25,27,29,17,13,19,21,12,16,23,28,31,17
"27-07-2023",16,13,8,3,3,6,15,35,27,26,20,18,23,25,26,15,14,19,18,19,25,32,27,19
"28-07-2023",16,13,15,16,22,19,43,32,29,21,26,29,28,28,17,14,9,13,25,25,24,30,17,13
"29-07-2023",18,11,7,3,3,6,21,27,28,17,12,8,13,14,17,15,7,13,9,9,14,19,20,14
"30-07-2023",8,12,12,8,8,23,15,16,17,11,10,8,7,6,5,11,7,15,8,11,18,23,37,39
"31-07-2023",29,17,6,14,5,13,36,77,43,15,31,17,25,39,20,27,16,24,16,28,26,50,30,10
"01-08-2023",15,24,23,18,17,18,30,41,33,30,32,26,22,27,26,16,15,10,12,13,21,24,19,10
"02-08-2023",8,14,9,6,4,7,23,37,33,15,15,10,11,11,46,30,13,10,37,10,19,24,22,16
"03-08-2023",10,10,4,4,4,9,23,34,29,10,9,10,15,17,13,14,12,13,30,35,28,29,22,20
"04-08-2023",22,15,8,6,8,11,21,36,24,16,17,13,8,10,13,15,9,9,31,17,26,29,23,12
"05-08-2023",15,11,16,5,6,8,17,26,21,8,9,8,11,5,4,6,3,2,8,11,9,8,17,9
"06-08-2023",6,4,3,2,3,8,35,10,7,6,6,8,6,8,10,7,7,18,12,8,12,16,19,18
"07-08-2023",13,15,6,3,4,9,22,37,36,15,10,16,15,18,14,13,12,17,13,17,23,23,18,24
"08-08-2023",16,12,5,3,4,8,24,37,35,13,10,16,14,13,15,9,9,14,36,32,30,33,23,15
"09-08-2023",15,16,20,14,12,15,32,49,46,34,20,29,33,30,35,22,20,22,6,11,13,24,16,7
"10-08-2023",6,7,8,9,8,13,27,36,32,19,10,9,11,13,15,13,12,13,16,22,28,35,30,19
"11-08-2023",25,16,13,10,8,17,26,49,40,34,32,30,37,36,28,22,22,18,25,35,37,31,36,19
"12-08-2023",17,8,7,7,7,10,20,22,24,18,24,28,31,30,27,18,13,16,19,28,33,20,31,38
"13-08-2023",38,15,12,14,13,15,28,30,28,29,18,14,10,10,9,6,8,9,11,11,18,23,30,17
"14-08-2023",11,13,9,9,9,11,29,50,51,42,18,10,25,25,29,18,18,16,20,18,37,29,42,32
"15-08-2023",34,32,16,10,5,7,8,14,6,6,3,7,6,12,5,3,3,9,5,9,13,18,14,13
"16-08-2023",13,11,7,4,2,8,19,24,24,15,13,10,9,7,13,7,7,19,12,21,21,28,22,20
"17-08-2023",45,20,7,6,2,7,26,23,12,5,4,8,12,16,18,18,14,12,17,25,30,26,13,36
"18-08-2023",19,28,13,20,27,37,38,43,72,27,19,17,28,42,40,29,17,14,31,29,36,49,34,44
"19-08-2023",44,26,30,13,11,15,43,47,49,48,32,31,37,39,33,35,29,18,22,19,42,36,40,35
"20-08-2023",35,19,26,16,18,22,19,20,16,19,17,13,13,19,11,15,14,10,11,17,21,25,42,25
"21-08-2023",22,26,18,10,10,20,35,43,54,46,34,41,45,39,41,32,17,23,25,24,31,49,32,23
"22-08-2023",14,23,14,4,5,9,19,25,37,47,42,43,43,43,36,32,34,31,39,43,59,45,50,31
"23-08-2023",33,23,23,19,14,20,40,48,56,57,45,50,48,47,42,33,21,29,36,35,63,50,46,24
"24-08-2023",21,42,30,10,17,26,64,58,78,57,64,36,26,24,56,44,39,40,31,29,41,33,44,37
"25-08-2023",32,22,32,25,22,30,39,69,36,33,26,17,17,35,20,21,17,55,28,34,41,54,52,18
"26-08-2023",30,38,34,30,15,19,24,34,32,24,15,17,11,18,36,40,36,39,24,45,31,52,46,43
"27-08-2023",33,23,25,18,13,25,33,32,32,11,8,12,25,23,17,15,9,19,9,16,29,27,31,25
"28-08-2023",48,24,20,19,12,14,16,34,38,24,22,12,16,17,18,26,14,13,29,24,49,55,38,53
"29-08-2023",28,27,20,9,12,15,34,69,60,47,9,15,27,26,18,13,8,16,23,29,32,30,22,11
"30-08-2023",9,7,9,10,11,12,23,38,40,31,23,20,22,19,19,21,15,21,22,20,31,25,16,10
"31-08-2023",9,8,7,7,6,10,30,45,52,36,29,25,24,24,23,18,18,25,25,35,36,37,25,27
"01-09-2023",19,18,8,7,7,14,29,49,55,28,30,28,27,33,23,35,23,26,22,31,46,51,35,24
"02-09-2023",21,25,15,9,10,12,29,47,37,40,20,15,17,14,17,11,8,12,38,23,35,51,65,61
"03-09-2023",55,40,32,37,15,15,31,33,56,38,23,12,17,23,16,17,7,13,15,22,31,60,45,40
"04-09-2023",39,37,31,25,17,26,40,52,50,50,46,48,46,35,32,36,39,31,24,36,36,38,33,27
"05-09-2023",17,9,5,13,6,12,29,43,41,40,45,42,32,39,44,34,33,31,23,43,64,46,38,20
"06-09-2023",14,13,6,3,2,9,27,24,40,22,26,36,36,64,58,39,33,30,35,33,35,36,43,39
"07-09-2023",29,18,8,6,11,16,29,35,56,35,60,55,52,48,34,40,43,32,39,35,48,45,28,25
"08-09-2023",24,21,16,12,10,23,38,51,63,56,44,50,48,49,40,29,35,36,43,51,47,52,45,31
"09-09-2023",38,28,19,10,12,26,36,44,42,59,31,33,30,24,24,25,16,18,24,43,30,44,34,26
"10-09-2023",19,32,22,23,16,13,21,22,20,20,14,16,16,16,15,12,10,11,13,16,17,16,17,12
"11-09-2023",17,10,6,2,2,5,12,24,21,25,35,43,32,31,28,27,20,26,32,38,39,38,60,38
"12-09-2023",43,37,20,13,11,8,27,55,72,60,47,42,50,32,28,32,28,32,40,50,64,56,35,55
"13-09-2023",56,49,32,21,25,36,48,71,70,68,60,47,27,26,24,20,21,24,23,42,87,87,57,36
"14-09-2023",26,38,12,23,37,23,23,60,83,65,24,23,31,30,31,13,17,34,39,37,69,75,74,30
"15-09-2023",38,30,15,13,13,11,34,63,58,37,21,18,24,26,9,18,14,15,31,42,39,47,53,65
"16-09-2023",55,36,23,23,24,25,26,41,42,35,35,17,47,26,16,12,16,17,37,30,38,55,67,70
"17-09-2023",51,49,35,27,20,25,37,35,25,32,24,15,23,20,22,19,24,24,25,29,38,52,52,51
"18-09-2023",50,31,19,16,13,20,39,70,78,57,47,46,39,34,30,27,22,29,34,37,48,36,34,24
"19-09-2023",19,12,9,7,7,11,24,41,48,49,44,26,34,38,32,33,35,24,49,62,64,59,61,59
"20-09-2023",46,36,30,19,19,19,46,58,61,61,42,39,48,39,47,48,17,14,35,45,52,33,11,7
"21-09-2023",14,7,9,8,8,10,28,42,63,50,26,20,39,33,17,21,11,14,32,55,67,49,18,16
"22-09-2023",15,13,15,19,14,23,40,51,64,49,38,15,21,27,21,16,15,23,39,49,55,37,56,67
"23-09-2023",56,66,42,49,43,48,40,65,57,58,47,40,44,40,30,9,14,13,28,54,66,63,75,70
"24-09-2023",65,38,42,44,36,26,43,50,32,35,12,29,18,23,6,7,4,9,14,21,34,22,18,12
"25-09-2023",8,9,6,2,2,4,16,37,41,35,33,22,19,18,21,19,25,30,31,38,36,41,37,22
"26-09-2023",19,15,10,14,18,19,36,56,61,49,34,20,18,21,27,26,22,27,37,46,49,40,41,33
"27-09-2023",21,18,11,7,8,11,22,38,40,52,47,39,34,36,49,44,15,25,31,49,47,61,56,44
"28-09-2023",31,16,10,6,6,12,25,53,63,66,50,34,52,40,29,26,26,27,41,66,65,63,68,45
"29-09-2023",33,29,19,11,11,16,33,50,67,56,43,40,37,33,36,36,29,30,28,22,40,52,40,34
"30-09-2023",31,23,22,15,8,13,26,33,24,19,12,13,29,23,19,14,16,36,38,53,60,50,46,34
"01-10-2023",34,32,25,16,11,10,23,16,21,24,20,16,13,17,14,4,10,25,27,32,37,42,48,35
"02-10-2023",29,34,20,32,27,36,53,64,77,69,52,51,45,46,47,35,28,48,48,59,72,72,66,46
"03-10-2023",43,30,18,19,25,32,47,81,89,78,50,30,39,27,30,24,29,27,36,61,53,45,36,35
"04-10-2023",27,19,14,7,11,21,27,46,63,47,40,-9999,-9999,-9999,44,43,42,52,42,36,68,58,60,38
"05-10-2023",36,52,31,28,34,42,47,69,69,63,45,36,42,44,29,26,26,46,32,54,81,63,63,65
"06-10-2023",56,52,49,40,38,47,46,61,67,58,47,28,25,27,31,23,35,50,41,52,50,54,49,48
"07-10-2023",39,51,34,31,23,33,47,52,60,61,54,40,35,35,30,28,22,26,36,51,50,61,57,49
"08-10-2023",44,37,42,32,24,23,24,28,25,30,22,19,21,14,10,10,10,15,33,36,41,55,52,37
"09-10-2023",30,31,24,24,18,26,45,65,72,82,57,50,51,50,34,35,33,37,47,44,57,60,59,37
"10-10-2023",35,34,30,33,17,17,46,61,58,59,61,42,36,28,22,26,30,32,38,62,77,60,68,53
"11-10-2023",37,38,31,27,22,23,48,58,71,72,54,41,38,32,36,30,28,27,41,44,38,38,35,34
"12-10-2023",31,23,17,13,8,16,28,51,60,55,36,39,27,26,32,30,33,39,37,67,63,69,52,51
"13-10-2023",34,30,21,32,22,28,46,69,69,78,58,45,37,17,21,19,20,25,36,50,68,67,52,53
"14-10-2023",49,37,29,18,20,21,26,37,60,44,42,34,35,25,23,13,16,20,47,32,50,60,60,56
"15-10-2023",41,29,19,14,15,17,22,27,33,23,18,14,16,15,11,14,13,17,26,26,33,42,54,45
"16-10-2023",38,21,15,12,12,23,35,56,60,54,29,18,21,19,18,21,23,28,42,54,45,51,58,39
"17-10-2023",41,27,15,13,15,18,32,46,58,50,48,44,34,30,42,43,40,52,60,37,48,53,42,40
"18-10-2023",30,20,20,17,16,19,38,55,65,60,28,18,22,25,22,17,21,32,49,47,66,49,47,35
"19-10-2023",36,32,26,17,16,26,46,52,52,47,40,36,30,37,35,32,27,19,28,43,76,73,64,54
"20-10-2023",40,29,21,14,13,19,49,58,64,68,52,36,36,39,26,23,24,34,70,75,83,65,46,41
"21-10-2023",45,39,50,31,18,21,26,31,42,52,36,35,37,41,47,49,45,51,54,61,57,65,53,52
"22-10-2023",48,35,28,25,28,21,29,30,29,31,28,25,26,25,24,27,28,39,49,55,61,65,68,64
"23-10-2023",63,50,42,48,24,34,51,62,65,73,74,55,44,25,24,16,18,23,41,45,52,46,38,38
"24-10-2023",26,21,23,14,12,13,37,48,52,43,19,24,24,22,25,18,21,34,44,55,66,65,52,42
"25-10-2023",28,31,19,10,12,20,40,62,66,51,50,33,32,27,26,25,27,64,57,57,59,61,53,40
"26-10-2023",42,41,25,15,16,24,20,38,71,58,61,54,56,48,47,46,43,30,54,58,59,57,57,41
"27-10-2023",43,40,30,28,20,25,39,52,58,60,55,26,18,25,35,34,26,34,41,47,43,36,29,26
"28-10-2023",20,14,13,12,9,13,37,25,26,22,21,30,16,14,11,16,12,14,37,22,36,43,44,45
"29-10-2023",40,37,50,27,24,19,18,19,30,23,10,7,6,16,13,8,9,13,30,43,42,48,52,50
"30-10-2023",52,38,43,28,17,11,20,39,52,55,47,46,40,31,28,24,19,33,52,69,61,61,50,39
"31-10-2023",34,27,20,16,14,16,20,36,53,61,43,39,18,25,31,29,27,24,41,66,58,64,60,48
"01-11-2023",40,32,26,22,18,16,19,42,59,56,33,32,25,26,23,25,25,24,41,56,54,54,60,60
"02-11-2023",49,31,21,19,12,12,13,22,19,21,44,34,28,31,26,27,33,42,63,66,49,64,57,34
"03-11-2023",41,38,27,18,26,22,39,66,74,59,37,39,41,32,39,43,32,31,60,60,63,65,39,30
"04-11-2023",43,39,20,15,25,36,11,11,11,15,16,31,43,35,26,17,16,21,25,25,29,34,40,35
"05-11-2023",33,27,20,15,14,11,16,41,42,16,18,19,13,12,14,17,17,18,23,22,21,21,20,15
"06-11-2023",11,9,8,6,5,8,23,50,54,37,37,41,32,36,35,32,29,43,50,54,60,47,43,32
"07-11-2023",21,18,13,10,13,16,35,55,54,34,14,21,22,27,27,26,53,54,59,65,61,62,40,38
"08-11-2023",42,35,28,18,9,13,32,53,55,48,35,23,28,26,34,22,35,56,66,53,57,54,51,27
"09-11-2023",12,11,19,15,12,12,32,47,47,36,30,27,27,22,24,23,24,55,70,73,69,60,56,43
"10-11-2023",38,20,15,10,11,18,32,58,63,48,58,50,49,47,51,48,50,57,56,59,59,67,55,24
"11-11-2023",19,17,11,7,6,8,10,13,21,19,21,27,31,29,30,24,21,23,28,28,25,32,34,31
"12-11-2023",31,30,23,13,9,11,22,21,17,12,18,17,22,23,13,13,14,22,23,26,20,18,16,15
"13-11-2023",17,11,7,5,5,11,25,50,41,53,40,32,28,26,36,33,34,50,50,43,42,47,40,27
"14-11-2023",20,17,14,8,16,27,31,52,48,52,38,34,28,29,33,28,35,56,63,59,49,49,43,34
"15-11-2023",35,24,16,13,14,18,40,61,69,67,64,45,41,42,39,36,33,47,68,60,63,65,54,48
"16-11-2023",37,27,22,16,18,22,42,63,58,62,31,20,27,31,21,18,29,48,67,61,59,58,54,41
"17-11-2023",39,43,16,14,14,19,33,49,59,57,35,30,33,43,46,39,22,20,20,19,18,28,22,18
"18-11-2023",11,9,6,7,5,6,6,16,19,16,19,21,13,23,23,15,16,13,18,18,23,20,32,28
"19-11-2023",22,15,15,16,16,19,19,30,20,19,14,17,18,12,11,11,19,35,37,38,32,27,26,21
"20-11-2023",18,18,15,10,14,17,36,58,62,60,47,32,30,32,32,33,36,53,60,57,50,49,43,28
"21-11-2023",26,21,11,11,12,16,33,57,66,63,38,16,-9999,-9999,-9999,23,34,61,74,73,76,69,56,47
"22-11-2023",34,25,17,12,15,24,32,50,49,51,46,44,47,40,49,59,56,58,57,52,55,53,51,47
"23-11-2023",42,40,37,26,26,28,42,54,57,66,77,52,51,38,34,41,56,72,70,71,66,64,62,58
"24-11-2023",44,40,37,21,20,21,29,56,60,65,55,39,28,28,41,31,59,53,49,63,57,50,47,38
"25-11-2023",33,20,19,10,6,8,9,14,17,23,21,21,28,30,33,21,20,22,16,12,10,12,9,10
"26-11-2023",9,10,5,5,8,12,8,9,9,9,11,16,19,18,14,13,12,15,17,22,23,46,34,28
"27-11-2023",41,30,18,13,12,19,44,57,59,48,31,27,33,26,33,37,46,69,60,68,69,63,52,40
"28-11-2023",34,19,20,12,12,18,30,55,59,51,30,28,39,37,37,23,25,33,30,28,30,25,21,13
"29-11-2023",11,8,6,5,9,9,17,26,34,31,38,45,40,34,32,39,29,43,59,50,59,68,58,43
"30-11-2023",33,32,24,22,16,19,27,23,24,42,34,31,27,28,23,27,32,52,46,59,70,59,58,51
"01-12-2023",34,30,26,14,27,40,50,69,70,56,39,41,55,51,49,52,58,71,82,80,67,66,62,48
"02-12-2023",33,46,39,23,39,42,40,65,61,72,59,59,46,39,38,28,37,40,32,30,37,29,35,36
"03-12-2023",20,21,17,10,13,20,31,31,37,29,27,28,31,28,25,20,17,28,40,41,43,45,52,52
"04-12-2023",21,19,17,13,11,12,32,49,55,42,37,28,25,32,31,36,30,28,57,52,55,50,49,45
"05-12-2023",37,32,20,19,16,24,39,47,47,45,42,33,28,27,31,44,47,50,60,47,46,46,31,37
"06-12-2023",27,23,17,9,7,14,26,42,57,53,51,52,43,40,40,39,41,46,51,58,59,65,56,33
"07-12-2023",25,23,17,13,14,16,30,58,62,68,55,39,57,51,42,35,40,53,44,51,45,54,54,26
"08-12-2023",17,14,13,9,15,20,38,50,60,50,38,37,34,31,36,31,37,58,52,52,48,48,51,49
"09-12-2023",39,38,22,22,12,25,38,39,44,52,48,34,35,32,31,29,41,61,60,52,53,54,51,52
"10-12-2023",47,44,40,33,29,30,38,45,42,41,36,40,41,63,45,41,48,46,46,46,43,41,42,32
"11-12-2023",37,31,22,18,13,20,44,47,51,64,56,37,43,42,44,55,59,59,58,58,52,47,41,34
"12-12-2023",27,24,21,13,14,16,40,58,64,61,59,45,52,55,48,42,55,67,63,60,61,56,52,43
"13-12-2023",39,28,22,15,16,28,32,48,53,56,31,22,34,38,41,51,72,81,74,71,68,62,59,51
"14-12-2023",45,36,25,17,16,27,43,62,64,64,67,40,37,49,43,46,53,65,46,46,39,63,55,36
"15-12-2023",29,15,24,13,18,32,43,59,69,64,55,64,66,68,65,65,67,70,61,63,55,56,56,54
"16-12-2023",47,38,36,29,26,23,30,49,47,39,28,28,30,29,27,25,21,23,28,30,35,32,29,25
"17-12-2023",26,24,18,18,22,20,18,27,20,24,16,16,19,19,19,20,28,40,44,53,52,52,54,46
"18-12-2023",37,37,29,24,16,21,36,48,55,56,44,46,39,46,53,54,67,66,66,68,63,63,63,58
"19-12-2023",53,48,31,20,19,29,39,58,63,65,64,63,52,40,33,27,45,77,72,68,65,58,54,55
"20-12-2023",52,48,37,29,23,25,40,51,53,58,50,66,71,61,63,65,68,63,64,61,59,58,56,53
"21-12-2023",36,36,34,25,23,31,43,50,55,59,57,35,40,30,34,41,49,62,58,60,56,57,50,40
"22-12-2023",39,25,22,16,16,18,34,44,48,46,37,42,45,37,52,57,59,61,67,74,69,59,55,51
"23-12-2023",37,33,24,16,19,21,35,41,45,58,51,35,31,35,36,39,42,64,60,57,54,59,64,51
"24-12-2023",47,37,31,25,28,24,32,36,40,40,30,20,29,30,28,51,48,64,64,67,67,58,52,41
"25-12-2023",30,25,16,15,12,10,10,12,12,15,22,18,16,15,10,11,15,28,39,41,39,41,44,38
"26-12-2023",36,26,17,14,15,15,12,15,23,30,30,9,10,22,28,13,20,39,61,62,53,53,50,42
"27-12-2023",32,25,27,17,11,20,40,61,51,31,42,32,36,27,30,25,32,51,61,65,65,59,56,53
"28-12-2023",47,44,32,21,18,27,37,47,52,54,64,53,40,34,28,32,38,66,62,60,60,55,53,50
"29-12-2023",36,29,22,14,14,16,27,46,53,53,34,33,39,31,35,35,38,52,63,67,64,66,66,58
"30-12-2023",52,50,33,19,19,24,53,37,53,44,38,28,34,29,28,36,33,50,66,70,67,65,59,49
"31-12-2023",42,41,34,37,34,23,32,31,35,46,39,22,20,23,36,27,38,57,64,61,59,56,54,49

