"01-01-2021",6,-9999,6,6,6,5,-9999,5,5,6,6,6,6,6,6,6,6,6,7,7,8,8,8,-9999
"02-01-2021",6,6,6,6,6,6,6,6,6,6,7,8,8,9,10,8,7,7,6,6,6,7,7,6
"03-01-2021",6,6,6,6,6,6,6,6,6,6,6,6,6,6,6,6,6,6,6,6,7,8,8,7
"04-01-2021",7,6,6,6,6,-9999,-9999,6,23,18,6,6,6,6,6,6,6,23,6,6,6,6,6,6
"05-01-2021",6,6,6,6,6,6,6,6,-9999,-9999,7,7,7,7,7,6,6,-9999,-9999,19,-9999,8,7,6
"06-01-2021",6,6,6,6,6,5,6,6,6,6,6,6,6,6,6,6,6,6,7,6,6,6,6,6
"07-01-2021",6,5,5,5,5,5,5,6,6,6,6,6,6,6,6,6,6,7,7,7,10,10,8,7
"08-01-2021",7,6,6,6,6,6,6,6,6,7,7,7,7,7,7,8,7,7,6,7,7,7,7,6
"09-01-2021",6,6,6,6,6,5,5,-9999,-9999,-9999,-9999,-9999,-9999,-9999,6,5,5,5,6,6,-9999,-9999,-9999,-9999
"10-01-2021",5,5,5,5,5,5,5,5,6,5,5,6,6,5,5,6,6,6,6,7,7,7,7,7
"11-01-2021",7,6,6,5,5,5,6,6,6,6,6,6,6,6,6,6,6,6,6,6,6,6,6,6
"12-01-2021",6,6,6,6,5,5,5,5,5,5,5,5,6,6,5,6,6,5,6,6,6,6,6,5
"13-01-2021",6,6,6,6,5,6,6,6,7,7,6,6,6,6,6,6,6,6,5,6,6,6,5,5
"14-01-2021",5,5,5,5,5,5,5,6,6,7,7,6,7,7,7,6,7,7,9,10,8,6,5,5
"15-01-2021",5,5,5,5,5,5,5,6,6,6,6,6,6,6,6,6,6,6,6,7,8,7,6,6
"16-01-2021",6,5,5,5,5,5,5,5,6,6,6,6,6,6,6,6,6,6,6,8,7,7,7,8
"17-01-2021",6,6,6,6,6,6,-9999,6,7,7,6,6,6,6,6,6,6,8,27,11,13,11,8,7
"18-01-2021",7,6,4,6,6,5,6,7,8,8,8,7,7,7,6,7,6,7,9,10,15,11,10,8
"19-01-2021",7,6,6,6,6,6,6,7,8,9,9,7,7,6,6,6,6,8,10,12,11,11,10,8
"20-01-2021",7,7,6,6,6,7,9,10,10,14,10,7,8,6,6,6,8,10,11,14,17,11,9,9
"21-01-2021",8,7,6,6,6,5,6,6,7,7,8,8,8,8,7,6,6,6,7,8,11,10,9,7
"22-01-2021",7,6,6,6,6,6,6,6,6,7,7,7,7,6,6,6,6,6,6,6,6,7,7,7
"23-01-2021",6,6,6,6,6,6,6,6,6,7,6,7,7,7,6,6,6,6,6,6,6,6,6,6
"24-01-2021",5,6,5,5,5,6,6,6,6,6,7,7,8,8,7,6,6,6,6,6,7,7,6,6
"25-01-2021",6,6,5,5,5,5,6,6,6,7,7,6,7,7,6,6,6,6,7,8,9,8,7,6
"26-01-2021",6,6,6,6,6,6,5,6,6,6,6,6,6,6,6,6,6,6,6,6,6,6,6,6
"27-01-2021",5,6,6,7,7,7,7,7,7,7,7,6,6,6,6,6,6,6,6,6,6,6,6,8
"28-01-2021",6,6,6,6,7,8,7,8,9,9,7,6,6,6,6,6,6,8,10,11,12,9,8,7
"29-01-2021",6,6,6,6,6,6,6,7,8,11,8,6,6,6,6,6,6,6,8,11,13,12,10,8
"30-01-2021",8,7,7,7,7,7,6,6,6,6,6,7,8,8,7,7,7,7,6,7,8,8,8,7
"31-01-2021",7,6,6,6,6,6,6,6,6,7,7,6,6,6,6,6,6,7,8,9,11,11,8,7
"01-02-2021",7,6,6,4,6,6,6,6,6,6,6,6,6,7,7,7,6,6,6,6,7,7,6,6
"02-02-2021",6,6,6,6,6,6,7,7,8,8,7,8,7,7,6,6,6,7,7,7,9,9,8,8
"03-02-2021",7,7,6,6,6,6,6,7,8,9,9,9,9,9,8,8,8,7,6,7,8,8,8,7
"04-02-2021",7,6,6,6,6,6,7,7,8,8,8,8,8,7,8,8,7,7,6,7,8,8,7,7
"05-02-2021",6,6,6,6,6,7,6,7,7,7,7,8,7,7,7,7,7,6,7,7,8,8,8,7
"06-02-2021",7,6,6,6,6,6,6,6,7,6,6,7,7,7,7,6,7,6,6,7,7,8,8,7
"07-02-2021",7,6,6,6,6,6,6,6,6,6,7,7,9,7,7,7,6,7,8,13,12,10,9,8
"08-02-2021",7,7,7,7,7,7,7,7,8,7,7,7,6,6,6,6,6,7,7,6,7,7,7,6
"09-02-2021",6,6,6,6,6,6,6,6,6,6,7,7,7,7,6,6,6,6,6,6,6,6,6,6
"10-02-2021",6,6,6,6,6,6,6,6,6,6,7,7,7,6,6,6,6,7,7,7,9,8,7,8
"11-02-2021",7,7,6,6,6,6,7,7,7,7,6,6,6,6,7,6,6,6,6,6,7,7,7,6
"12-02-2021",6,6,6,6,6,6,6,7,7,7,8,7,7,7,6,6,6,6,6,6,8,8,7,6
"13-02-2021",6,6,6,6,6,6,6,6,6,7,8,7,7,7,9,7,7,7,7,8,7,7,6,6
"14-02-2021",6,6,6,5,5,6,6,6,6,6,6,6,6,6,6,6,6,6,7,8,8,8,7,7
"15-02-2021",6,6,6,6,6,6,6,6,6,6,6,6,6,6,6,6,6,6,7,8,8,8,7,6
"16-02-2021",6,6,6,6,6,6,6,8,9,9,8,7,7,7,7,7,7,7,9,17,17,13,8,8
"17-02-2021",7,7,7,8,8,7,7,8,9,9,9,8,7,7,7,6,6,8,13,12,13,13,10,7
"18-02-2021",7,7,7,7,6,7,6,6,7,7,8,8,7,7,7,7,6,7,10,10,12,12,11,9
"19-02-2021",8,7,7,6,6,6,7,7,9,11,9,7,6,6,6,6,6,9,10,13,17,13,10,9
"20-02-2021",7,7,6,6,6,6,6,6,7,8,7,7,8,7,7,7,7,6,7,8,9,9,8,7
"21-02-2021",7,7,7,6,6,6,6,6,6,7,7,7,6,6,6,6,6,6,7,10,14,13,9,9
"22-02-2021",8,6,6,6,6,6,6,7,8,8,7,7,7,7,6,6,7,7,8,14,17,14,14,10
"23-02-2021",8,7,7,6,6,6,7,8,10,10,11,8,7,6,8,6,6,7,8,9,12,11,10,10
"24-02-2021",9,8,7,7,7,7,7,8,9,10,11,10,8,7,9,10,10,10,9,10,11,13,12,10
"25-02-2021",9,9,8,9,9,8,9,10,11,13,13,11,10,8,7,9,8,6,8,11,11,9,8,8
"26-02-2021",7,7,7,7,6,7,7,8,10,9,9,9,9,7,11,7,7,7,10,10,10,10,9,8
"27-02-2021",7,7,6,6,6,6,6,6,7,7,8,9,8,8,8,7,7,7,7,7,9,9,8,7
"28-02-2021",7,6,6,6,6,6,6,6,6,6,7,7,8,9,7,6,6,6,7,9,10,9,7,7
"01-03-2021",6,6,6,6,6,6,6,7,7,7,7,7,7,6,8,8,6,6,6,8,9,6,6,6
"02-03-2021",6,6,6,7,7,7,6,7,7,6,6,6,6,6,6,6,6,6,6,7,8,7,6,7
"03-03-2021",7,6,6,6,6,6,6,7,8,8,7,7,7,7,6,7,6,7,8,9,9,8,7,7
"04-03-2021",7,7,6,6,6,7,7,9,8,8,9,6,6,6,6,6,7,8,8,10,11,10,8,7
"05-03-2021",7,6,6,6,6,7,6,6,7,7,7,7,7,7,6,6,6,6,6,7,10,10,8,7
"06-03-2021",7,6,6,6,6,6,6,7,7,6,6,7,7,6,6,6,6,7,8,9,10,9,8,7
"07-03-2021",6,6,6,6,6,6,6,6,6,7,8,7,6,6,6,6,6,6,6,7,7,7,7,6
"08-03-2021",6,6,6,6,6,6,6,6,7,7,7,7,7,6,6,6,6,8,9,7,8,8,7,7
"09-03-2021",6,6,6,6,6,6,6,7,8,8,10,-9999,-9999,-9999,9,10,9,8,7,10,12,10,9,8
"10-03-2021",8,7,7,7,6,7,7,7,8,8,8,9,9,7,7,7,7,6,6,7,7,6,6,6
"11-03-2021",6,6,6,6,6,6,6,6,6,7,7,7,6,6,6,6,6,6,6,8,8,7,7,7
"12-03-2021",6,6,6,6,6,6,6,7,7,7,7,7,6,7,6,7,6,6,8,9,8,8,7,7
"13-03-2021",6,6,6,6,6,7,6,6,6,6,6,6,6,6,6,6,6,8,7,6,8,8,7,7
"14-03-2021",7,6,6,6,6,6,7,6,7,7,7,7,7,6,6,6,6,6,6,6,7,7,7,7
"15-03-2021",6,6,6,6,6,6,6,6,6,6,6,6,6,6,6,6,6,6,6,6,6,6,6,6
"16-03-2021",6,6,6,6,6,6,6,6,6,7,7,6,6,6,7,6,6,6,6,6,6,6,6,6
"17-03-2021",6,6,6,6,6,6,6,7,7,8,7,6,6,6,6,6,6,6,6,6,7,8,6,7
"18-03-2021",6,6,6,6,6,6,6,7,8,7,6,6,6,6,6,6,6,6,6,6,7,6,6,6
"19-03-2021",6,5,5,6,6,6,6,6,6,6,6,6,6,6,6,6,6,6,7,8,9,9,8,7
"20-03-2021",6,6,6,6,6,6,5,5,6,6,6,6,6,6,6,6,6,6,6,6,7,7,6,6
"21-03-2021",6,6,6,6,6,6,6,6,6,6,6,7,7,6,6,6,6,6,7,7,8,8,8,7
"22-03-2021",7,6,6,6,6,6,6,6,6,7,7,6,6,6,6,6,6,6,7,7,8,7,7,7
"23-03-2021",7,6,6,6,6,6,6,6,6,6,7,6,6,6,7,7,6,6,7,8,9,10,8,7
"24-03-2021",6,7,6,6,6,6,6,6,7,6,6,6,6,6,6,6,6,6,6,8,7,7,6,6
"25-03-2021",6,6,6,6,6,6,6,6,6,6,6,6,6,6,6,6,6,6,7,9,11,10,10,9
"26-03-2021",7,6,6,6,6,6,6,8,7,7,7,7,7,6,6,6,6,6,7,8,10,8,8,7
"27-03-2021",7,6,6,6,6,6,6,7,7,6,7,6,7,7,6,6,6,8,7,8,9,9,8,7
"28-03-2021",7,7,6,6,6,6,6,7,7,7,7,7,6,6,6,6,7,6,6,7,7,7,7,6
"29-03-2021",6,6,6,6,6,6,6,7,6,6,6,7,7,6,6,6,6,6,7,7,7,7,7,7
"30-03-2021",6,6,6,6,6,6,7,8,9,8,6,6,6,6,6,6,6,6,7,9,8,7,7,6
"31-03-2021",6,6,6,6,6,6,6,6,6,6,6,6,6,6,6,6,6,6,6,8,9,8,7,6
"01-04-2021",6,6,6,6,6,6,7,8,8,8,7,7,7,8,7,7,7,8,7,8,8,8,7,7
"02-04-2021",7,7,6,6,7,6,7,8,7,6,6,6,6,6,6,6,7,9,7,6,6,6,7,6
"03-04-2021",6,6,6,6,6,6,6,7,6,6,6,6,6,6,6,6,7,7,6,7,6,6,6,6
"04-04-2021",6,6,6,6,6,6,6,6,7,7,8,9,8,8,8,8,8,8,8,6,6,6,6,6
"05-04-2021",6,6,6,5,6,6,6,6,6,6,6,6,6,6,6,6,6,6,6,6,6,6,6,6
"06-04-2021",6,6,6,6,6,6,6,6,6,6,6,6,6,6,6,6,7,7,7,6,6,6,6,6
"07-04-2021",6,6,6,6,6,6,6,6,6,6,7,7,6,6,6,6,6,6,6,6,6,6,6,6
"08-04-2021",6,6,6,6,5,6,6,6,6,6,6,6,6,6,6,6,6,6,6,7,6,6,6,6
"09-04-2021",6,6,6,6,6,6,7,7,7,7,7,7,7,7,6,7,7,7,7,7,8,9,7,7
"10-04-2021",7,6,6,6,6,6,6,7,7,7,7,7,7,7,6,6,7,8,7,8,7,7,6,6
"11-04-2021",6,6,6,6,6,6,6,6,6,6,6,6,6,6,6,6,6,7,6,6,7,7,6,6
"12-04-2021",6,6,6,6,6,6,6,6,6,7,7,8,8,7,7,7,6,6,6,6,6,6,6,6
"13-04-2021",6,6,6,6,7,6,7,-9999,8,8,6,6,6,6,7,6,6,6,6,6,7,7,6,6
"14-04-2021",6,6,6,6,6,6,6,7,7,7,6,6,6,6,6,6,6,6,7,6,6,6,6,6
"15-04-2021",6,6,6,6,6,6,6,6,7,6,6,6,6,6,6,6,6,6,6,6,7,6,6,6
"16-04-2021",6,6,6,6,6,6,6,6,7,8,7,7,9,8,9,8,8,8,8,7,8,8,8,7
"17-04-2021",7,6,6,6,6,6,6,6,6,6,7,7,7,7,8,8,7,7,8,7,7,7,7,6
"18-04-2021",6,6,6,6,6,6,6,6,6,6,6,6,6,6,6,6,6,6,7,7,7,7,6,6
"19-04-2021",6,6,6,6,6,6,7,7,7,7,7,6,6,6,6,6,6,6,6,6,7,6,6,6
"20-04-2021",6,6,6,6,6,6,6,6,6,6,6,6,6,6,6,6,6,6,6,6,6,6,6,6
"21-04-2021",6,6,6,6,6,6,6,6,6,6,6,6,6,6,6,6,6,6,7,6,6,6,6,6
"22-04-2021",6,6,6,6,6,6,6,6,6,7,6,7,7,6,6,6,6,6,6,6,6,6,7,6
"23-04-2021",6,6,6,6,6,6,6,7,8,8,9,8,8,8,10,10,8,8,9,8,8,8,8,7
"24-04-2021",7,6,6,6,6,6,6,6,6,6,6,-9999,-9999,-9999,6,6,6,6,6,6,6,6,6,6
"25-04-2021",6,6,6,6,6,6,6,6,6,6,6,6,6,6,6,6,6,6,6,6,6,6,6,6
"26-04-2021",6,6,6,6,6,6,6,6,6,6,7,7,7,7,6,6,6,6,7,6,7,7,7,6
"27-04-2021",6,6,6,6,6,6,6,6,6,6,6,6,7,7,7,7,7,7,6,7,7,7,7,6
"28-04-2021",6,6,6,6,6,6,7,7,7,7,7,9,11,19,19,16,14,14,12,13,13,13,11,9
"29-04-2021",8,8,7,7,7,7,8,7,8,7,8,9,9,9,10,11,10,9,9,8,7,7,7,7
"30-04-2021",7,7,6,6,6,6,7,7,7,7,7,9,8,7,7,7,9,11,10,9,9,8,8,8
"01-05-2021",8,8,7,8,8,8,8,9,8,9,8,9,11,13,13,13,12,10,10,9,9,8,10,11
"02-05-2021",13,10,8,8,8,8,9,9,9,9,9,9,8,8,8,8,8,8,8,7,7,7,6,6
"03-05-2021",6,6,6,6,6,6,6,6,6,6,6,7,7,7,7,9,8,7,8,7,9,8,8,7
"04-05-2021",6,6,6,6,6,6,6,6,6,6,6,7,7,7,7,7,7,7,7,7,6,6,6,6
"05-05-2021",6,6,6,6,6,6,6,6,6,6,7,6,7,7,7,6,6,6,7,7,7,6,6,6
"06-05-2021",6,6,6,6,6,6,6,6,6,6,6,6,6,6,6,6,6,6,6,6,6,6,6,6
"07-05-2021",6,6,6,6,6,6,6,6,6,7,7,6,6,6,7,7,8,6,7,7,7,7,6,6
"08-05-2021",6,6,6,6,6,6,6,6,6,6,6,7,7,7,7,7,7,7,7,7,7,6,6,6
"09-05-2021",6,6,6,6,6,6,6,6,6,6,7,7,7,7,7,7,7,7,7,6,6,6,6,6
"10-05-2021",6,6,6,6,6,6,6,6,7,7,7,7,7,7,7,7,7,7,7,7,7,7,6,6
"11-05-2021",7,7,7,7,7,7,7,8,8,9,9,9,9,9,9,9,8,7,7,8,11,9,7,7
"12-05-2021",7,6,6,6,6,6,6,6,6,6,6,6,6,6,6,6,6,6,6,6,6,6,6,6
"13-05-2021",6,6,6,6,6,6,6,6,6,6,6,6,6,6,6,6,6,6,6,6,6,6,6,6
"14-05-2021",6,6,6,6,6,6,6,6,6,6,6,6,6,6,6,6,6,6,6,7,7,7,7,6
"15-05-2021",7,7,7,6,6,6,6,6,6,6,6,6,6,6,6,6,6,6,6,6,6,6,6,6
"16-05-2021",6,6,6,6,6,6,6,6,6,6,6,6,6,6,6,6,6,6,6,6,7,7,7,7
"17-05-2021",7,7,6,6,7,7,7,7,6,6,6,6,6,6,6,6,6,6,6,6,6,6,6,6
"18-05-2021",6,6,6,6,6,6,6,6,6,6,6,6,6,6,6,6,6,6,6,7,6,6,7,6
"19-05-2021",7,6,6,6,6,7,6,6,6,6,6,6,6,6,6,7,7,8,7,7,7,7,8,7
"20-05-2021",7,7,7,6,6,6,6,7,7,6,6,6,7,-9999,-9999,7,7,7,7,7,6,6,6,6
"21-05-2021",6,6,6,6,6,6,6,6,7,7,6,6,6,7,7,6,6,7,7,7,6,6,6,6
"22-05-2021",6,6,6,6,6,6,6,6,6,6,6,7,7,7,7,7,7,7,10,8,8,7,7,7
"23-05-2021",6,6,6,6,6,6,6,6,6,6,7,7,7,7,7,6,6,7,7,8,7,6,6,6
"24-05-2021",6,6,7,7,6,6,6,6,6,6,7,7,7,7,7,7,7,7,7,7,6,6,6,6
"25-05-2021",6,6,6,6,6,6,6,7,6,6,7,7,9,10,11,12,11,9,9,9,8,7,6,7
"26-05-2021",7,7,6,6,6,6,6,7,6,6,7,7,8,9,8,8,8,8,9,7,7,7,6,6
"27-05-2021",6,6,7,7,7,8,7,7,6,6,6,7,7,7,7,7,7,8,8,7,7,7,6,7
"28-05-2021",7,8,9,8,7,7,8,8,7,7,7,7,12,10,9,8,8,9,8,7,8,7,6,9
"29-05-2021",9,7,6,6,6,6,6,6,7,7,7,8,7,7,7,7,7,6,7,8,9,8,7,6
"30-05-2021",6,6,6,6,6,6,6,6,6,6,6,6,6,7,7,6,6,7,7,7,7,6,6,6
"31-05-2021",6,6,6,7,6,6,6,6,6,6,7,7,7,7,7,7,7,7,7,7,7,7,6,6
"01-06-2021",6,6,6,6,6,6,6,6,7,7,7,7,7,7,7,7,7,7,7,7,7,7,6,6
"02-06-2021",6,6,6,6,6,6,6,6,6,6,7,7,7,7,7,7,7,7,7,7,7,6,6,6
"03-06-2021",6,6,6,6,6,6,6,6,6,6,7,7,7,6,7,7,7,7,8,7,7,6,6,6
"04-06-2021",6,6,6,6,6,6,7,7,7,7,8,8,7,8,8,8,7,7,12,7,7,8,6,6
"05-06-2021",6,6,6,6,6,6,6,6,5,6,6,6,6,6,6,6,7,7,7,7,7,7,6,5
"06-06-2021",6,6,6,6,6,6,6,6,6,6,6,6,6,6,7,7,7,8,8,9,8,7,6,6
"07-06-2021",6,6,6,6,6,6,6,6,-9999,-9999,-9999,-9999,-9999,-9999,9,7,8,8,8,9,8,6,5,6
"08-06-2021",6,6,6,6,6,6,7,7,7,7,7,7,7,7,6,7,7,7,8,7,7,7,6,5
"09-06-2021",5,6,6,6,6,6,6,6,6,6,6,7,7,7,7,8,8,7,6,6,6,6,6,5
"10-06-2021",5,5,5,5,6,6,6,6,6,6,6,6,6,6,6,6,6,7,7,6,6,6,5,5
"11-06-2021",5,5,5,5,5,6,5,5,5,6,6,6,6,6,6,6,7,7,6,6,6,6,5,6
"12-06-2021",6,5,5,5,5,5,5,6,6,6,6,6,6,6,6,6,6,6,6,6,6,6,6,6
"13-06-2021",6,6,6,5,5,5,6,6,6,6,6,6,6,6,6,6,6,6,6,6,6,6,5,5
"14-06-2021",5,5,5,5,5,5,5,5,6,6,6,6,7,7,7,7,7,7,7,7,7,6,6,6
"15-06-2021",6,6,6,6,6,6,6,6,6,7,7,7,7,7,7,7,6,6,6,6,7,7,6,6
"16-06-2021",6,6,6,6,6,6,6,6,6,6,6,6,6,6,6,6,7,7,6,6,7,6,6,6
"17-06-2021",6,6,6,5,5,6,6,6,6,6,6,6,7,7,6,7,7,7,8,7,7,7,6,7
"18-06-2021",6,6,5,5,5,6,6,5,6,6,6,6,6,7,7,8,8,8,8,7,7,7,5,5
"19-06-2021",6,6,6,6,6,6,6,6,6,6,6,6,6,6,6,7,7,7,7,8,8,7,5,5
"20-06-2021",5,5,5,5,5,5,5,5,5,5,6,6,6,7,7,7,7,7,8,8,8,7,5,34
"21-06-2021",5,5,5,5,5,5,5,5,5,5,6,6,6,6,7,7,7,7,8,8,7,6,5,5
"22-06-2021",5,5,5,5,5,5,5,6,6,6,6,6,7,9,10,10,9,8,10,9,8,8,5,5
"23-06-2021",5,5,5,5,5,5,5,6,5,6,6,7,8,9,10,10,9,10,9,9,8,7,5,5
"24-06-2021",5,5,5,5,5,5,5,6,5,6,6,6,7,9,10,10,10,12,11,10,10,8,5,5
"25-06-2021",5,5,5,5,5,5,5,5,6,6,6,7,7,8,10,9,12,18,12,13,11,9,5,5
"26-06-2021",5,5,22,5,5,5,5,5,5,5,6,7,7,8,9,10,25,14,12,10,9,9,5,6
"27-06-2021",6,5,5,5,5,5,5,6,5,5,6,7,10,9,9,9,11,10,12,9,9,10,7,6
"28-06-2021",6,20,5,5,5,5,5,5,5,6,7,9,10,10,11,10,10,10,10,10,11,8,5,4
"29-06-2021",5,5,5,5,5,5,5,5,5,6,7,7,8,8,10,10,10,10,10,10,11,10,5,5
"30-06-2021",5,5,5,5,5,5,5,5,6,6,6,7,8,10,10,11,10,-9999,-9999,-9999,-9999,-9999,-9999,-9999
"01-07-2021",-9999,-9999,-9999,-9999,-9999,-9999,-9999,-9999,-9999,-9999,-9999,-9999,-9999,-9999,-9999,-9999,-9999,-9999,-9999,-9999,-9999,-9999,-9999,-9999
"02-07-2021",-9999,-9999,-9999,-9999,-9999,-9999,-9999,-9999,-9999,-9999,-9999,-9999,-9999,-9999,-9999,-9999,-9999,-9999,-9999,-9999,-9999,-9999,-9999,-9999
"03-07-2021",-9999,-9999,-9999,-9999,-9999,-9999,-9999,-9999,-9999,-9999,-9999,-9999,-9999,-9999,-9999,-9999,-9999,-9999,-9999,-9999,-9999,-9999,-9999,-9999
"04-07-2021",-9999,-9999,-9999,-9999,-9999,-9999,-9999,-9999,-9999,-9999,-9999,-9999,-9999,-9999,-9999,-9999,-9999,-9999,-9999,9,9,8,6,5
"05-07-2021",6,6,6,6,6,6,6,6,5,6,7,7,8,8,8,8,8,8,8,8,8,7,5,5
"06-07-2021",5,5,5,5,5,5,5,5,5,6,6,7,7,8,9,12,11,11,10,9,9,8,5,20
"07-07-2021",5,-9999,5,5,5,5,5,5,5,6,7,7,7,8,9,9,9,10,11,10,10,9,5,5
"08-07-2021",5,5,5,5,5,5,5,5,5,6,6,7,8,8,9,9,10,9,9,9,9,9,5,6
"09-07-2021",6,6,6,5,6,5,5,6,6,6,7,8,49,9,9,10,10,14,9,10,10,9,-9999,43
"10-07-2021",6,6,6,5,6,6,6,6,6,6,7,9,9,10,10,10,10,10,10,10,10,9,5,6
"11-07-2021",6,6,6,5,6,6,6,6,6,6,8,9,9,9,10,10,10,10,10,10,9,8,6,6
"12-07-2021",6,6,6,6,6,6,6,6,6,6,7,7,8,9,9,-9999,10,10,11,9,9,9,6,6
"13-07-2021",6,6,6,6,6,6,6,6,6,6,7,7,8,8,8,9,10,10,10,10,10,9,6,6
"14-07-2021",6,6,5,6,6,6,6,6,5,6,7,7,8,8,9,9,10,10,10,10,10,8,5,6
"15-07-2021",6,6,5,5,6,5,5,6,6,6,7,7,8,8,8,9,11,11,12,11,9,8,6,6
"16-07-2021",6,6,5,6,6,5,6,6,6,6,7,7,7,8,8,8,8,8,9,9,8,8,6,6
"17-07-2021",6,6,6,6,6,6,6,6,6,6,7,7,7,7,8,8,8,8,8,8,8,7,6,6
"18-07-2021",6,6,6,6,6,6,6,6,6,6,7,7,7,7,7,8,8,8,8,7,7,7,6,6
"19-07-2021",5,6,6,6,6,6,6,6,6,6,7,7,7,7,8,8,8,8,8,8,7,7,6,6
"20-07-2021",5,5,5,6,6,6,6,6,6,6,7,7,7,7,7,8,8,8,8,8,8,7,6,6
"21-07-2021",6,5,6,6,6,5,6,6,6,6,7,7,7,7,7,8,8,8,8,8,8,8,6,6
"22-07-2021",6,6,6,5,6,6,6,6,6,6,7,8,9,9,-9999,-9999,-9999,10,10,10,9,8,6,6
"23-07-2021",6,6,6,6,5,6,6,6,-9999,-9999,-9999,-9999,-9999,-9999,-9999,-9999,-9999,-9999,-9999,-9999,-9999,-9999,-9999,-9999
"24-07-2021",-9999,-9999,-9999,-9999,-9999,-9999,-9999,-9999,-9999,-9999,-9999,-9999,-9999,-9999,-9999,-9999,-9999,-9999,-9999,-9999,-9999,-9999,-9999,-9999
"25-07-2021",-9999,-9999,-9999,-9999,-9999,-9999,-9999,-9999,-9999,-9999,-9999,-9999,-9999,-9999,-9999,-9999,-9999,-9999,-9999,-9999,-9999,-9999,-9999,-9999
"26-07-2021",-9999,-9999,-9999,-9999,6,6,6,6,6,7,7,-9999,-9999,-9999,-9999,-9999,-9999,-9999,-9999,-9999,-9999,-9999,-9999,-9999
"27-07-2021",-9999,-9999,-9999,-9999,-9999,-9999,-9999,6,6,-9999,-9999,-9999,-9999,-9999,-9999,-9999,-9999,-9999,-9999,-9999,-9999,-9999,-9999,-9999
"28-07-2021",-9999,-9999,-9999,-9999,-9999,-9999,-9999,-9999,-9999,-9999,-9999,-9999,-9999,-9999,-9999,-9999,-9999,-9999,-9999,-9999,-9999,-9999,-9999,-9999
"29-07-2021",-9999,-9999,-9999,-9999,-9999,-9999,-9999,-9999,-9999,-9999,-9999,-9999,-9999,-9999,-9999,-9999,-9999,-9999,-9999,-9999,-9999,-9999,-9999,-9999
"30-07-2021",-9999,-9999,-9999,-9999,-9999,-9999,-9999,-9999,-9999,-9999,-9999,-9999,-9999,-9999,-9999,-9999,-9999,-9999,-9999,-9999,-9999,-9999,-9999,-9999
"31-07-2021",-9999,-9999,-9999,-9999,-9999,-9999,-9999,-9999,-9999,-9999,-9999,-9999,-9999,-9999,-9999,-9999,-9999,-9999,-9999,-9999,-9999,-9999,-9999,-9999
"01-08-2021",-9999,-9999,-9999,-9999,-9999,-9999,-9999,-9999,-9999,-9999,-9999,-9999,-9999,-9999,-9999,-9999,-9999,-9999,-9999,-9999,-9999,-9999,-9999,-9999
"02-08-2021",-9999,-9999,-9999,-9999,-9999,-9999,-9999,-9999,-9999,-9999,-9999,-9999,-9999,-9999,-9999,-9999,-9999,-9999,-9999,-9999,-9999,-9999,-9999,-9999
"03-08-2021",-9999,-9999,-9999,-9999,-9999,-9999,-9999,-9999,-9999,-9999,-9999,-9999,-9999,-9999,-9999,-9999,-9999,-9999,-9999,-9999,-9999,-9999,-9999,-9999
"04-08-2021",-9999,-9999,-9999,-9999,-9999,-9999,-9999,-9999,-9999,-9999,-9999,-9999,-9999,-9999,-9999,-9999,-9999,-9999,-9999,-9999,-9999,-9999,-9999,-9999
"05-08-2021",-9999,-9999,-9999,-9999,-9999,-9999,-9999,-9999,-9999,-9999,-9999,-9999,-9999,-9999,-9999,-9999,-9999,-9999,-9999,-9999,-9999,-9999,-9999,-9999
"06-08-2021",-9999,-9999,-9999,-9999,-9999,-9999,-9999,-9999,-9999,-9999,-9999,-9999,-9999,-9999,-9999,-9999,-9999,-9999,-9999,-9999,-9999,-9999,-9999,-9999
"07-08-2021",-9999,-9999,-9999,-9999,-9999,-9999,-9999,-9999,-9999,-9999,-9999,-9999,-9999,-9999,-9999,-9999,-9999,-9999,-9999,-9999,-9999,-9999,-9999,-9999
"08-08-2021",-9999,-9999,-9999,-9999,-9999,-9999,-9999,-9999,-9999,-9999,-9999,-9999,-9999,-9999,-9999,-9999,-9999,-9999,-9999,-9999,-9999,-9999,-9999,-9999
"09-08-2021",-9999,-9999,-9999,-9999,-9999,-9999,-9999,-9999,-9999,-9999,-9999,-9999,-9999,-9999,-9999,-9999,-9999,-9999,-9999,-9999,-9999,-9999,-9999,-9999
"10-08-2021",-9999,-9999,-9999,-9999,6,6,6,6,6,6,7,7,8,8,10,10,11,12,13,11,10,10,7,6
"11-08-2021",6,6,6,6,6,6,6,6,6,6,7,7,8,8,9,9,10,11,11,10,10,9,6,6
"12-08-2021",6,6,6,6,6,6,6,6,6,7,7,9,9,10,10,10,-9999,10,11,10,10,10,7,6
"13-08-2021",6,6,6,6,6,6,6,6,6,7,7,9,10,10,10,-9999,10,23,10,11,11,10,7,6
"14-08-2021",6,6,6,6,6,6,6,6,6,7,7,9,9,9,10,10,10,18,10,10,10,10,7,6
"15-08-2021",6,6,6,6,6,6,6,6,6,6,7,9,11,11,10,11,27,-9999,11,11,10,10,7,7
"16-08-2021",7,6,7,6,7,7,6,7,7,8,8,10,11,10,10,11,10,11,12,11,10,9,6,6
"17-08-2021",6,6,6,6,6,6,6,6,6,6,7,7,8,8,8,9,9,9,11,10,9,8,6,6
"18-08-2021",6,6,6,6,6,6,6,6,6,6,7,7,8,8,8,8,8,9,9,9,9,8,6,6
"19-08-2021",6,6,6,6,6,6,6,6,6,6,7,7,8,8,8,9,9,10,10,10,9,8,6,6
"20-08-2021",6,6,6,6,6,6,6,6,6,6,7,7,8,9,10,10,10,12,10,9,9,8,6,6
"21-08-2021",6,6,6,6,6,6,6,6,6,7,7,7,8,8,9,9,9,9,9,9,9,8,6,6
"22-08-2021",6,6,6,6,6,6,6,6,6,7,7,7,8,9,9,10,10,11,11,10,10,10,7,6
"23-08-2021",6,6,6,6,6,6,6,6,6,7,7,8,9,9,10,10,10,10,10,10,10,9,7,6
"24-08-2021",6,6,6,6,6,6,6,6,7,7,7,8,9,9,10,10,10,9,9,10,9,9,6,6
"25-08-2021",6,6,6,6,6,6,6,6,6,7,7,7,8,8,8,9,10,9,9,11,11,9,6,6
"26-08-2021",6,6,6,7,6,6,6,6,6,7,7,7,7,8,8,8,27,9,9,8,8,8,6,6
"27-08-2021",6,6,6,6,6,6,6,6,6,7,7,7,8,8,8,8,8,9,9,9,8,8,6,6
"28-08-2021",6,6,6,6,6,6,6,6,6,7,7,7,8,8,8,8,8,8,8,8,8,8,6,6
"29-08-2021",6,6,6,6,6,6,6,6,6,6,7,7,8,8,8,8,8,8,8,8,8,8,6,6
"30-08-2021",6,6,6,6,6,6,6,7,6,7,7,7,8,8,8,8,8,8,8,8,8,8,6,6
"31-08-2021",6,6,6,6,6,6,7,7,7,7,7,7,8,8,8,8,9,9,8,8,8,8,7,6
"01-09-2021",7,7,7,6,7,7,8,7,7,7,7,7,8,8,8,8,8,8,9,8,8,8,6,6
"02-09-2021",6,6,6,6,6,6,6,7,7,7,7,7,8,9,10,9,10,11,9,9,8,8,6,6
"03-09-2021",6,6,6,6,6,6,6,7,7,7,7,9,9,10,10,10,10,10,10,9,8,8,6,6
"04-09-2021",6,6,6,6,6,6,6,6,6,7,7,7,8,9,9,9,9,8,8,8,8,7,6,6
"05-09-2021",6,6,6,6,6,6,6,6,6,6,7,7,7,7,8,9,9,9,9,8,8,7,6,6
"06-09-2021",6,6,6,6,6,6,7,7,7,7,7,7,7,8,8,8,8,8,8,8,8,7,6,6
"07-09-2021",7,7,6,7,7,6,6,6,7,7,7,8,7,7,8,8,8,8,8,8,8,7,6,6
"08-09-2021",6,6,6,6,6,6,7,7,7,7,7,8,7,7,7,7,7,7,7,7,7,7,6,6
"09-09-2021",6,6,6,6,6,6,7,7,7,7,7,-9999,-9999,-9999,-9999,6,5,5,5,5,5,4,3,3
"10-09-2021",3,3,3,3,3,3,4,4,4,4,4,4,4,4,5,5,4,4,4,4,4,4,3,3
"11-09-2021",4,4,4,4,4,4,3,4,4,4,4,4,4,4,4,4,5,4,4,4,4,4,3,3
"12-09-2021",3,3,3,3,3,3,3,3,3,4,4,4,4,5,5,5,4,4,4,4,4,4,4,4
"13-09-2021",4,3,3,3,3,3,4,4,4,4,4,4,4,4,4,4,4,5,5,5,6,5,5,5
"14-09-2021",5,4,4,4,4,4,4,5,5,5,4,4,4,5,6,6,5,5,4,5,5,5,5,4
"15-09-2021",4,4,4,4,4,4,4,5,5,4,4,4,4,4,4,5,5,4,5,4,4,4,3,3
"16-09-2021",4,3,3,4,4,4,4,4,5,4,4,4,4,4,4,4,4,5,4,4,4,4,3,3
"17-09-2021",3,3,4,3,4,4,3,3,4,4,4,4,4,5,6,8,7,6,5,4,4,4,3,3
"18-09-2021",3,3,3,3,4,3,3,4,4,4,4,4,4,4,4,4,4,4,4,4,4,4,3,3
"19-09-2021",3,3,3,3,3,3,3,3,3,4,4,4,4,4,4,4,5,4,4,4,4,4,3,3
"20-09-2021",3,3,3,3,3,3,4,4,4,4,4,4,4,4,4,5,5,5,4,4,4,4,3,3
"21-09-2021",3,3,3,3,3,3,3,4,4,4,4,4,4,4,4,4,4,4,4,4,4,4,3,3
"22-09-2021",3,3,3,3,3,3,3,4,4,4,4,4,4,4,4,4,4,4,4,4,4,4,4,4
"23-09-2021",4,3,4,4,4,4,4,4,4,4,4,4,4,5,5,5,5,5,5,5,4,4,4,4
"24-09-2021",4,4,4,4,4,4,4,4,4,4,4,4,4,5,5,5,4,4,4,4,4,4,4,4
"25-09-2021",4,4,4,4,4,4,4,4,4,4,4,4,4,4,4,4,4,4,4,4,4,4,4,4
"26-09-2021",4,4,4,4,4,4,4,4,4,4,3,4,4,4,4,4,5,5,5,5,6,6,5,5
"27-09-2021",4,4,4,4,4,4,4,4,4,4,4,4,4,4,4,4,5,5,4,4,4,4,4,4
"28-09-2021",4,4,4,4,4,4,4,4,3,4,4,4,4,4,4,4,4,4,4,4,4,4,3,3
"29-09-2021",3,3,3,3,3,3,3,4,4,4,4,4,4,5,5,5,5,5,5,5,4,4,4,4
"30-09-2021",3,4,4,4,4,4,4,4,4,4,4,4,5,5,5,5,5,5,5,5,4,4,4,4
"01-10-2021",4,4,4,4,4,5,4,4,5,5,4,4,4,4,4,4,4,4,4,4,4,4,4,4
"02-10-2021",4,4,4,4,4,4,4,4,4,4,4,4,4,4,4,4,4,4,4,4,4,4,4,4
"03-10-2021",4,4,4,4,4,4,4,4,4,4,4,4,4,4,4,4,4,4,4,4,4,4,4,4
"04-10-2021",4,4,4,4,4,4,4,4,4,5,4,4,6,5,5,5,5,5,4,4,4,4,5,4
"05-10-2021",4,4,4,4,4,4,4,4,5,4,4,4,4,4,4,4,4,3,3,3,3,4,4,4
"06-10-2021",4,4,4,4,4,4,4,5,5,5,4,4,4,4,4,4,4,3,3,4,4,4,5,4
"07-10-2021",4,4,4,4,4,4,4,4,4,4,3,3,3,3,3,3,3,3,3,4,3,4,4,4
"08-10-2021",4,4,4,4,4,4,4,4,4,4,3,4,4,3,4,4,3,3,3,4,3,4,4,4
"09-10-2021",3,4,3,3,3,3,4,4,4,4,4,4,4,3,3,4,3,3,3,4,3,3,4,4
"10-10-2021",4,4,4,4,3,3,4,4,4,4,3,3,3,3,3,3,3,3,3,3,3,3,3,4
"11-10-2021",3,3,3,3,3,3,4,4,4,4,4,4,4,3,3,3,3,4,3,4,4,3,4,4
"12-10-2021",3,3,3,3,3,3,3,4,4,4,4,4,4,3,3,3,3,3,4,4,4,4,4,4
"13-10-2021",4,4,4,4,4,4,4,4,5,5,4,4,4,4,4,4,4,4,4,4,4,4,4,4
"14-10-2021",4,4,4,4,4,4,4,4,4,4,4,4,4,4,4,4,4,3,4,4,5,4,4,4
"15-10-2021",4,4,4,4,4,4,4,4,4,4,4,4,4,4,4,4,3,4,3,3,3,4,4,4
"16-10-2021",4,4,4,4,4,4,4,4,4,4,4,4,4,4,4,3,3,3,3,3,3,3,4,4
"17-10-2021",4,4,4,4,4,4,4,5,4,4,3,3,3,3,3,3,3,3,3,4,4,4,4,4
"18-10-2021",4,4,4,4,4,4,4,5,6,5,4,4,4,3,3,3,3,4,3,4,4,4,4,4
"19-10-2021",4,4,4,4,4,4,4,4,5,5,4,4,4,4,4,4,4,4,4,4,4,4,5,4
"20-10-2021",4,4,4,4,4,4,4,4,5,4,4,4,4,4,4,4,4,3,4,4,4,4,5,5
"21-10-2021",4,4,4,4,4,4,4,4,5,5,4,4,4,4,4,4,4,4,4,4,4,4,4,4
"22-10-2021",4,4,4,4,4,4,4,4,4,4,4,4,5,4,4,4,4,4,4,4,4,4,4,4
"23-10-2021",4,4,4,4,4,4,4,4,4,4,4,3,4,3,3,3,3,3,3,3,4,4,4,4
"24-10-2021",4,4,4,3,3,4,4,4,4,4,3,3,4,3,3,3,3,3,3,3,4,4,4,4
"25-10-2021",4,3,4,4,3,4,4,4,4,4,4,4,4,4,4,4,4,4,4,4,4,4,4,4
"26-10-2021",4,4,3,4,4,4,4,4,5,5,4,4,4,4,4,4,4,4,4,4,4,4,4,4
"27-10-2021",4,4,4,4,4,4,4,4,5,4,4,4,4,4,4,4,4,4,4,4,4,4,4,4
"28-10-2021",4,4,4,4,4,4,4,4,4,4,4,4,4,5,4,4,4,4,4,4,4,4,5,4
"29-10-2021",4,4,4,4,4,4,4,4,5,5,4,5,5,5,5,4,4,4,4,4,6,6,5,5
"30-10-2021",4,4,4,4,4,4,4,4,5,5,5,5,4,4,4,4,4,4,4,4,4,4,4,4
"31-10-2021",4,4,4,4,4,4,4,4,4,4,3,4,4,4,4,4,4,4,4,4,4,4,4,4
"01-11-2021",4,4,4,4,4,4,4,4,4,4,4,4,4,4,4,4,4,4,4,4,5,5,4,4
"02-11-2021",4,4,4,4,4,4,4,4,4,4,4,4,4,4,4,4,3,3,4,4,4,4,4,4
"03-11-2021",4,4,4,4,4,4,4,4,4,5,4,4,4,4,4,4,4,4,4,4,4,4,4,4
"04-11-2021",4,4,4,4,4,4,4,4,4,5,5,4,4,4,4,4,4,4,4,4,4,4,4,4
"05-11-2021",4,4,4,4,4,4,4,4,5,5,4,4,4,4,4,4,4,4,4,4,4,4,4,4
"06-11-2021",4,4,4,4,4,5,6,6,7,6,5,4,4,4,4,4,4,4,4,4,5,4,4,5
"07-11-2021",4,5,4,4,4,4,4,4,5,4,4,4,4,4,4,4,4,4,4,5,4,4,5,4
"08-11-2021",4,4,4,4,4,4,4,4,5,6,6,5,4,4,4,4,4,4,4,4,4,4,5,5
"09-11-2021",4,4,4,4,4,4,4,4,4,5,4,4,4,4,4,4,4,4,4,4,4,4,4,4
"10-11-2021",4,4,4,4,4,4,4,5,5,6,5,4,4,5,5,5,5,5,5,5,5,5,5,5
"11-11-2021",5,4,4,4,4,4,5,6,6,5,5,5,5,5,5,4,4,4,5,5,5,5,5,5
"12-11-2021",4,4,4,4,4,4,5,5,5,5,5,5,5,5,5,4,4,4,5,5,5,5,5,5
"13-11-2021",4,4,4,4,4,4,4,4,4,4,4,4,4,4,5,4,4,4,4,4,4,4,5,5
"14-11-2021",4,4,4,4,4,4,4,4,4,4,4,4,4,4,4,4,4,4,4,4,5,5,5,4
"15-11-2021",4,4,4,4,4,4,5,5,6,5,5,5,4,4,4,4,4,5,6,6,6,8,7,6
"16-11-2021",5,5,5,5,5,5,5,5,5,5,5,5,5,5,5,5,4,4,5,5,5,7,7,6
"17-11-2021",5,5,4,4,4,4,5,6,6,4,4,5,4,4,4,4,4,4,4,4,4,5,5,5
"18-11-2021",4,4,4,4,4,4,4,5,5,5,4,4,4,4,4,4,4,4,5,5,5,5,5,4
"19-11-2021",5,4,4,4,4,4,5,5,5,5,4,4,4,4,4,4,4,4,4,4,5,5,5,5
"20-11-2021",5,4,4,4,4,4,4,5,5,4,5,5,5,5,5,5,5,4,4,5,5,6,6,5
"21-11-2021",5,5,5,5,5,5,5,6,5,4,4,4,4,5,5,5,4,5,5,5,5,5,5,5
"22-11-2021",5,5,4,4,4,4,4,5,6,5,5,5,4,4,5,4,4,4,4,4,4,4,4,4
"23-11-2021",4,4,4,4,4,4,4,4,5,5,4,4,4,4,4,4,4,4,4,4,4,4,4,4
"24-11-2021",4,4,4,4,4,4,4,5,6,5,5,-9999,-9999,-9999,-9999,-9999,5,5,5,5,5,5,6,5
"25-11-2021",5,5,4,5,4,4,5,5,6,5,5,5,5,5,5,5,5,5,5,5,6,6,5,5
"26-11-2021",5,5,5,5,4,4,4,5,5,5,5,5,5,5,5,4,5,4,4,4,4,5,5,5
"27-11-2021",4,4,4,4,4,4,4,4,4,4,4,4,4,5,5,4,4,4,4,4,4,4,4,4
"28-11-2021",4,4,4,4,4,4,4,4,4,4,4,4,4,4,4,4,4,4,4,4,4,4,4,4
"29-11-2021",4,4,4,4,4,4,4,4,4,4,4,4,4,4,5,5,5,5,5,5,5,5,5,5
"30-11-2021",5,5,5,5,5,4,5,5,4,5,4,4,4,4,5,5,4,5,5,5,5,5,5,5
"01-12-2021",5,5,5,5,5,5,5,6,7,7,6,6,5,5,5,5,5,5,6,6,6,6,6,5
"02-12-2021",5,5,5,5,5,5,5,6,7,7,5,6,5,5,5,5,5,5,5,5,5,5,5,5
"03-12-2021",5,5,5,4,4,4,4,5,5,5,5,5,5,5,5,5,5,5,5,5,5,5,5,5
"04-12-2021",5,5,5,4,4,5,4,5,5,5,5,5,5,5,5,5,5,5,5,6,5,6,6,5
"05-12-2021",5,5,5,5,4,5,5,6,5,5,5,5,5,5,5,5,5,5,5,5,6,7,7,6
"06-12-2021",5,5,5,5,5,4,4,5,5,5,5,5,5,5,5,5,5,5,5,5,5,5,5,5
"07-12-2021",5,5,4,4,5,4,5,5,5,5,5,5,5,5,5,5,5,5,5,5,5,5,5,5
"08-12-2021",5,5,5,5,5,5,5,6,6,6,7,6,6,7,6,6,5,5,5,6,7,7,6,5
"09-12-2021",5,5,5,5,5,5,5,6,6,6,5,5,5,5,5,5,5,5,6,6,6,6,6,5
"10-12-2021",5,5,5,5,5,5,5,5,5,5,5,5,6,6,6,5,5,5,5,6,6,7,7,6
"11-12-2021",5,5,5,5,5,5,5,5,5,4,4,4,5,5,5,5,4,4,4,4,4,5,5,5
"12-12-2021",5,5,5,5,5,5,5,5,5,5,5,5,5,5,5,5,5,5,5,5,5,6,5,5
"13-12-2021",5,5,5,5,5,5,5,5,5,6,6,6,6,6,6,6,6,6,6,6,7,7,7,6
"14-12-2021",6,6,5,5,5,5,5,7,7,7,8,8,7,7,6,6,6,6,7,8,10,9,8,7
"15-12-2021",6,6,6,5,5,5,6,7,7,6,8,7,7,7,6,8,7,7,8,11,14,14,11,9
"16-12-2021",8,7,7,6,6,6,6,8,9,9,10,8,8,8,8,8,7,7,7,8,9,10,9,7
"17-12-2021",6,6,6,6,6,6,6,7,7,8,10,9,8,8,10,9,7,8,8,9,10,10,10,9
"18-12-2021",8,7,7,6,6,6,6,7,7,6,6,6,6,6,6,6,6,6,6,7,7,7,6,6
"19-12-2021",6,6,6,5,6,6,6,7,6,7,7,7,6,6,6,6,6,7,11,12,13,11,9,8
"20-12-2021",7,7,7,6,6,6,7,9,10,10,8,7,6,7,7,6,6,6,7,8,9,10,9,7
"21-12-2021",7,7,6,6,5,5,6,6,6,6,-9999,-9999,-9999,-9999,-9999,-9999,6,6,7,9,8,10,8,7
"22-12-2021",6,6,5,5,5,5,5,8,8,9,8,8,8,7,7,7,7,7,7,8,12,10,8,7
"23-12-2021",6,6,6,6,5,5,6,8,9,8,10,8,7,7,6,7,7,7,8,11,11,13,9,8
"24-12-2021",8,6,6,5,6,6,6,7,7,7,8,9,8,7,6,5,5,6,6,5,7,8,7,7
"25-12-2021",6,6,6,5,5,5,5,5,5,5,5,6,6,6,6,5,5,5,5,6,8,8,7,7
"26-12-2021",6,6,5,5,5,5,5,5,5,5,5,5,5,5,5,5,5,5,5,5,6,6,6,5
"27-12-2021",5,5,5,5,5,5,5,5,5,5,5,6,5,5,5,4,4,5,5,5,5,5,5,5
"28-12-2021",5,5,5,5,5,5,5,5,5,5,5,5,5,5,5,5,5,5,6,6,6,6,7,6
"29-12-2021",6,5,5,5,5,5,5,6,6,6,6,5,5,5,5,5,5,5,5,5,6,8,8,7
"30-12-2021",6,6,6,5,5,5,5,6,6,6,5,6,6,7,7,6,6,6,7,8,9,10,8,7
"31-12-2021",6,6,6,6,6,6,6,6,6,6,7,7,6,6,6,6,6,6,6,7,8,9,7,6
"01-01-2022",7,6,6,5,5,5,5,5,5,5,5,6,5,7,6,6,6,7,6,6,8,9,8,8
"02-01-2022",7,6,6,5,5,5,5,6,6,6,7,8,8,7,7,6,7,8,7,7,8,9,8,7
"03-01-2022",7,6,6,6,5,6,6,6,7,7,6,6,5,5,5,5,5,5,5,6,7,8,8,7
"04-01-2022",6,6,7,7,6,6,6,7,7,7,6,6,6,7,6,6,6,6,7,8,9,11,9,8
"05-01-2022",7,6,6,6,6,6,5,6,5,5,5,5,5,5,5,6,6,6,6,5,5,7,7,7
"06-01-2022",6,6,5,5,5,5,5,5,5,5,6,6,5,5,5,5,5,5,6,6,7,8,7,7
"07-01-2022",6,6,6,5,5,5,6,7,6,7,9,7,6,6,5,6,6,7,6,8,9,12,11,8
"08-01-2022",7,6,6,6,6,5,5,6,6,6,6,6,6,6,7,6,6,6,6,7,7,7,7,7
"09-01-2022",6,6,6,6,6,6,5,5,6,6,6,6,6,6,7,7,7,6,6,6,7,7,6,6
"10-01-2022",6,5,5,5,5,5,5,6,6,6,5,5,6,6,6,6,6,6,7,8,9,8,7,6
"11-01-2022",6,6,5,5,5,5,5,6,6,6,6,6,6,6,6,6,6,5,6,5,7,7,6,6
"12-01-2022",5,5,5,5,5,5,5,6,6,6,6,6,5,5,5,5,5,5,6,10,8,7,7,6
"13-01-2022",6,6,6,6,6,6,6,6,7,7,6,6,5,5,6,6,6,6,8,10,13,12,9,8
"14-01-2022",7,6,6,6,6,6,6,6,10,8,8,7,6,6,6,6,6,7,10,15,15,15,13,11
"15-01-2022",8,7,7,6,6,6,6,7,7,7,6,6,6,6,7,9,8,8,10,14,17,11,10,8
"16-01-2022",8,7,6,6,6,6,6,7,7,8,8,7,6,6,6,6,6,7,8,15,14,14,12,9
"17-01-2022",8,7,7,7,6,6,5,6,7,6,6,5,5,5,5,6,6,7,7,8,8,9,7,7
"18-01-2022",7,6,6,6,6,6,6,7,9,7,6,6,6,7,7,7,7,7,11,19,16,12,7,6
"19-01-2022",6,6,6,7,7,6,6,8,12,10,9,9,7,7,7,7,7,7,9,16,20,23,16,11
"20-01-2022",8,7,6,6,6,6,7,8,9,10,11,7,8,7,7,7,6,6,7,8,10,9,8,7
"21-01-2022",6,6,6,6,6,5,5,5,6,5,5,6,6,6,6,6,6,6,6,5,6,7,6,6
"22-01-2022",5,5,5,5,5,5,5,5,5,5,5,6,6,6,6,6,6,6,7,9,14,14,10,9
"23-01-2022",6,6,6,5,6,6,6,6,6,6,6,6,5,5,5,5,5,7,11,12,11,8,8,8
"24-01-2022",8,6,5,6,6,7,7,7,8,8,8,7,7,7,7,7,6,7,8,8,8,7,7,6
"25-01-2022",6,6,6,6,6,6,6,7,7,7,7,7,6,6,6,6,6,7,11,19,16,11,9,8
"26-01-2022",6,6,6,6,6,6,7,8,9,10,8,8,7,6,6,6,6,7,15,16,17,17,15,12
"27-01-2022",8,7,7,6,6,6,6,7,7,9,9,9,8,7,6,6,6,6,11,13,16,18,14,10
"28-01-2022",8,7,7,6,6,6,6,8,10,11,10,9,9,8,7,7,7,7,7,9,9,9,9,8
"29-01-2022",7,7,6,6,6,6,6,6,5,5,5,5,5,6,6,6,6,6,7,8,8,8,7,7
"30-01-2022",7,7,7,6,6,6,6,7,7,7,9,9,8,8,8,8,8,8,8,10,8,9,8,7
"31-01-2022",7,7,6,6,6,6,6,7,7,8,8,7,7,7,7,6,6,8,9,10,11,12,10,8
"01-02-2022",7,6,6,5,5,5,5,6,6,6,6,6,6,5,6,6,5,6,6,6,7,8,7,7
"02-02-2022",6,6,6,6,5,5,5,6,6,7,6,6,7,7,7,6,6,5,5,6,7,7,7,7
"03-02-2022",6,6,6,6,6,6,6,7,8,7,7,7,6,6,6,6,6,6,8,10,11,10,7,6
"04-02-2022",6,6,6,6,6,6,6,7,8,9,7,8,7,6,6,6,6,6,9,10,11,9,7,7
"05-02-2022",6,6,6,6,6,6,6,6,7,7,6,6,6,6,6,6,6,6,7,7,8,10,10,9
"06-02-2022",8,7,7,6,6,6,6,7,6,6,6,8,8,8,8,8,9,10,9,11,13,15,13,12
"07-02-2022",11,9,8,8,8,8,7,7,7,6,6,6,7,8,8,8,7,7,6,7,7,8,8,7
"08-02-2022",7,6,6,6,6,6,6,6,6,6,6,6,6,6,6,7,6,6,8,9,10,9,7,7
"09-02-2022",6,6,6,6,6,6,6,7,9,9,8,8,7,6,6,6,6,7,9,12,13,13,13,10
"10-02-2022",8,7,6,6,6,6,6,8,9,-9999,-9999,-9999,-9999,-9999,4,4,4,4,3,5,8,9,9,6
"11-02-2022",4,3,3,3,2,2,3,4,5,4,5,3,3,4,3,3,3,3,3,5,6,7,5,4
"12-02-2022",3,2,2,2,2,2,2,2,2,2,2,2,2,3,3,3,3,4,5,6,9,8,8,5
"13-02-2022",4,3,3,2,2,2,2,2,2,2,4,4,3,3,2,2,2,2,3,4,5,5,4,3
"14-02-2022",2,2,2,2,2,2,2,2,3,4,3,4,4,3,2,3,2,2,4,4,5,5,5,4
"15-02-2022",3,3,2,2,2,2,2,3,3,3,3,3,4,3,2,2,2,2,2,2,5,6,4,4
"16-02-2022",3,2,2,2,2,2,2,3,3,3,3,2,3,3,3,3,3,4,4,4,4,5,4,4
"17-02-2022",3,3,2,2,2,2,2,3,3,2,3,4,3,4,4,3,3,3,3,3,3,3,3,2
"18-02-2022",2,2,2,2,2,2,2,2,3,3,3,3,3,3,2,2,2,3,4,3,5,5,4,3
"19-02-2022",2,2,2,2,2,2,2,2,2,2,3,3,2,2,3,2,2,2,2,2,3,4,4,3
"20-02-2022",2,2,2,2,2,2,2,2,2,2,2,2,2,2,2,2,2,2,2,2,2,2,3,2
"21-02-2022",2,2,2,2,2,2,2,2,2,3,2,2,2,2,2,2,2,2,2,2,2,2,2,2
"22-02-2022",2,2,2,2,2,2,2,2,2,2,2,2,2,2,2,2,2,2,2,2,2,2,2,2
"23-02-2022",2,2,2,2,2,2,2,2,2,2,3,3,2,2,2,2,2,2,2,3,3,3,3,2
"24-02-2022",2,2,2,2,2,2,2,3,3,3,3,3,2,2,2,2,2,2,2,3,4,6,4,3
"25-02-2022",2,2,2,2,2,2,2,3,4,4,3,3,3,2,2,2,2,2,2,2,3,3,2,2
"26-02-2022",2,2,2,2,2,2,2,2,2,2,2,2,2,2,2,2,2,2,2,2,2,2,2,2
"27-02-2022",2,2,2,2,2,2,2,2,2,2,2,2,2,2,2,2,2,2,2,2,2,2,2,2
"28-02-2022",2,2,2,2,2,2,2,2,2,2,2,2,2,2,2,2,2,2,2,2,3,3,3,2
"01-03-2022",2,2,2,2,2,2,2,2,3,2,2,3,3,2,2,2,2,2,2,4,5,7,6,4
"02-03-2022",3,3,2,2,2,2,2,2,3,3,3,2,2,2,2,2,2,2,2,3,5,5,3,2
"03-03-2022",2,2,2,2,2,2,2,3,3,3,3,3,3,2,3,2,2,2,3,5,4,4,4,3
"04-03-2022",2,2,2,2,2,2,2,2,2,2,2,2,2,2,2,2,2,2,2,2,4,4,3,2
"05-03-2022",2,2,2,2,2,2,2,2,2,2,2,2,2,2,2,2,2,2,2,2,2,2,2,2
"06-03-2022",2,2,2,2,2,2,2,3,2,2,2,2,2,2,2,2,2,2,2,2,2,2,3,2
"07-03-2022",2,2,2,2,2,2,2,3,3,3,2,2,2,2,2,2,2,2,2,2,2,2,2,2
"08-03-2022",2,2,2,2,2,2,2,2,2,2,2,2,2,2,2,2,2,2,2,3,3,3,3,2
"09-03-2022",2,2,2,2,2,2,2,2,2,2,2,2,2,2,2,2,2,2,3,4,5,5,4,3
"10-03-2022",3,3,2,2,2,2,2,3,3,3,3,2,2,2,2,2,3,3,3,5,4,4,3,2
"11-03-2022",2,2,2,2,2,2,2,5,4,3,2,2,2,2,2,2,2,2,2,5,6,8,5,4
"12-03-2022",3,2,2,2,2,3,2,3,3,3,3,2,2,2,2,2,2,2,3,4,5,5,3,2
"13-03-2022",2,2,2,2,2,2,2,3,3,2,2,2,2,3,3,2,2,2,2,5,6,4,5,3
"14-03-2022",4,3,2,2,2,2,2,4,5,3,3,3,3,3,3,2,2,2,2,3,4,4,5,4
"15-03-2022",3,3,2,2,2,2,2,3,4,3,3,2,2,3,3,2,2,2,3,3,4,4,3,3
"16-03-2022",2,2,2,2,2,2,2,2,3,3,3,2,2,2,2,2,2,2,2,3,4,4,3,2
"17-03-2022",2,2,2,2,2,2,2,3,3,2,2,2,2,2,2,2,3,3,2,2,3,5,5,3
"18-03-2022",3,2,2,2,2,2,2,3,3,2,2,2,2,2,2,2,2,2,2,2,3,3,2,2
"19-03-2022",2,2,2,2,2,2,3,3,3,2,2,2,2,2,2,2,2,2,3,4,3,3,2,2
"20-03-2022",2,2,2,2,2,2,2,2,2,3,3,3,3,2,2,2,2,2,2,2,2,2,2,3
"21-03-2022",3,3,2,2,2,2,2,3,3,3,3,2,2,2,2,3,2,2,2,3,4,3,2,2
"22-03-2022",2,2,2,3,3,3,3,5,4,3,3,3,3,3,2,2,2,2,2,6,5,8,4,3
"23-03-2022",2,2,2,2,2,2,2,3,2,2,2,2,2,2,2,2,2,2,2,6,7,3,3,4
"24-03-2022",4,3,2,2,2,2,2,4,5,3,3,3,3,3,4,3,3,4,4,7,6,6,4,4
"25-03-2022",3,2,2,2,2,2,2,5,4,2,2,2,3,3,2,2,2,3,3,4,4,5,4,3
"26-03-2022",3,3,2,2,2,2,2,2,2,2,3,3,3,3,3,4,2,2,2,2,2,2,2,2
"27-03-2022",2,2,2,2,2,2,2,2,2,2,2,4,4,3,3,3,3,3,4,5,6,6,4,3
"28-03-2022",2,2,3,3,2,2,2,3,3,3,2,2,2,2,2,2,2,2,2,3,3,4,4,3
"29-03-2022",3,3,3,3,3,3,3,3,3,3,3,3,3,3,4,4,5,4,4,5,4,3,2,2
"30-03-2022",2,2,2,2,2,3,3,-9999,4,4,3,3,3,4,3,4,3,2,4,4,3,3,2,2
"31-03-2022",2,2,2,2,2,2,2,2,2,2,2,2,2,2,3,2,2,2,3,3,3,3,4,4
"01-04-2022",4,3,3,3,3,3,2,3,3,3,2,2,3,3,3,3,3,3,3,2,2,2,3,2
"02-04-2022",2,2,2,2,2,2,2,2,2,2,2,2,2,2,2,2,2,2,2,2,2,2,2,2
"03-04-2022",2,2,2,2,2,2,2,2,2,2,2,2,2,2,2,2,2,2,2,2,2,2,2,2
"04-04-2022",2,2,2,2,2,2,2,2,2,2,2,3,3,2,3,2,3,4,4,4,5,6,7,5
"05-04-2022",4,5,4,4,4,4,4,4,5,7,4,5,4,4,3,3,3,3,2,2,2,3,3,2
"06-04-2022",2,2,2,2,2,2,2,3,3,3,2,2,4,4,4,4,3,3,2,2,3,3,3,3
"07-04-2022",3,3,3,3,3,3,3,4,5,6,4,3,2,2,2,2,2,2,2,2,2,2,2,2
"08-04-2022",2,3,2,2,2,2,2,2,2,2,2,2,2,3,3,3,2,2,3,2,2,3,3,2
"09-04-2022",2,2,2,2,2,2,2,2,2,2,2,2,2,2,2,2,2,2,2,2,2,2,2,2
"10-04-2022",2,2,2,2,2,2,2,2,2,2,2,2,2,2,2,2,2,2,2,2,2,2,2,2
"11-04-2022",2,2,2,2,2,2,2,2,2,2,2,2,2,2,2,2,2,2,3,2,2,2,2,2
"12-04-2022",2,2,2,2,2,2,2,2,2,2,3,3,3,3,2,2,2,2,2,2,2,2,2,2
"13-04-2022",2,2,2,2,2,2,2,2,2,2,2,2,3,3,3,3,4,5,2,2,2,2,2,2
"14-04-2022",2,2,2,2,2,2,2,3,3,3,3,5,7,11,10,9,14,17,13,10,5,4,4,3
"15-04-2022",3,3,3,3,3,3,3,3,4,4,5,8,6,7,3,3,3,3,3,3,4,4,3,3
"16-04-2022",3,3,3,3,3,3,4,3,4,4,7,7,6,6,8,6,6,6,6,5,6,6,5,4
"17-04-2022",4,3,3,3,3,3,3,4,4,4,3,2,2,2,2,2,2,2,2,2,2,2,2,2
"18-04-2022",2,2,2,2,2,2,2,2,2,2,2,2,2,2,2,2,2,2,2,2,2,2,2,2
"19-04-2022",2,2,2,2,2,2,2,2,2,2,2,2,3,2,2,2,2,3,2,2,2,2,2,2
"20-04-2022",2,2,2,2,2,2,2,2,2,2,2,2,2,2,2,2,2,2,2,2,2,2,2,2
"21-04-2022",2,2,2,2,2,2,2,2,2,2,2,2,3,2,2,2,2,2,3,4,4,4,3,3
"22-04-2022",2,2,2,2,3,3,4,3,4,4,3,3,3,4,4,4,4,4,4,4,3,4,4,4
"23-04-2022",3,3,3,3,3,2,2,2,2,2,2,2,2,2,3,3,2,3,3,3,3,3,3,3
"24-04-2022",3,2,2,2,2,2,2,2,2,2,2,2,2,2,2,2,2,2,2,2,2,2,2,2
"25-04-2022",2,2,2,2,2,2,2,2,2,2,2,2,2,2,2,2,3,4,3,3,3,3,3,3
"26-04-2022",2,2,2,2,2,3,3,2,3,3,2,3,3,3,4,3,3,6,3,3,3,3,2,2
"27-04-2022",2,2,2,2,2,2,2,2,2,2,2,2,3,3,3,2,3,3,4,3,2,2,2,2
"28-04-2022",2,2,2,2,2,2,2,3,3,3,3,3,4,6,6,6,5,5,7,5,4,3,3,3
"29-04-2022",3,3,3,3,3,3,3,4,4,4,4,5,4,3,3,3,3,3,3,3,3,3,3,3
"30-04-2022",3,3,2,2,2,2,2,3,3,3,3,4,3,3,3,3,3,3,3,3,3,3,2,2
"01-05-2022",2,2,2,2,2,2,2,2,2,2,2,2,3,3,3,3,4,3,3,3,2,2,2,2
"02-05-2022",2,2,2,2,2,2,2,2,2,2,2,2,2,2,2,2,2,2,2,2,2,2,2,2
"03-05-2022",2,2,2,2,2,2,2,2,2,2,2,2,2,2,2,2,2,2,2,2,2,2,2,2
"04-05-2022",2,2,2,2,2,2,2,2,2,2,2,2,2,2,2,2,2,2,2,2,2,2,2,2
"05-05-2022",2,2,2,2,2,2,2,2,2,2,2,2,2,2,2,2,2,2,2,2,2,3,3,2
"06-05-2022",2,2,2,2,2,2,2,2,2,2,2,3,5,4,4,4,3,3,2,2,3,3,3,3
"07-05-2022",3,3,2,2,2,2,2,3,3,3,3,3,3,3,3,3,3,3,3,3,3,2,3,2
"08-05-2022",2,2,2,2,2,2,2,2,2,2,2,2,3,2,2,2,2,2,2,2,2,3,3,3
"09-05-2022",2,2,2,2,2,2,2,3,3,3,3,4,5,3,3,3,3,4,5,3,3,3,3,3
"10-05-2022",2,2,2,2,2,2,3,3,3,3,3,4,4,4,3,3,3,4,4,3,3,3,2,2
"11-05-2022",2,2,2,3,2,2,3,3,4,4,4,3,4,4,5,4,4,5,4,4,3,3,3,3
"12-05-2022",3,2,2,2,2,2,2,2,2,-9999,-9999,-9999,-9999,7,7,6,9,9,7,7,6,6,5,4
"13-05-2022",5,5,5,5,5,5,5,5,5,5,5,5,5,5,5,5,5,5,5,5,5,5,5,5
"14-05-2022",5,5,5,5,5,5,5,5,5,5,5,5,5,5,5,5,5,5,5,5,5,5,5,5
"15-05-2022",5,5,5,5,5,5,5,5,5,5,5,5,5,5,5,5,5,5,5,5,5,5,5,5
"16-05-2022",5,5,5,5,5,5,5,5,5,5,5,5,5,5,5,5,5,5,5,5,5,5,5,5
"17-05-2022",5,5,5,5,5,5,5,5,5,5,5,5,5,5,5,5,5,5,5,5,5,5,4,4
"18-05-2022",4,4,4,4,4,4,4,5,5,5,5,5,5,5,5,5,5,5,5,5,5,5,4,4
"19-05-2022",4,4,5,5,5,5,5,5,5,5,5,5,5,5,5,5,5,5,5,5,5,5,5,5
"20-05-2022",5,5,5,5,5,5,5,5,5,7,6,6,6,6,6,6,6,6,6,6,6,5,5,5
"21-05-2022",5,5,5,5,5,5,5,5,5,5,5,5,6,6,6,6,6,7,6,6,6,5,5,5
"22-05-2022",5,5,5,5,5,5,5,5,5,5,5,5,5,5,6,6,6,5,5,5,5,5,5,5
"23-05-2022",5,5,5,5,5,5,5,5,5,5,5,5,5,5,6,6,6,6,6,6,5,5,5,5
"24-05-2022",5,5,5,5,5,5,5,5,5,5,5,5,5,5,5,6,6,6,6,7,7,6,6,6
"25-05-2022",6,5,5,5,6,5,5,5,5,5,5,5,6,7,7,8,8,8,9,7,7,6,5,6
"26-05-2022",5,5,5,5,5,5,5,5,5,5,5,6,7,8,7,7,7,13,7,7,20,18,5,5
"27-05-2022",5,6,6,6,5,5,5,5,5,5,6,8,9,8,8,7,10,10,11,8,7,6,5,5
"28-05-2022",5,5,5,5,5,5,5,5,5,6,6,6,7,10,11,10,11,9,9,8,8,8,6,6
"29-05-2022",6,5,5,5,5,5,5,5,5,5,5,5,5,5,5,5,5,5,5,5,5,5,5,5
"30-05-2022",5,5,5,5,5,5,5,5,5,5,5,5,6,6,6,6,6,6,6,6,5,5,5,5
"31-05-2022",5,5,5,5,5,5,5,5,5,5,5,6,6,6,6,6,9,9,8,8,7,7,6,5
"01-06-2022",5,5,5,5,5,5,5,5,5,5,5,6,6,6,6,7,7,7,8,8,7,6,5,5
"02-06-2022",5,5,5,5,5,5,5,5,5,6,6,7,10,11,11,10,10,10,9,9,9,7,5,5
"03-06-2022",5,5,5,5,5,5,5,6,-9999,-9999,-9999,-9999,-9999,-9999,-9999,-9999,-9999,-9999,-9999,-9999,-9999,-9999,-9999,-9999
"04-06-2022",-9999,-9999,-9999,-9999,-9999,-9999,-9999,-9999,-9999,-9999,-9999,-9999,-9999,-9999,-9999,-9999,-9999,-9999,-9999,-9999,-9999,-9999,-9999,-9999
"05-06-2022",-9999,-9999,-9999,-9999,-9999,-9999,-9999,-9999,-9999,-9999,-9999,-9999,-9999,-9999,-9999,-9999,-9999,-9999,-9999,-9999,-9999,-9999,-9999,-9999
"06-06-2022",-9999,-9999,-9999,-9999,-9999,-9999,-9999,-9999,-9999,-9999,-9999,-9999,-9999,-9999,-9999,-9999,-9999,-9999,-9999,-9999,-9999,-9999,-9999,-9999
"07-06-2022",-9999,-9999,-9999,-9999,-9999,-9999,-9999,-9999,-9999,-9999,-9999,-9999,-9999,-9999,-9999,-9999,-9999,-9999,-9999,-9999,-9999,-9999,-9999,-9999
"08-06-2022",-9999,-9999,-9999,-9999,-9999,-9999,-9999,-9999,-9999,-9999,-9999,-9999,-9999,-9999,-9999,-9999,-9999,-9999,-9999,-9999,-9999,-9999,-9999,-9999
"09-06-2022",-9999,-9999,-9999,-9999,-9999,-9999,-9999,-9999,-9999,-9999,-9999,-9999,-9999,-9999,-9999,-9999,-9999,-9999,-9999,-9999,-9999,-9999,-9999,-9999
"10-06-2022",-9999,-9999,-9999,-9999,-9999,-9999,-9999,-9999,-9999,-9999,-9999,-9999,-9999,-9999,-9999,-9999,-9999,-9999,-9999,-9999,-9999,-9999,-9999,-9999
"11-06-2022",-9999,-9999,-9999,-9999,-9999,-9999,-9999,-9999,-9999,-9999,-9999,-9999,-9999,-9999,-9999,-9999,-9999,-9999,-9999,-9999,-9999,-9999,-9999,-9999
"12-06-2022",-9999,-9999,-9999,-9999,-9999,-9999,-9999,-9999,-9999,-9999,-9999,-9999,-9999,-9999,-9999,-9999,-9999,-9999,-9999,-9999,-9999,-9999,-9999,-9999
"13-06-2022",-9999,-9999,-9999,-9999,-9999,-9999,-9999,-9999,-9999,-9999,-9999,-9999,-9999,-9999,-9999,-9999,-9999,-9999,-9999,-9999,-9999,-9999,-9999,-9999
"14-06-2022",-9999,-9999,-9999,-9999,-9999,-9999,-9999,-9999,-9999,-9999,-9999,-9999,-9999,-9999,-9999,-9999,-9999,-9999,-9999,-9999,-9999,-9999,-9999,-9999
"15-06-2022",-9999,-9999,-9999,-9999,-9999,-9999,-9999,-9999,-9999,-9999,-9999,-9999,-9999,-9999,-9999,-9999,-9999,-9999,-9999,-9999,-9999,-9999,-9999,-9999
"16-06-2022",-9999,-9999,-9999,-9999,-9999,-9999,-9999,-9999,-9999,-9999,-9999,-9999,-9999,-9999,-9999,-9999,-9999,-9999,-9999,-9999,-9999,-9999,-9999,-9999
"17-06-2022",-9999,-9999,-9999,-9999,-9999,-9999,-9999,-9999,-9999,-9999,-9999,-9999,-9999,-9999,-9999,-9999,-9999,-9999,-9999,-9999,-9999,-9999,-9999,-9999
"18-06-2022",-9999,-9999,-9999,-9999,-9999,-9999,-9999,-9999,-9999,-9999,-9999,-9999,-9999,-9999,-9999,-9999,-9999,-9999,-9999,-9999,-9999,-9999,-9999,-9999
"19-06-2022",-9999,-9999,-9999,-9999,-9999,-9999,-9999,-9999,-9999,-9999,-9999,-9999,-9999,-9999,-9999,-9999,-9999,-9999,-9999,-9999,-9999,-9999,-9999,-9999
"20-06-2022",-9999,-9999,-9999,-9999,-9999,-9999,-9999,-9999,-9999,-9999,-9999,-9999,-9999,-9999,-9999,6,6,6,6,6,6,6,6,6
"21-06-2022",6,6,6,6,6,6,6,6,6,6,6,6,6,6,9,7,6,6,6,6,6,6,6,6
"22-06-2022",6,6,6,6,6,6,6,6,6,6,6,6,6,6,6,6,6,6,6,6,6,6,6,6
"23-06-2022",6,6,6,6,6,6,6,6,6,6,6,6,6,6,6,6,6,6,6,6,6,7,6,6
"24-06-2022",6,6,6,6,6,6,6,6,6,6,6,6,6,7,7,7,7,7,7,7,7,7,7,7
"25-06-2022",7,6,6,6,6,6,6,6,6,6,6,6,6,6,6,7,7,7,7,7,7,7,7,7
"26-06-2022",6,6,6,6,6,6,6,6,6,6,6,6,6,6,6,6,6,6,6,7,7,7,7,6
"27-06-2022",6,6,6,6,6,6,6,6,6,6,6,6,6,6,6,6,7,6,7,7,7,7,7,7
"28-06-2022",7,6,6,6,6,6,6,6,6,6,6,6,6,6,6,7,7,7,7,7,7,7,7,7
"29-06-2022",7,6,6,6,6,6,6,6,6,6,6,6,6,6,6,7,7,7,7,7,7,7,6,6
"30-06-2022",6,6,6,6,6,6,6,6,6,6,6,6,6,6,6,7,7,7,7,7,7,7,7,7
"01-07-2022",7,6,6,6,6,6,6,6,6,6,6,6,6,6,6,7,7,7,7,7,7,7,7,7
"02-07-2022",7,6,7,6,6,6,6,6,6,6,6,6,6,6,6,7,7,7,7,7,6,7,7,7
"03-07-2022",7,7,7,6,6,6,6,6,6,6,6,6,6,6,6,7,7,7,7,7,7,7,7,7
"04-07-2022",7,7,6,6,6,6,6,6,6,6,6,6,6,6,6,7,7,7,7,7,7,7,7,7
"05-07-2022",7,7,7,6,6,6,6,7,7,6,6,7,6,6,7,7,7,7,7,7,7,7,7,7
"06-07-2022",7,7,6,6,6,6,6,6,6,6,6,6,6,6,6,7,7,7,7,7,6,7,7,7
"07-07-2022",7,7,7,6,6,6,6,6,6,6,6,6,6,6,6,7,7,7,7,7,7,7,7,7
"08-07-2022",7,7,6,6,6,6,6,6,6,6,6,6,6,6,6,7,7,6,7,7,7,7,7,7
"09-07-2022",6,6,6,6,6,6,6,6,6,6,6,6,6,6,6,7,7,7,7,7,7,7,7,7
"10-07-2022",7,7,7,6,6,6,6,6,6,6,6,6,6,6,7,7,7,7,7,7,7,7,7,7
"11-07-2022",7,7,7,6,6,6,6,6,7,6,6,6,6,7,6,7,7,7,7,7,7,7,7,7
"12-07-2022",7,7,6,6,6,6,6,6,6,6,6,6,6,6,6,7,7,7,7,7,7,7,7,7
"13-07-2022",7,7,7,6,6,6,6,6,6,6,6,7,7,7,7,7,7,7,7,7,7,7,7,7
"14-07-2022",7,7,7,6,6,6,6,7,7,6,6,6,6,6,7,7,7,7,7,7,7,7,7,7
"15-07-2022",7,7,7,6,6,6,6,7,7,6,6,7,7,6,7,7,7,7,7,7,7,7,7,7
"16-07-2022",7,7,7,6,6,6,6,6,6,6,6,6,6,6,6,7,7,7,7,7,7,7,7,7
"17-07-2022",7,7,7,6,6,6,7,6,6,6,6,6,6,6,6,7,7,7,7,7,7,7,7,7
"18-07-2022",7,7,7,6,6,6,6,6,6,7,7,7,6,6,7,7,7,7,7,7,7,7,7,7
"19-07-2022",7,7,7,6,6,6,6,6,7,6,6,7,7,7,7,7,7,7,7,7,7,7,7,7
"20-07-2022",7,7,7,7,7,7,7,7,7,7,7,7,7,7,7,7,7,7,7,7,7,7,7,7
"21-07-2022",7,7,7,6,6,6,6,7,6,6,6,7,7,7,7,7,7,7,7,7,7,7,7,7
"22-07-2022",7,7,7,6,6,6,6,7,6,7,6,6,6,6,7,7,7,7,7,7,7,7,7,7
"23-07-2022",7,7,7,6,6,6,6,6,6,6,6,6,6,6,6,7,7,7,7,7,7,7,7,7
"24-07-2022",7,7,7,6,6,6,6,6,6,6,6,6,6,6,6,7,7,7,7,7,7,7,7,7
"25-07-2022",7,7,7,6,6,6,6,6,6,6,6,6,6,7,7,7,7,7,7,7,7,7,7,7
"26-07-2022",7,7,7,6,6,6,6,6,6,6,6,6,6,6,7,7,7,7,7,7,7,7,7,7
"27-07-2022",7,7,7,6,6,6,6,6,6,6,6,6,6,6,7,7,7,7,7,7,7,7,7,7
"28-07-2022",7,7,7,6,6,6,6,6,6,6,6,6,6,6,7,7,7,7,7,7,7,7,7,7
"29-07-2022",7,7,7,6,6,6,6,6,7,7,7,7,7,6,7,7,7,7,7,7,7,7,7,7
"30-07-2022",7,7,7,6,6,6,6,6,6,6,6,6,6,6,7,7,7,7,7,7,7,7,7,7
"31-07-2022",7,7,7,6,6,6,6,6,6,6,6,6,6,6,7,7,7,7,7,7,7,7,7,7
"01-08-2022",7,7,7,6,6,6,6,6,6,7,7,6,7,6,7,7,7,7,7,7,7,7,7,7
"02-08-2022",7,7,7,6,6,6,6,6,6,7,7,-9999,-9999,-9999,-9999,-9999,-9999,-9999,8,8,7,7,7,7
"03-08-2022",7,7,7,7,7,7,7,7,7,7,7,7,7,7,7,8,8,8,8,8,8,8,8,8
"04-08-2022",7,7,7,7,7,7,7,7,-9999,-9999,-9999,-9999,7,7,8,8,8,8,8,8,8,8,7,7
"05-08-2022",7,7,7,7,7,7,7,7,7,7,7,7,7,7,7,7,7,7,7,7,7,7,7,7
"06-08-2022",7,7,7,7,7,7,7,7,7,7,7,7,7,7,7,7,7,7,7,7,7,7,7,7
"07-08-2022",7,7,7,7,7,6,7,7,7,7,7,7,7,7,7,7,7,7,7,7,7,7,7,7
"08-08-2022",7,7,7,7,7,7,6,7,7,7,7,7,7,7,7,7,8,7,7,7,7,7,7,7
"09-08-2022",7,7,7,7,7,7,7,7,7,7,7,7,7,7,7,7,8,7,8,7,8,7,7,7
"10-08-2022",7,7,7,7,7,7,7,7,7,7,7,7,7,7,7,7,7,7,7,7,7,7,7,7
"11-08-2022",7,7,7,7,7,7,7,7,7,7,7,7,7,7,7,8,7,7,7,7,7,7,7,7
"12-08-2022",7,7,7,7,7,7,7,7,7,7,7,7,7,7,7,7,7,7,7,7,7,7,7,7
"13-08-2022",7,7,7,6,6,7,6,6,7,7,7,7,7,6,7,7,7,7,7,7,7,7,7,7
"14-08-2022",7,7,7,7,7,7,7,7,7,7,7,7,7,7,7,7,7,7,7,7,7,7,7,7
"15-08-2022",7,7,7,7,7,7,7,7,7,7,7,7,7,7,7,7,7,7,7,7,7,7,7,7
"16-08-2022",7,7,7,7,7,7,7,7,7,7,7,7,7,7,7,7,7,7,7,7,7,7,7,7
"17-08-2022",7,7,7,7,7,7,7,7,7,7,7,7,7,7,7,7,7,7,7,7,7,7,7,7
"18-08-2022",7,7,7,7,7,7,7,7,7,7,7,7,7,7,7,7,7,7,7,7,7,7,7,7
"19-08-2022",7,7,7,7,7,7,7,7,7,7,7,7,7,7,7,7,7,8,7,7,7,7,7,7
"20-08-2022",7,7,7,7,7,7,7,7,7,7,7,7,7,7,7,7,7,7,7,7,7,7,7,7
"21-08-2022",7,7,7,7,7,7,7,7,7,7,7,7,7,7,7,8,7,7,7,8,7,7,7,7
"22-08-2022",7,7,7,7,7,7,7,7,7,7,7,7,7,7,7,8,8,8,8,8,8,8,8,7
"23-08-2022",7,7,7,7,7,7,7,7,7,7,7,7,7,7,7,7,7,7,7,7,7,7,7,7
"24-08-2022",7,7,7,7,7,7,7,7,7,7,7,7,7,7,7,8,8,7,8,7,7,7,7,7
"25-08-2022",7,7,7,7,7,7,7,7,7,7,7,7,7,7,7,8,8,8,8,7,7,7,8,8
"26-08-2022",7,7,7,7,7,7,7,7,7,7,7,7,8,7,7,8,8,8,8,8,8,8,8,8
"27-08-2022",7,7,7,7,7,7,7,7,7,7,7,7,7,7,7,8,8,8,8,8,8,8,8,7
"28-08-2022",7,7,8,7,7,7,7,7,7,7,7,7,7,7,7,8,8,8,8,8,8,8,8,8
"29-08-2022",8,7,7,7,7,7,7,7,7,7,7,7,7,7,7,7,7,8,7,7,8,8,7,7
"30-08-2022",7,7,7,7,7,7,7,7,7,7,7,7,7,7,7,8,8,7,7,7,7,7,7,7
"31-08-2022",7,7,7,7,7,7,7,7,7,7,7,7,7,7,7,8,8,8,8,7,7,7,7,7
"01-09-2022",7,7,7,7,7,7,7,7,7,7,7,7,7,7,7,8,7,8,8,8,8,7,8,7
"02-09-2022",7,7,7,7,7,7,7,7,7,7,7,7,7,7,7,8,8,8,7,8,7,7,7,7
"03-09-2022",7,7,7,7,7,7,7,7,7,7,7,7,7,7,7,7,7,7,7,7,7,7,7,7
"04-09-2022",7,7,7,7,7,7,7,7,7,7,7,7,7,7,7,7,7,7,7,7,7,7,7,7
"05-09-2022",7,7,7,7,7,7,7,7,7,7,7,7,7,7,7,7,8,7,7,7,7,7,7,7
"06-09-2022",7,7,7,7,7,7,7,7,7,7,7,7,7,7,7,7,8,8,8,8,7,7,7,7
"07-09-2022",7,7,7,7,7,7,7,7,7,7,7,7,7,7,7,8,8,7,7,7,7,7,7,7
"08-09-2022",7,7,7,7,7,7,7,7,7,7,7,7,7,7,7,7,7,7,7,7,7,7,7,7
"09-09-2022",7,7,7,7,7,7,7,7,7,7,7,7,7,7,7,7,7,7,7,7,7,7,7,7
"10-09-2022",7,7,7,7,7,7,6,7,7,7,7,7,7,7,7,7,7,7,7,7,7,7,7,7
"11-09-2022",7,7,7,6,6,6,7,7,7,7,6,7,7,7,7,7,7,7,7,7,7,7,7,7
"12-09-2022",7,7,7,7,7,7,7,7,7,7,7,7,7,7,7,7,7,8,7,7,7,7,7,7
"13-09-2022",7,7,7,7,7,6,7,7,7,7,7,7,7,7,7,7,7,7,7,7,7,7,7,7
"14-09-2022",7,7,7,7,6,7,7,7,7,7,7,7,7,7,7,7,7,7,7,7,7,7,7,7
"15-09-2022",7,7,7,7,7,7,7,7,7,7,7,7,7,7,7,7,7,7,7,7,7,7,7,7
"16-09-2022",7,7,7,7,7,7,7,7,7,7,7,7,7,7,7,7,7,7,7,7,8,8,7,7
"17-09-2022",7,7,7,7,7,7,7,7,7,7,7,7,7,7,7,7,7,7,7,7,7,7,7,7
"18-09-2022",7,7,7,7,7,7,7,7,7,7,7,7,7,7,7,7,7,7,7,7,7,7,7,7
"19-09-2022",7,8,7,7,7,7,7,7,7,7,7,7,7,7,7,7,7,7,7,7,7,8,7,7
"20-09-2022",7,7,7,7,7,7,7,8,8,7,7,7,7,7,7,7,7,7,7,8,7,7,7,7
"21-09-2022",7,7,7,7,7,7,7,7,7,8,8,7,7,7,7,7,7,8,7,7,7,8,7,7
"22-09-2022",7,7,7,7,7,7,7,7,8,7,7,7,7,7,7,7,7,7,7,7,7,8,7,7
"23-09-2022",7,7,7,7,7,7,7,7,7,7,7,7,7,7,7,7,7,7,7,7,7,8,8,8
"24-09-2022",7,7,7,7,7,7,7,7,7,7,7,7,7,6,7,7,7,7,7,7,7,7,7,7
"25-09-2022",7,7,7,7,7,7,7,7,7,7,7,7,7,7,7,7,7,7,7,7,7,7,7,7
"26-09-2022",7,7,7,7,7,7,7,7,8,7,7,7,7,7,7,7,7,7,7,7,7,7,7,7
"27-09-2022",7,7,7,7,7,7,7,7,7,7,7,7,7,7,7,7,7,7,7,7,7,7,7,7
"28-09-2022",7,7,7,7,7,7,7,7,7,7,7,6,7,7,7,7,7,7,7,7,7,7,7,7
"29-09-2022",7,7,7,7,7,7,7,7,7,7,7,7,7,7,7,7,7,7,7,7,7,8,8,7
"30-09-2022",7,7,7,7,7,7,7,8,8,7,7,7,7,7,7,7,7,7,7,7,8,8,8,8
"01-10-2022",7,7,7,7,7,7,7,7,8,8,7,7,7,7,7,7,7,7,7,8,8,8,7,7
"02-10-2022",7,7,7,7,7,7,7,7,7,7,7,7,7,7,7,7,7,7,7,7,7,7,7,7
"03-10-2022",7,7,7,7,7,7,7,8,8,8,7,7,7,7,7,7,7,7,7,8,8,8,8,8
"04-10-2022",7,7,7,7,7,7,7,8,8,8,7,7,7,7,7,7,7,7,7,8,8,8,8,7
"05-10-2022",7,7,7,7,7,7,7,8,8,8,7,7,7,7,7,7,7,7,7,7,8,7,8,7
"06-10-2022",7,7,7,7,7,7,7,7,8,7,-9999,-9999,-9999,2,2,2,2,2,2,2,2,2,2,2
"07-10-2022",-9999,-9999,-9999,-9999,-9999,-9999,-9999,-9999,-9999,-9999,-9999,-9999,-9999,-9999,-9999,-9999,-9999,-9999,-9999,-9999,-9999,-9999,-9999,-9999
"08-10-2022",-9999,-9999,-9999,-9999,-9999,-9999,-9999,-9999,-9999,-9999,-9999,-9999,-9999,-9999,-9999,-9999,-9999,-9999,-9999,-9999,-9999,-9999,-9999,-9999
"09-10-2022",-9999,-9999,-9999,-9999,-9999,-9999,-9999,-9999,-9999,-9999,-9999,-9999,-9999,-9999,-9999,-9999,-9999,-9999,-9999,-9999,-9999,-9999,-9999,-9999
"10-10-2022",-9999,-9999,-9999,-9999,-9999,-9999,-9999,-9999,-9999,-9999,-9999,-9999,-9999,-9999,-9999,-9999,-9999,-9999,-9999,-9999,-9999,-9999,-9999,-9999
"11-10-2022",-9999,-9999,-9999,-9999,-9999,-9999,-9999,-9999,-9999,-9999,-9999,-9999,-9999,-9999,-9999,-9999,-9999,-9999,-9999,-9999,-9999,-9999,-9999,-9999
"12-10-2022",-9999,-9999,-9999,-9999,-9999,-9999,-9999,-9999,-9999,-9999,-9999,-9999,-9999,-9999,-9999,-9999,-9999,-9999,-9999,-9999,-9999,-9999,-9999,-9999
"13-10-2022",-9999,-9999,-9999,-9999,-9999,-9999,-9999,-9999,-9999,-9999,-9999,-9999,-9999,-9999,-9999,-9999,-9999,-9999,-9999,-9999,-9999,-9999,-9999,-9999
"14-10-2022",-9999,-9999,-9999,-9999,-9999,-9999,-9999,-9999,-9999,-9999,-9999,-9999,-9999,-9999,-9999,-9999,-9999,-9999,-9999,-9999,-9999,-9999,-9999,-9999
"15-10-2022",-9999,-9999,-9999,-9999,-9999,-9999,-9999,-9999,-9999,-9999,-9999,-9999,-9999,-9999,-9999,-9999,-9999,-9999,-9999,-9999,-9999,-9999,-9999,-9999
"16-10-2022",-9999,-9999,-9999,-9999,-9999,-9999,-9999,-9999,-9999,-9999,-9999,-9999,-9999,-9999,-9999,-9999,-9999,-9999,-9999,-9999,-9999,-9999,-9999,-9999
"17-10-2022",-9999,-9999,-9999,-9999,-9999,-9999,-9999,-9999,-9999,-9999,-9999,-9999,-9999,-9999,-9999,-9999,-9999,-9999,-9999,-9999,-9999,-9999,-9999,-9999
"18-10-2022",-9999,-9999,-9999,-9999,-9999,-9999,-9999,-9999,-9999,-9999,-9999,-9999,-9999,-9999,-9999,-9999,-9999,-9999,-9999,-9999,-9999,-9999,-9999,-9999
"19-10-2022",-9999,-9999,-9999,-9999,-9999,-9999,-9999,-9999,-9999,-9999,-9999,-9999,-9999,-9999,-9999,-9999,-9999,-9999,-9999,-9999,-9999,-9999,-9999,-9999
"20-10-2022",-9999,-9999,-9999,-9999,-9999,-9999,-9999,-9999,-9999,-9999,-9999,-9999,-9999,-9999,-9999,-9999,-9999,-9999,-9999,-9999,-9999,-9999,-9999,-9999
"21-10-2022",-9999,-9999,-9999,-9999,-9999,-9999,-9999,-9999,-9999,-9999,-9999,-9999,-9999,-9999,-9999,-9999,-9999,-9999,-9999,-9999,-9999,-9999,-9999,-9999
"22-10-2022",-9999,-9999,-9999,-9999,-9999,-9999,-9999,-9999,-9999,-9999,-9999,-9999,-9999,-9999,-9999,-9999,-9999,-9999,-9999,-9999,-9999,-9999,-9999,-9999
"23-10-2022",-9999,-9999,-9999,-9999,-9999,-9999,-9999,-9999,-9999,-9999,-9999,-9999,-9999,-9999,-9999,-9999,-9999,-9999,-9999,-9999,-9999,-9999,-9999,-9999
"24-10-2022",-9999,-9999,-9999,-9999,-9999,-9999,-9999,-9999,-9999,-9999,-9999,-9999,-9999,-9999,-9999,-9999,-9999,-9999,-9999,-9999,-9999,-9999,-9999,-9999
"25-10-2022",-9999,-9999,-9999,-9999,-9999,-9999,-9999,-9999,-9999,-9999,-9999,-9999,-9999,-9999,-9999,-9999,-9999,-9999,-9999,-9999,-9999,-9999,-9999,-9999
"26-10-2022",-9999,-9999,-9999,-9999,-9999,-9999,-9999,-9999,-9999,-9999,-9999,-9999,-9999,-9999,-9999,-9999,-9999,-9999,-9999,-9999,-9999,-9999,-9999,-9999
"27-10-2022",-9999,-9999,-9999,-9999,-9999,-9999,-9999,-9999,-9999,-9999,-9999,-9999,-9999,-9999,-9999,-9999,-9999,-9999,-9999,-9999,-9999,-9999,-9999,-9999
"28-10-2022",-9999,-9999,-9999,-9999,-9999,-9999,-9999,-9999,-9999,-9999,-9999,-9999,-9999,-9999,-9999,-9999,-9999,-9999,-9999,-9999,-9999,-9999,-9999,-9999
"29-10-2022",-9999,-9999,-9999,-9999,-9999,-9999,-9999,-9999,-9999,-9999,-9999,-9999,-9999,-9999,-9999,-9999,-9999,-9999,-9999,-9999,-9999,-9999,-9999,-9999
"30-10-2022",-9999,-9999,-9999,-9999,-9999,-9999,-9999,-9999,-9999,-9999,-9999,-9999,-9999,-9999,-9999,-9999,-9999,-9999,-9999,-9999,-9999,-9999,-9999,-9999
"31-10-2022",-9999,-9999,-9999,-9999,-9999,-9999,-9999,-9999,-9999,-9999,-9999,-9999,-9999,-9999,-9999,-9999,-9999,-9999,-9999,-9999,-9999,-9999,-9999,-9999
"01-11-2022",-9999,-9999,-9999,-9999,-9999,-9999,-9999,-9999,-9999,-9999,-9999,-9999,-9999,-9999,-9999,-9999,-9999,-9999,-9999,-9999,-9999,-9999,-9999,-9999
"02-11-2022",-9999,-9999,-9999,-9999,-9999,-9999,-9999,-9999,-9999,-9999,-9999,-9999,-9999,-9999,-9999,-9999,-9999,-9999,-9999,-9999,-9999,-9999,-9999,-9999
"03-11-2022",-9999,-9999,-9999,-9999,-9999,-9999,-9999,-9999,-9999,-9999,-9999,-9999,-9999,-9999,-9999,-9999,-9999,-9999,-9999,-9999,-9999,-9999,-9999,-9999
"04-11-2022",-9999,-9999,-9999,-9999,-9999,-9999,-9999,-9999,-9999,-9999,-9999,-9999,-9999,-9999,-9999,-9999,-9999,-9999,-9999,-9999,-9999,-9999,-9999,-9999
"05-11-2022",7,7,7,7,7,7,7,7,7,7,7,7,7,7,7,7,6,6,6,7,7,7,7,7
"06-11-2022",7,6,6,7,7,6,6,6,6,6,6,6,6,6,6,6,6,6,6,7,6,6,6,7
"07-11-2022",6,6,6,6,6,6,6,7,7,7,7,6,6,6,6,6,6,6,6,6,7,7,7,6
"08-11-2022",6,6,6,6,6,6,6,7,7,7,6,6,6,6,6,6,6,6,6,7,7,7,7,6
"09-11-2022",6,6,6,6,6,6,6,7,7,6,6,6,6,6,6,6,6,6,6,7,7,7,6,6
"10-11-2022",6,6,6,6,6,6,7,8,7,7,6,6,6,6,6,6,6,6,7,7,6,7,6,6
"11-11-2022",6,6,6,6,6,6,6,7,7,6,6,6,6,6,6,6,6,7,7,8,7,8,7,6
"12-11-2022",6,6,6,6,6,6,6,6,7,6,6,6,6,6,6,6,6,6,6,6,6,6,6,6
"13-11-2022",6,6,6,6,6,6,6,6,6,6,6,6,6,6,6,6,6,7,6,7,7,6,6,6
"14-11-2022",6,6,6,6,6,6,6,6,7,7,6,6,6,6,6,6,6,6,6,6,6,7,7,6
"15-11-2022",6,6,6,6,6,6,6,7,7,7,6,6,6,6,6,6,6,6,6,6,6,6,6,6
"16-11-2022",6,6,6,6,6,6,6,7,7,6,6,6,6,6,6,6,6,6,6,6,6,6,6,6
"17-11-2022",6,6,6,6,6,6,6,6,6,6,6,6,6,6,6,6,6,6,6,6,6,6,6,6
"18-11-2022",6,6,6,6,6,6,6,6,7,7,6,6,6,6,6,6,6,6,6,6,6,6,6,6
"19-11-2022",6,6,6,6,6,6,6,6,6,6,6,6,6,6,6,6,6,6,6,6,6,6,6,6
"20-11-2022",6,7,6,6,6,6,6,6,6,6,6,6,6,6,6,6,6,6,6,6,6,6,6,6
"21-11-2022",6,6,6,6,6,6,6,6,6,6,6,6,6,6,6,6,6,6,6,6,6,6,6,6
"22-11-2022",6,6,6,6,6,6,6,7,7,8,7,6,6,6,6,6,6,6,6,6,6,6,6,6
"23-11-2022",6,6,6,6,6,6,6,6,6,6,6,7,7,6,6,6,6,7,7,7,6,6,6,6
"24-11-2022",6,6,6,6,6,6,6,7,8,7,7,6,6,6,6,6,6,6,7,7,7,7,7,6
"25-11-2022",6,6,6,6,6,6,6,7,7,7,7,6,6,6,6,6,6,7,7,7,7,7,7,6
"26-11-2022",6,6,6,6,6,6,6,7,7,7,7,7,6,6,6,6,7,6,7,7,7,7,7,7
"27-11-2022",6,6,6,6,6,6,6,6,6,6,6,6,6,6,6,6,6,6,6,6,7,7,7,7
"28-11-2022",6,6,6,6,6,6,6,6,6,7,6,6,6,6,6,6,6,6,6,6,7,7,7,6
"29-11-2022",6,6,6,6,6,6,6,7,8,9,7,7,7,7,7,7,7,7,7,7,7,8,8,7
"30-11-2022",6,6,6,6,6,6,6,6,6,6,6,6,6,6,6,6,6,7,6,6,6,6,6,6
"01-12-2022",6,6,6,6,6,6,6,6,7,7,7,7,7,7,6,6,6,6,6,7,7,6,6,6
"02-12-2022",6,6,6,6,6,6,6,7,8,8,6,6,6,6,6,6,6,7,8,8,8,8,7,7
"03-12-2022",7,7,7,6,6,6,6,11,7,9,7,7,7,7,7,7,7,8,8,8,8,8,8,8
"04-12-2022",8,8,7,7,7,7,7,7,7,7,6,7,7,7,6,7,7,7,7,8,8,8,8,8
"05-12-2022",7,7,7,7,6,6,6,7,7,7,7,7,7,7,7,7,7,7,7,7,8,8,8,8
"06-12-2022",7,7,7,7,7,7,7,7,7,7,7,7,7,7,7,7,7,7,7,7,7,7,7,7
"07-12-2022",6,6,7,6,6,7,7,7,9,7,7,7,7,7,7,7,7,7,8,8,7,7,7,7
"08-12-2022",7,7,7,7,7,7,7,7,8,7,8,7,7,7,7,7,7,7,7,7,8,8,8,8
"09-12-2022",7,7,7,7,7,7,8,8,8,7,8,8,7,7,7,7,7,8,9,9,8,8,8,8
"10-12-2022",8,7,7,7,6,7,7,7,7,7,7,7,8,7,7,7,7,7,7,7,7,7,6,6
"11-12-2022",8,7,6,7,7,6,6,6,6,6,6,6,6,6,6,6,6,6,6,7,7,7,7,7
"12-12-2022",7,7,7,7,6,7,7,7,7,7,7,7,7,7,7,7,6,6,7,6,7,7,7,7
"13-12-2022",7,7,6,6,6,6,7,7,7,7,7,7,7,-9999,-9999,9,8,8,8,8,9,7,7,7
"14-12-2022",7,7,7,7,7,7,7,8,9,8,8,8,8,8,8,8,8,7,7,7,7,7,7,7
"15-12-2022",7,7,7,7,7,6,7,7,7,7,7,7,7,7,6,6,7,7,7,8,8,8,7,7
"16-12-2022",7,6,7,6,6,7,7,7,9,8,7,7,7,7,7,7,7,7,8,7,7,8,9,7
"17-12-2022",7,7,7,7,7,7,7,7,7,7,7,7,7,7,7,7,7,7,7,8,8,9,9,8
"18-12-2022",8,8,7,7,7,7,7,7,8,7,7,7,7,7,6,6,7,7,7,7,7,7,7,7
"19-12-2022",7,7,7,6,7,7,7,7,8,9,8,7,7,7,7,7,7,7,7,7,8,8,7,7
"20-12-2022",7,7,7,7,7,7,7,7,8,7,7,7,7,7,7,7,7,7,7,8,9,9,8,8
"21-12-2022",7,7,7,7,7,7,7,7,8,8,7,7,8,7,7,7,7,7,8,10,12,12,11,9
"22-12-2022",10,8,7,7,7,7,8,8,9,8,8,8,8,9,8,8,7,8,8,9,10,10,9,8
"23-12-2022",8,7,7,7,7,7,7,8,9,8,8,8,8,9,9,8,8,8,8,9,9,10,9,8
"24-12-2022",8,8,7,7,7,7,7,7,7,8,7,7,7,8,8,8,8,8,8,8,8,8,8,8
"25-12-2022",8,7,7,7,7,7,7,7,7,7,7,7,7,7,7,7,7,8,8,8,8,9,9,8
"26-12-2022",8,8,7,7,7,7,7,7,7,7,8,8,7,7,7,7,7,7,7,8,8,8,8,8
"27-12-2022",7,7,7,7,7,7,7,7,7,7,7,7,7,7,7,7,7,7,7,7,8,8,8,7
"28-12-2022",7,7,7,7,7,7,7,7,8,8,7,7,7,7,7,7,7,8,8,8,8,10,9,8
"29-12-2022",8,7,8,7,7,7,7,8,8,8,8,8,8,9,8,8,8,8,8,9,9,9,9,8
"30-12-2022",8,8,8,7,7,7,7,7,8,8,8,8,8,8,8,8,8,8,8,9,9,9,9,8
"31-12-2022",8,8,7,7,7,7,7,7,8,8,7,7,7,7,7,7,7,7,8,9,9,10,10,6
"01-01-2023",8,9,8,8,8,8,8,8,7,7,8,8,8,8,8,8,8,8,8,9,8,8,8,9
"02-01-2023",8,8,8,7,7,8,8,8,8,9,8,8,8,8,8,8,8,8,9,10,11,12,11,9
"03-01-2023",9,8,8,8,8,7,8,8,8,8,8,8,8,8,8,8,8,8,8,8,8,9,9,8
"04-01-2023",8,8,7,7,7,7,7,8,8,8,8,8,8,8,8,8,8,8,9,10,10,10,10,10
"05-01-2023",9,8,8,8,8,8,8,8,9,9,8,9,8,8,8,8,8,8,9,10,11,11,11,10
"06-01-2023",9,8,8,8,8,8,8,9,8,8,7,8,8,9,8,8,8,8,9,9,10,11,11,10
"07-01-2023",9,9,8,8,8,8,8,8,9,9,9,9,9,9,9,9,9,9,9,11,12,13,12,11
"08-01-2023",10,9,9,8,8,8,8,8,8,8,8,9,8,9,9,9,9,9,10,10,11,11,10,9
"09-01-2023",8,8,8,8,8,8,8,9,9,11,9,9,9,9,9,9,9,9,9,9,11,10,9,8
"10-01-2023",8,8,11,13,13,13,13,14,14,14,15,15,15,15,15,15,15,15,15,16,16,15,14,13
"11-01-2023",13,13,13,13,13,13,13,14,14,15,15,15,15,16,16,16,16,16,16,17,18,19,17,14
"12-01-2023",14,13,13,13,13,13,13,14,15,16,17,16,16,16,16,16,16,17,17,20,20,19,16,15
"13-01-2023",15,14,14,13,13,14,14,15,16,16,18,18,18,18,17,17,17,19,19,19,20,20,17,16
"14-01-2023",15,14,14,14,14,14,14,14,15,15,17,17,17,18,17,17,17,17,17,18,19,18,16,15
"15-01-2023",15,14,14,14,14,14,14,14,14,15,17,17,17,18,16,17,17,17,17,19,19,19,17,16
"16-01-2023",15,14,14,14,14,14,14,15,17,18,18,20,19,17,17,17,17,16,16,16,16,16,15,14
"17-01-2023",14,14,14,14,14,14,14,14,14,14,15,16,16,16,16,16,16,16,16,16,16,16,15,14
"18-01-2023",14,14,14,14,14,14,14,14,14,15,16,16,16,16,16,16,16,16,16,17,18,17,15,14
"19-01-2023",14,14,14,14,13,13,14,15,16,16,16,16,16,16,17,16,16,16,16,17,17,17,15,14
"20-01-2023",14,14,14,14,14,14,14,14,14,15,16,16,16,16,17,16,16,16,17,18,18,17,16,15
"21-01-2023",15,15,14,14,14,14,14,14,14,15,16,16,16,16,16,16,16,16,16,17,17,16,15,15
"22-01-2023",15,15,14,14,14,14,15,15,15,15,16,16,17,17,17,17,17,17,17,17,18,18,17,16
"23-01-2023",15,15,14,14,14,14,15,16,17,15,16,17,17,17,17,17,17,16,17,17,17,17,16,15
"24-01-2023",15,15,15,14,14,14,15,15,16,16,16,17,17,17,17,17,17,17,18,18,19,19,18,16
"25-01-2023",15,15,15,15,15,15,15,16,18,17,19,19,17,18,17,17,17,17,17,18,18,17,17,16
"26-01-2023",15,15,15,15,15,15,15,15,15,16,17,17,17,17,18,17,17,17,18,18,18,17,16,16
"27-01-2023",15,15,15,15,15,15,15,15,16,16,17,17,17,17,17,17,17,17,18,19,19,19,18,17
"28-01-2023",16,16,15,15,15,15,15,16,16,16,17,18,18,18,18,18,18,17,17,18,19,19,18,17
"29-01-2023",16,16,16,15,16,15,16,16,16,17,17,18,18,18,18,18,18,18,19,20,21,21,19,18
"30-01-2023",17,16,16,16,16,16,16,17,18,19,20,19,18,18,18,18,18,18,18,19,21,21,19,17
"31-01-2023",17,17,16,16,16,16,16,17,18,19,19,19,18,18,18,18,18,18,19,20,20,19,18,18
"01-02-2023",18,17,17,17,17,17,18,19,21,20,20,19,18,18,18,18,18,19,22,22,22,22,19,18
"02-02-2023",17,17,17,16,16,16,16,18,18,19,20,19,19,19,18,18,18,18,19,21,22,22,19,18
"03-02-2023",17,16,16,16,16,16,16,17,19,20,18,18,20,19,18,18,19,18,20,21,21,20,20,18
"04-02-2023",17,17,17,16,16,16,16,17,16,17,17,17,18,18,19,19,19,19,18,18,18,18,17,17
"05-02-2023",16,16,16,16,16,16,16,16,16,17,18,18,18,18,18,18,18,18,19,20,20,19,18,18
"06-02-2023",17,17,17,16,17,16,17,17,19,19,19,18,18,18,18,18,18,18,19,20,20,20,19,18
"07-02-2023",17,17,17,16,17,17,17,17,19,19,19,19,19,18,18,18,18,19,19,21,23,21,19,17
"08-02-2023",17,17,17,17,17,17,17,17,19,18,19,18,18,18,18,18,19,19,19,20,20,19,18,17
"09-02-2023",17,18,17,17,17,17,18,18,18,18,18,18,18,18,17,19,19,19,20,21,22,20,18,18
"10-02-2023",17,17,16,17,17,17,17,18,18,18,19,18,18,18,18,18,18,18,21,26,26,27,27,21
"11-02-2023",20,19,18,17,17,17,17,18,19,20,18,18,18,18,19,19,19,20,20,24,23,21,22,21
"12-02-2023",18,18,17,17,17,17,17,19,17,18,20,19,19,19,19,18,18,19,21,23,27,24,21,21
"13-02-2023",19,19,19,19,19,19,20,20,20,20,18,18,18,18,18,17,18,18,19,24,25,21,20,20
"14-02-2023",18,18,17,17,17,17,18,18,21,22,20,20,20,19,19,19,19,20,24,26,28,25,21,19
"15-02-2023",18,17,17,17,17,17,18,19,20,22,23,22,22,20,19,20,20,20,21,23,25,24,20,19
"16-02-2023",18,17,17,17,17,17,17,18,20,21,22,20,20,21,20,20,20,20,21,23,22,20,18,17
"17-02-2023",17,17,17,16,17,17,16,17,17,19,20,20,19,18,19,19,19,19,20,20,21,21,19,17
"18-02-2023",17,17,16,16,16,16,17,17,18,19,19,18,18,18,19,19,19,19,19,19,20,19,18,17
"19-02-2023",17,17,16,16,16,17,17,17,17,17,18,18,19,19,19,19,19,19,19,19,20,19,-9999,-9999
"20-02-2023",-9999,-9999,-9999,-9999,-9999,-9999,-9999,-9999,-9999,-9999,-9999,-9999,-9999,-9999,-9999,-9999,-9999,-9999,-9999,-9999,-9999,-9999,-9999,-9999
"21-02-2023",-9999,-9999,-9999,-9999,-9999,-9999,-9999,-9999,-9999,-9999,-9999,-9999,-9999,-9999,-9999,-9999,-9999,-9999,-9999,-9999,-9999,-9999,-9999,-9999
"22-02-2023",-9999,-9999,-9999,-9999,-9999,-9999,-9999,-9999,-9999,-9999,-9999,-9999,-9999,-9999,-9999,-9999,-9999,-9999,-9999,-9999,-9999,-9999,-9999,-9999
"23-02-2023",-9999,-9999,-9999,-9999,-9999,-9999,-9999,-9999,-9999,-9999,-9999,-9999,-9999,-9999,-9999,-9999,-9999,-9999,-9999,-9999,-9999,-9999,-9999,-9999
"24-02-2023",-9999,-9999,-9999,-9999,-9999,-9999,-9999,-9999,-9999,-9999,-9999,-9999,-9999,-9999,-9999,-9999,-9999,-9999,-9999,-9999,-9999,-9999,-9999,-9999
"25-02-2023",-9999,-9999,-9999,-9999,-9999,-9999,-9999,-9999,-9999,-9999,-9999,-9999,-9999,-9999,-9999,-9999,-9999,-9999,-9999,-9999,-9999,-9999,-9999,-9999
"26-02-2023",-9999,-9999,-9999,-9999,-9999,-9999,-9999,-9999,-9999,-9999,-9999,-9999,-9999,-9999,-9999,-9999,-9999,-9999,-9999,-9999,-9999,-9999,-9999,-9999
"27-02-2023",-9999,-9999,-9999,-9999,-9999,-9999,-9999,-9999,-9999,-9999,-9999,-9999,-9999,-9999,-9999,-9999,-9999,-9999,-9999,-9999,-9999,-9999,-9999,-9999
"28-02-2023",-9999,-9999,-9999,-9999,-9999,-9999,-9999,-9999,-9999,-9999,-9999,-9999,-9999,-9999,-9999,-9999,-9999,-9999,-9999,-9999,-9999,-9999,-9999,-9999
"01-03-2023",-9999,-9999,-9999,-9999,-9999,-9999,-9999,-9999,-9999,-9999,-9999,-9999,-9999,-9999,-9999,-9999,-9999,-9999,-9999,-9999,-9999,-9999,-9999,-9999
"02-03-2023",-9999,-9999,-9999,-9999,-9999,-9999,-9999,-9999,-9999,-9999,-9999,-9999,-9999,-9999,-9999,-9999,-9999,-9999,-9999,-9999,-9999,-9999,-9999,-9999
"03-03-2023",-9999,-9999,-9999,-9999,-9999,-9999,-9999,-9999,-9999,-9999,-9999,-9999,-9999,-9999,-9999,-9999,-9999,-9999,-9999,-9999,-9999,-9999,-9999,-9999
"04-03-2023",-9999,-9999,-9999,-9999,-9999,-9999,-9999,-9999,-9999,-9999,-9999,-9999,-9999,-9999,-9999,-9999,-9999,-9999,-9999,-9999,-9999,-9999,-9999,-9999
"05-03-2023",-9999,-9999,-9999,-9999,-9999,-9999,-9999,-9999,-9999,-9999,-9999,-9999,-9999,-9999,-9999,-9999,-9999,-9999,-9999,-9999,-9999,-9999,-9999,-9999
"06-03-2023",-9999,-9999,-9999,-9999,-9999,-9999,-9999,-9999,-9999,-9999,-9999,-9999,-9999,-9999,-9999,-9999,-9999,-9999,-9999,-9999,-9999,-9999,-9999,-9999
"07-03-2023",-9999,-9999,-9999,-9999,-9999,-9999,-9999,-9999,-9999,-9999,-9999,-9999,-9999,-9999,-9999,-9999,-9999,-9999,-9999,-9999,-9999,-9999,-9999,-9999
"08-03-2023",-9999,-9999,-9999,-9999,-9999,-9999,-9999,-9999,-9999,-9999,-9999,-9999,-9999,-9999,-9999,-9999,-9999,-9999,-9999,-9999,-9999,-9999,-9999,-9999
"09-03-2023",-9999,-9999,-9999,-9999,-9999,-9999,-9999,-9999,-9999,-9999,-9999,-9999,-9999,-9999,-9999,-9999,-9999,-9999,-9999,-9999,-9999,-9999,-9999,-9999
"10-03-2023",-9999,-9999,-9999,-9999,-9999,-9999,-9999,-9999,-9999,-9999,-9999,-9999,-9999,-9999,-9999,-9999,-9999,-9999,-9999,-9999,-9999,-9999,-9999,-9999
"11-03-2023",-9999,-9999,-9999,-9999,-9999,-9999,-9999,-9999,-9999,-9999,-9999,-9999,-9999,-9999,-9999,-9999,-9999,-9999,-9999,-9999,-9999,-9999,-9999,-9999
"12-03-2023",-9999,-9999,-9999,-9999,6,6,6,6,6,6,7,8,8,8,8,9,9,9,8,9,9,8,7,6
"13-03-2023",6,6,6,6,6,6,6,7,7,7,8,8,8,8,8,8,8,8,8,9,9,8,7,6
"14-03-2023",6,6,6,6,6,6,6,7,9,8,8,8,9,9,9,8,8,9,9,9,11,11,8,7
"15-03-2023",7,6,6,6,6,6,6,7,7,7,8,8,8,8,8,9,9,9,9,9,9,9,7,6
"16-03-2023",6,6,6,6,6,6,6,6,6,7,8,8,8,8,8,8,8,8,9,9,9,8,7,6
"17-03-2023",6,6,6,6,6,6,6,6,7,7,8,9,9,9,9,9,8,8,9,9,9,9,8,7
"18-03-2023",7,6,6,6,6,6,6,7,7,7,9,9,9,9,9,9,9,9,9,9,10,9,8,8
"19-03-2023",7,7,7,7,7,7,7,7,7,8,9,9,9,9,9,9,9,9,9,10,11,11,9,8
"20-03-2023",7,7,6,6,7,7,6,7,8,8,9,9,9,9,10,9,11,10,9,10,11,10,9,8
"21-03-2023",7,7,7,6,6,7,7,7,7,11,8,9,9,9,9,9,9,9,10,10,10,9,8,7
"22-03-2023",6,6,6,6,6,6,6,7,6,7,8,8,9,10,9,9,9,9,9,10,12,10,8,7
"23-03-2023",7,6,6,6,6,6,6,6,7,7,9,9,9,9,9,9,9,9,9,10,10,9,7,7
"24-03-2023",6,6,6,6,6,6,6,7,7,7,9,9,9,9,9,10,9,10,10,10,10,10,9,7
"25-03-2023",7,7,6,6,6,6,7,7,7,7,8,9,9,10,9,9,9,9,9,9,9,8,7,7
"26-03-2023",6,6,6,6,6,6,6,7,6,7,8,8,9,9,9,9,9,9,9,9,9,9,7,7
"27-03-2023",7,6,6,6,6,6,7,7,7,8,8,9,9,9,9,9,9,9,9,9,9,8,7,6
"28-03-2023",6,6,6,6,6,6,6,6,6,7,8,9,9,9,9,9,9,9,9,9,9,8,8,8
"29-03-2023",7,6,6,7,7,8,8,9,9,9,9,9,10,9,9,9,9,9,9,9,11,10,8,7
"30-03-2023",7,7,7,7,7,7,8,10,9,8,8,8,9,9,9,9,9,9,9,9,9,8,7,7
"31-03-2023",7,6,6,6,7,7,8,9,8,8,9,9,9,9,9,9,9,9,9,9,9,8,7,7
"01-04-2023",7,6,6,7,6,6,6,7,7,7,9,9,9,9,9,9,10,10,10,10,10,9,8,7
"02-04-2023",7,7,7,6,7,6,7,6,6,7,8,8,9,9,9,9,9,9,9,9,9,8,7,7
"03-04-2023",7,7,7,7,7,7,7,8,8,9,10,9,10,10,10,10,10,10,10,10,10,9,8,7
"04-04-2023",7,7,7,7,7,7,7,8,7,8,9,9,10,10,9,9,9,9,9,10,9,9,8,7
"05-04-2023",7,7,7,7,7,7,8,8,-9999,8,9,10,10,10,10,10,9,11,9,9,9,10,9,7
"06-04-2023",7,7,7,6,6,7,7,7,7,7,8,9,10,10,10,10,9,10,10,10,10,10,9,8
"07-04-2023",7,7,7,7,7,7,7,8,8,8,8,9,10,10,10,9,9,9,10,10,10,10,9,8
"08-04-2023",7,7,7,7,7,7,7,7,7,7,8,9,9,9,9,9,10,9,10,9,10,10,9,8
"09-04-2023",7,7,7,7,7,6,7,7,7,7,8,9,10,10,10,10,9,9,10,10,9,9,9,8
"10-04-2023",7,7,7,6,7,7,7,7,7,7,8,9,10,10,10,10,10,10,10,10,10,10,9,7
"11-04-2023",7,7,7,7,7,7,7,7,8,8,9,9,10,10,10,10,10,10,11,10,10,10,8,7
"12-04-2023",7,7,7,7,7,7,7,7,7,7,8,10,10,10,10,10,10,10,10,10,10,10,9,8
"13-04-2023",7,7,7,7,7,7,7,7,7,7,8,9,9,9,10,10,10,9,10,10,10,10,9,7
"14-04-2023",7,7,7,7,7,7,7,7,7,7,8,10,11,10,10,10,9,10,10,10,10,10,9,8
"15-04-2023",7,7,7,7,7,7,7,7,7,7,8,9,10,10,10,10,10,10,10,10,10,10,9,8
"16-04-2023",8,7,7,7,7,7,7,7,7,7,8,9,10,10,10,10,10,10,10,10,10,10,9,8
"17-04-2023",7,7,7,7,7,7,7,7,7,8,8,9,10,10,10,10,10,10,10,10,10,10,9,8
"18-04-2023",8,7,7,7,7,7,8,8,8,7,8,9,10,10,10,10,10,10,11,10,10,10,9,8
"19-04-2023",8,7,7,8,7,7,8,8,8,8,8,9,10,10,10,10,10,10,10,10,10,10,9,8
"20-04-2023",8,7,7,7,7,7,7,8,8,8,9,10,10,-9999,-9999,10,10,10,11,10,10,10,9,8
"21-04-2023",8,8,8,8,8,8,8,8,8,8,8,10,10,10,10,11,11,11,11,11,11,11,9,8
"22-04-2023",8,8,8,8,7,8,8,8,8,8,9,10,11,10,11,11,11,11,11,12,12,11,10,8
"23-04-2023",8,8,8,8,8,8,8,8,8,8,9,10,10,10,11,11,10,10,10,10,10,10,9,8
"24-04-2023",8,8,8,7,8,7,7,8,8,8,8,9,10,10,10,10,10,10,10,10,10,11,10,8
"25-04-2023",8,8,8,8,8,8,8,8,8,8,8,9,10,10,10,10,10,10,10,10,10,10,9,8
"26-04-2023",7,7,7,7,7,7,7,7,7,8,8,9,10,10,10,10,10,10,10,10,10,10,9,8
"27-04-2023",8,8,8,8,8,8,8,8,8,8,9,10,11,11,11,11,10,11,11,11,10,11,10,8
"28-04-2023",8,8,8,8,8,8,8,8,9,9,9,10,11,11,11,11,11,11,12,10,10,10,10,9
"29-04-2023",8,8,8,8,8,8,8,8,8,8,9,10,11,11,11,11,11,11,11,11,10,10,9,9
"30-04-2023",8,8,8,8,8,8,8,8,8,7,8,9,10,10,10,10,10,10,10,10,10,10,9,8
"01-05-2023",8,8,8,8,8,8,8,8,8,8,8,9,10,10,10,10,10,10,10,10,10,10,10,9
"02-05-2023",8,8,8,8,8,8,8,9,9,9,10,10,11,11,11,11,10,10,11,10,11,11,10,9
"03-05-2023",9,8,8,8,8,8,8,9,9,9,10,10,10,10,10,10,10,10,10,11,11,11,10,9
"04-05-2023",8,8,8,8,8,8,8,8,9,9,9,-9999,10,11,11,12,12,11,11,11,11,11,10,9
"05-05-2023",9,8,9,8,8,8,8,9,9,9,9,10,11,11,11,11,11,11,11,11,11,11,10,9
"06-05-2023",9,8,9,9,8,8,9,9,9,9,9,10,10,11,11,11,11,11,11,11,11,11,10,9
"07-05-2023",9,9,8,8,8,9,8,9,9,9,9,10,11,11,11,11,11,11,11,11,11,11,10,9
"08-05-2023",9,9,8,8,8,8,9,9,9,9,9,10,11,11,11,11,11,11,11,11,11,11,10,9
"09-05-2023",9,9,9,9,9,8,9,9,9,9,10,11,11,12,12,12,12,12,12,12,12,12,10,9
"10-05-2023",9,8,9,8,8,8,8,8,9,9,9,10,11,11,11,11,11,11,11,11,11,11,10,9
"11-05-2023",8,8,8,8,8,8,8,8,8,8,9,10,11,11,11,11,11,11,11,11,11,11,10,9
"12-05-2023",8,8,8,8,8,8,8,9,9,9,9,10,11,11,11,11,11,11,11,11,11,11,9,8
"13-05-2023",8,8,8,8,8,9,8,8,8,8,9,10,11,11,11,11,11,11,11,11,11,11,10,9
"14-05-2023",8,8,8,8,8,8,8,8,8,9,10,11,12,12,12,12,12,12,12,13,13,12,12,10
"15-05-2023",10,10,9,9,9,9,9,9,9,9,10,11,13,13,14,14,14,14,14,13,13,14,13,11
"16-05-2023",10,10,10,10,9,9,10,9,9,9,9,10,11,11,11,11,11,11,11,11,11,11,10,9
"17-05-2023",9,8,8,9,9,8,8,9,9,9,9,10,11,11,11,11,11,11,11,11,11,11,10,9
"18-05-2023",8,8,8,8,8,8,9,8,9,8,9,10,11,11,11,11,11,11,11,11,11,11,10,9
"19-05-2023",8,8,8,8,8,8,8,8,8,8,9,10,11,11,11,11,11,11,11,11,11,11,10,8
"20-05-2023",8,8,8,8,8,8,8,9,8,8,9,11,11,11,11,11,11,11,12,11,11,11,10,9
"21-05-2023",9,9,9,8,9,9,9,9,9,8,9,10,11,11,11,11,11,11,11,11,11,11,10,9
"22-05-2023",9,8,8,8,9,9,8,8,9,9,9,11,11,11,11,11,12,12,12,12,11,11,10,9
"23-05-2023",9,9,9,9,9,9,9,9,9,9,10,11,11,11,11,11,11,11,12,11,11,11,10,9
"24-05-2023",9,8,8,8,8,8,9,9,9,9,9,10,11,11,11,11,11,11,11,11,11,12,10,9
"25-05-2023",9,9,9,9,9,8,9,9,9,9,9,10,11,11,11,11,11,11,11,11,11,11,10,9
"26-05-2023",8,8,8,8,8,8,8,9,9,9,10,11,11,12,11,11,11,11,11,11,11,11,10,9
"27-05-2023",8,8,8,8,8,9,8,9,9,9,10,11,12,12,12,12,12,12,12,12,12,12,11,9
"28-05-2023",9,9,9,9,9,9,9,9,9,9,10,11,11,11,11,12,12,12,12,11,12,12,10,9
"29-05-2023",9,9,9,9,8,9,9,9,9,9,9,11,12,12,12,12,12,12,12,11,12,12,10,9
"30-05-2023",9,9,9,9,9,9,9,9,9,9,10,11,11,11,12,12,12,12,11,12,12,12,11,9
"31-05-2023",9,9,9,9,9,9,9,9,9,9,10,11,12,13,13,12,12,12,12,12,12,12,11,9
"01-06-2023",9,9,9,8,9,9,9,9,9,9,10,11,12,13,13,13,13,13,13,13,12,12,11,9
"02-06-2023",9,9,9,9,9,9,9,9,9,10,11,12,13,13,13,12,13,13,13,13,12,12,11,9
"03-06-2023",9,9,9,9,8,9,10,9,9,9,10,12,12,13,13,13,13,13,12,12,12,-9999,-9999,-9999
"04-06-2023",-9999,-9999,-9999,-9999,-9999,-9999,-9999,-9999,-9999,-9999,-9999,-9999,-9999,-9999,-9999,-9999,-9999,-9999,-9999,-9999,-9999,-9999,-9999,-9999
"05-06-2023",-9999,-9999,-9999,-9999,-9999,-9999,-9999,-9999,-9999,-9999,-9999,-9999,-9999,-9999,-9999,-9999,-9999,-9999,-9999,-9999,-9999,-9999,-9999,-9999
"06-06-2023",-9999,-9999,-9999,-9999,-9999,-9999,-9999,-9999,-9999,-9999,-9999,-9999,-9999,-9999,-9999,-9999,-9999,-9999,-9999,-9999,-9999,-9999,-9999,-9999
"07-06-2023",-9999,-9999,-9999,-9999,-9999,-9999,-9999,-9999,-9999,-9999,10,12,-9999,13,13,13,13,12,12,12,12,12,11,9
"08-06-2023",9,9,9,9,9,9,9,9,9,9,10,11,12,12,12,12,12,13,13,13,13,12,11,10
"09-06-2023",9,9,9,9,9,9,9,10,-9999,-9999,-9999,-9999,-9999,-9999,-9999,-9999,-9999,-9999,-9999,-9999,-9999,-9999,-9999,-9999
"10-06-2023",-9999,-9999,-9999,-9999,-9999,-9999,-9999,-9999,-9999,-9999,-9999,-9999,-9999,-9999,-9999,-9999,-9999,-9999,-9999,-9999,-9999,-9999,-9999,-9999
"11-06-2023",-9999,-9999,-9999,-9999,-9999,-9999,-9999,-9999,-9999,-9999,-9999,-9999,-9999,-9999,-9999,-9999,-9999,-9999,-9999,-9999,-9999,-9999,-9999,-9999
"12-06-2023",-9999,-9999,-9999,-9999,-9999,-9999,-9999,-9999,-9999,-9999,-9999,-9999,-9999,-9999,-9999,13,13,12,12,12,12,12,11,9
"13-06-2023",9,9,8,8,8,8,9,9,8,8,9,11,11,12,12,12,12,12,12,12,12,12,11,9
"14-06-2023",9,9,8,9,8,9,8,9,9,9,10,11,11,12,12,12,12,12,12,12,12,12,11,9
"15-06-2023",9,9,9,9,8,9,9,9,8,9,10,11,11,12,12,12,12,12,12,12,12,12,10,9
"16-06-2023",9,9,8,8,9,9,9,9,9,9,9,11,12,12,12,12,12,12,12,12,12,12,11,9
"17-06-2023",9,9,9,8,8,8,8,8,8,8,10,11,11,12,12,12,12,12,12,12,12,12,10,9
"18-06-2023",9,8,9,9,9,9,9,9,9,9,10,11,12,12,12,12,12,12,12,12,12,12,11,9
"19-06-2023",9,9,9,9,9,9,9,9,9,9,10,11,11,11,12,12,12,12,12,12,12,12,10,9
"20-06-2023",9,9,8,9,9,8,8,9,9,9,10,11,12,12,12,12,12,12,12,12,12,12,11,9
"21-06-2023",9,9,9,9,9,8,9,9,9,9,10,11,11,12,12,12,12,12,12,12,12,12,11,9
"22-06-2023",9,9,9,9,9,9,9,9,9,9,10,11,12,12,12,12,12,12,12,12,12,12,11,9
"23-06-2023",9,9,9,9,9,9,9,9,9,9,10,11,12,12,12,12,12,12,13,12,12,12,11,10
"24-06-2023",9,9,9,9,9,9,9,9,9,9,10,11,12,12,12,12,12,12,12,12,12,12,11,9
"25-06-2023",9,9,9,9,9,9,9,9,9,9,10,11,12,12,12,12,12,12,12,12,12,12,11,9
"26-06-2023",9,9,9,9,9,9,9,9,9,9,10,11,12,12,12,12,12,12,12,12,12,12,11,10
"27-06-2023",9,9,9,9,9,9,9,9,9,9,11,12,12,12,12,13,12,12,12,12,12,12,11,10
"28-06-2023",9,10,9,9,9,9,9,9,9,9,10,11,12,12,12,12,12,12,12,12,12,12,11,10
"29-06-2023",9,9,9,9,9,9,9,9,9,9,11,12,12,13,13,13,12,12,12,12,13,12,11,10
"30-06-2023",9,9,9,9,9,9,9,9,10,9,11,12,12,12,12,12,13,13,13,13,12,13,11,10
"01-07-2023",9,9,10,9,9,9,9,9,9,10,11,12,12,12,13,13,13,13,13,13,13,13,12,10
"02-07-2023",10,10,10,10,10,10,10,10,9,10,11,12,12,12,12,13,13,12,13,13,13,13,12,10
"03-07-2023",10,10,10,10,10,10,10,10,10,10,11,12,12,13,13,13,13,13,13,13,13,13,12,10
"04-07-2023",10,10,10,10,10,10,10,10,10,10,11,12,12,13,13,13,13,13,13,13,13,13,12,10
"05-07-2023",10,10,9,10,10,10,10,10,10,10,11,12,-9999,-9999,5,3,3,3,3,2,2,2,2,2
"06-07-2023",2,2,2,2,2,2,2,2,2,2,3,2,2,2,2,2,2,2,2,2,2,2,2,2
"07-07-2023",2,2,2,2,2,2,2,2,2,2,3,2,2,2,2,2,2,2,3,2,2,2,2,2
"08-07-2023",2,2,2,2,2,2,2,2,2,2,2,2,2,2,2,2,2,2,2,2,2,2,2,2
"09-07-2023",2,2,2,2,2,2,2,2,2,2,3,2,2,2,3,3,2,2,2,2,2,2,2,2
"10-07-2023",2,2,2,2,2,2,2,2,2,2,3,2,3,3,3,3,3,2,3,2,2,2,2,2
"11-07-2023",2,2,2,2,2,2,2,2,2,2,3,2,2,2,2,2,2,2,2,3,2,2,2,2
"12-07-2023",2,2,2,2,2,2,2,2,2,2,3,2,2,2,2,2,2,2,2,2,2,2,2,2
"13-07-2023",2,2,2,2,2,2,2,2,2,2,3,2,3,2,2,2,3,3,3,3,3,2,2,2
"14-07-2023",2,2,2,2,2,2,2,2,2,2,3,3,2,3,3,3,3,3,3,3,2,2,2,2
"15-07-2023",2,2,2,2,2,2,2,2,2,2,2,2,2,2,2,2,3,3,3,3,3,3,2,2
"16-07-2023",2,2,2,2,2,2,2,2,2,2,3,3,3,3,4,4,4,4,4,4,4,3,3,2
"17-07-2023",2,2,2,2,2,2,2,2,2,2,3,3,3,3,3,3,3,4,4,4,4,3,3,2
"18-07-2023",2,2,2,2,2,2,2,2,2,2,3,4,4,4,4,4,4,4,4,4,3,3,2,2
"19-07-2023",2,2,2,2,2,2,2,2,2,2,3,3,4,4,4,4,4,4,4,4,3,3,2,2
"20-07-2023",2,2,2,2,2,2,2,2,2,2,3,3,2,3,3,3,3,3,3,3,3,2,2,2
"21-07-2023",2,2,2,2,2,2,2,2,2,2,2,2,2,2,3,3,3,3,3,3,3,2,2,2
"22-07-2023",2,2,2,2,2,2,2,2,2,2,3,2,2,3,3,3,3,3,4,3,3,3,3,2
"23-07-2023",2,2,2,2,2,2,3,2,2,2,2,2,2,3,3,3,3,4,4,4,3,3,3,3
"24-07-2023",2,2,2,2,2,2,2,2,2,2,2,2,2,3,3,3,3,3,3,3,3,3,2,2
"25-07-2023",2,2,2,2,2,2,2,2,2,2,3,3,3,3,3,3,3,4,3,3,3,3,3,2
"26-07-2023",2,2,2,2,2,2,2,2,2,2,2,2,3,3,3,3,3,3,3,3,3,2,2,2
"27-07-2023",2,2,2,2,2,2,2,2,2,2,2,2,2,2,2,2,2,2,2,2,2,2,2,2
"28-07-2023",2,2,2,2,2,2,2,2,2,2,2,2,2,2,2,2,2,2,3,2,2,2,2,2
"29-07-2023",2,2,2,2,2,2,2,2,2,2,3,2,2,2,2,2,2,2,2,2,2,2,2,2
"30-07-2023",2,2,2,2,2,3,2,2,2,2,3,2,2,3,3,3,3,3,3,3,3,3,3,2
"31-07-2023",2,2,2,2,2,2,2,3,2,2,3,2,3,3,3,3,3,3,3,3,3,2,2,2
"01-08-2023",2,2,2,2,2,2,2,2,2,2,2,2,2,2,3,3,3,3,3,2,2,2,2,2
"02-08-2023",2,2,2,2,2,2,2,2,2,2,2,2,2,2,3,2,2,2,2,2,2,2,2,2
"03-08-2023",2,2,2,2,2,2,2,2,2,2,2,2,3,3,2,2,2,2,2,3,2,2,2,2
"04-08-2023",2,2,2,2,2,2,2,2,2,2,3,3,3,3,3,3,3,3,3,3,3,3,2,2
"05-08-2023",2,2,2,2,2,2,2,2,3,2,3,3,3,3,3,3,3,3,3,3,3,3,2,2
"06-08-2023",2,2,2,2,2,3,3,3,3,3,3,3,3,3,3,3,3,3,3,3,3,3,3,3
"07-08-2023",3,3,3,3,3,3,3,3,3,3,3,3,3,3,3,3,3,3,3,3,3,3,3,3
"08-08-2023",3,3,3,3,3,3,3,3,3,3,3,3,3,3,3,3,3,3,3,3,3,3,3,3
"09-08-2023",3,3,3,3,3,3,3,3,3,3,3,3,3,3,4,3,3,3,3,3,3,3,3,3
"10-08-2023",3,3,3,3,3,3,3,3,3,3,3,3,3,3,3,3,3,3,3,3,3,3,3,3
"11-08-2023",3,3,3,3,3,3,3,3,3,3,3,3,3,3,3,3,3,3,3,3,3,3,3,3
"12-08-2023",3,3,3,3,3,3,3,3,3,3,3,3,3,3,3,3,3,3,3,3,3,3,3,3
"13-08-2023",3,3,3,3,3,3,3,3,3,3,3,3,3,3,3,3,3,3,3,3,2,2,2,2
"14-08-2023",3,3,2,2,2,2,2,2,3,3,3,3,3,3,3,2,3,3,3,3,3,3,2,3
"15-08-2023",2,3,2,2,3,2,3,3,3,3,3,3,3,3,3,3,3,3,3,3,3,3,3,3
"16-08-2023",3,3,3,3,3,3,3,3,3,3,3,3,3,3,3,3,3,3,3,3,3,3,3,3
"17-08-2023",3,3,3,3,3,3,3,3,3,3,3,3,3,3,3,3,3,3,3,3,3,3,3,3
"18-08-2023",3,3,3,3,3,3,3,3,4,3,3,3,3,3,3,3,3,3,3,3,3,3,3,3
"19-08-2023",3,3,3,3,3,3,3,3,3,3,3,3,3,3,3,3,3,3,3,3,3,3,3,2
"20-08-2023",2,2,3,3,2,3,2,3,3,3,3,3,3,3,3,3,3,3,3,3,3,3,3,3
"21-08-2023",3,3,3,3,3,3,3,3,3,3,3,3,3,3,4,4,4,4,4,4,4,3,3,3
"22-08-2023",3,3,3,3,2,3,3,3,3,3,3,3,4,4,4,4,4,5,5,5,5,4,4,3
"23-08-2023",3,3,3,3,2,2,3,2,3,3,3,3,3,3,4,4,4,5,5,5,5,4,3,3
"24-08-2023",3,3,2,2,2,2,2,2,3,3,3,3,3,3,3,3,4,4,4,4,3,3,3,3
"25-08-2023",2,2,2,2,2,3,2,3,3,3,3,3,3,3,3,3,3,3,3,3,3,3,3,2
"26-08-2023",3,2,2,2,2,3,2,2,2,2,3,2,2,3,2,2,2,3,2,3,3,3,3,2
"27-08-2023",3,2,3,2,2,3,3,3,3,3,3,3,3,3,3,3,3,3,3,3,3,3,3,2
"28-08-2023",2,3,2,3,3,2,2,3,3,2,3,3,3,3,3,3,3,3,3,3,3,3,3,3
"29-08-2023",3,3,2,3,2,3,3,3,3,3,3,3,3,3,3,3,3,3,3,3,3,3,3,3
"30-08-2023",3,3,3,3,3,3,3,3,3,3,3,3,3,3,3,3,3,3,3,3,3,3,3,2
"31-08-2023",3,3,3,3,3,3,3,3,3,3,3,3,3,3,3,3,3,3,3,3,3,3,3,3
"01-09-2023",3,3,3,3,3,3,3,3,3,3,3,3,3,3,3,3,3,3,3,3,3,3,3,3
"02-09-2023",2,2,2,2,2,3,2,3,2,2,3,3,3,3,3,3,3,2,3,3,3,3,3,3
"03-09-2023",3,3,3,3,3,3,3,3,3,3,3,3,3,3,3,3,3,3,3,3,3,3,3,2
"04-09-2023",3,2,3,3,3,3,2,3,3,3,3,3,3,3,3,3,3,3,3,2,2,2,2,2
"05-09-2023",2,2,2,2,2,2,2,2,2,2,3,3,3,3,2,2,2,2,2,2,3,2,2,2
"06-09-2023",2,2,2,2,4,8,9,10,10,10,11,13,13,13,13,13,13,13,13,13,13,13,12,10
"07-09-2023",9,9,9,9,9,9,9,10,10,10,11,13,13,13,13,13,13,13,12,13,13,13,11,10
"08-09-2023",10,10,10,10,10,10,10,10,10,10,11,13,13,13,14,13,13,14,14,14,14,14,12,10
"09-09-2023",10,10,10,10,10,10,10,10,10,10,11,12,13,13,13,13,13,13,13,13,13,13,12,10
"10-09-2023",10,10,10,10,10,10,10,10,10,9,11,12,13,13,13,13,13,14,13,13,14,13,12,11
"11-09-2023",10,10,10,10,10,10,10,10,10,10,12,13,13,14,13,14,14,14,14,14,14,14,12,11
"12-09-2023",10,10,10,10,10,10,10,10,11,10,11,12,13,13,14,13,13,14,14,13,14,14,12,11
"13-09-2023",10,10,10,10,10,10,10,11,10,11,11,12,13,13,13,13,13,14,13,14,14,14,12,11
"14-09-2023",10,10,10,10,10,10,10,10,11,11,11,12,13,13,14,14,14,14,14,14,14,14,13,11
"15-09-2023",11,11,10,10,10,10,11,10,11,10,12,13,13,14,14,14,14,14,14,14,14,14,13,11
"16-09-2023",11,11,11,11,11,11,11,11,11,11,12,13,14,14,14,14,14,14,14,14,14,14,13,11
"17-09-2023",11,11,11,11,11,11,11,11,11,11,12,13,14,14,14,14,14,15,14,14,14,14,13,11
"18-09-2023",11,11,11,11,11,11,11,11,12,11,12,14,14,14,14,14,15,15,15,15,15,15,13,12
"19-09-2023",11,11,11,11,11,11,11,11,11,11,12,14,15,15,15,15,15,15,15,15,15,14,13,12
"20-09-2023",11,11,11,11,11,11,11,11,11,11,12,14,14,14,15,15,15,15,14,14,14,14,13,11
"21-09-2023",11,11,11,11,11,11,11,11,11,11,13,13,14,14,14,14,14,14,14,14,14,14,13,11
"22-09-2023",11,11,11,11,11,11,11,11,12,12,12,13,14,14,14,15,15,15,15,15,14,14,14,12
"23-09-2023",11,11,11,11,11,11,11,11,11,11,12,13,14,15,15,14,14,14,14,15,14,15,14,12
"24-09-2023",11,11,11,11,11,11,11,11,11,11,12,13,14,14,14,14,15,15,14,15,14,14,13,11
"25-09-2023",11,11,11,11,11,11,11,11,12,11,13,13,14,14,15,15,15,15,14,14,14,14,13,11
"26-09-2023",11,11,11,11,11,11,11,12,12,12,13,13,14,14,15,14,15,14,14,14,15,14,13,12
"27-09-2023",11,11,11,11,11,11,12,12,12,12,13,14,14,14,15,15,15,14,14,14,14,14,13,12
"28-09-2023",11,11,11,11,11,11,11,12,12,12,13,14,15,15,15,14,14,14,14,14,14,14,13,12
"29-09-2023",11,11,11,11,11,11,12,12,12,12,12,13,14,14,14,14,15,14,14,14,14,14,13,12
"30-09-2023",11,11,11,11,12,11,12,12,11,12,12,13,14,14,14,14,14,14,14,14,14,14,13,12
"01-10-2023",12,11,11,11,11,12,12,12,12,12,12,13,14,14,14,14,15,14,14,14,15,15,14,12
"02-10-2023",12,11,11,11,12,12,12,12,13,12,13,14,14,14,14,14,14,14,14,14,14,14,13,12
"03-10-2023",11,11,11,11,11,11,11,12,13,12,13,13,14,14,14,14,14,14,14,14,14,14,13,12
"04-10-2023",11,11,11,11,11,11,11,11,12,12,12,-9999,-9999,-9999,9,7,6,6,6,6,6,6,5,4
"05-10-2023",4,4,4,4,4,4,4,4,5,4,5,5,5,5,5,5,5,5,6,6,6,6,5,4
"06-10-2023",4,4,4,4,4,4,4,4,4,4,4,5,5,5,6,6,6,6,6,6,6,6,5,4
"07-10-2023",4,4,3,3,3,4,4,4,4,4,5,5,5,6,6,6,6,6,6,6,6,6,5,4
"08-10-2023",4,4,4,3,4,4,4,4,4,4,4,5,5,5,6,6,6,6,6,6,6,6,5,4
"09-10-2023",4,4,4,4,4,4,4,4,5,5,5,6,6,6,6,7,7,6,6,6,6,6,5,4
"10-10-2023",4,4,4,4,4,4,4,5,5,4,5,5,5,6,6,6,6,6,6,6,7,6,6,4
"11-10-2023",4,4,4,4,4,4,4,5,6,5,5,5,6,6,6,6,6,6,6,6,6,6,5,4
"12-10-2023",4,4,4,4,4,4,4,4,5,5,5,6,6,6,6,6,6,6,6,6,6,7,6,5
"13-10-2023",4,4,4,4,4,4,4,5,5,5,5,6,6,6,6,6,6,6,6,6,6,6,5,4
"14-10-2023",4,4,4,4,4,4,4,4,5,4,5,6,6,6,6,6,6,6,6,6,6,6,6,5
"15-10-2023",4,4,4,4,4,4,4,4,4,4,5,6,6,6,6,6,6,6,6,6,6,6,6,5
"16-10-2023",4,4,4,4,4,4,4,5,4,4,5,6,6,6,6,6,6,6,6,6,6,6,6,4
"17-10-2023",4,4,4,4,4,4,4,4,4,4,5,6,6,6,6,6,6,6,6,7,6,7,6,5
"18-10-2023",4,4,4,4,4,4,5,5,5,5,5,5,6,6,7,6,7,7,6,6,6,6,5,4
"19-10-2023",4,4,3,4,4,4,4,5,5,4,5,5,6,6,6,6,6,6,6,6,7,6,5,4
"20-10-2023",4,4,4,4,4,4,4,4,5,5,5,6,6,6,6,6,6,6,7,7,7,7,5,4
"21-10-2023",4,4,4,4,3,4,4,3,4,5,5,5,6,6,6,6,6,6,7,7,7,7,5,4
"22-10-2023",4,4,4,4,4,4,4,4,4,4,5,6,6,6,6,6,6,6,6,6,6,6,6,5
"23-10-2023",5,4,4,4,4,4,4,5,6,6,6,6,6,6,6,6,6,7,6,7,7,6,5,4
"24-10-2023",4,4,4,4,4,4,4,5,5,4,5,5,6,6,6,7,7,7,7,7,7,6,5,4
"25-10-2023",4,4,4,4,4,4,4,4,5,4,5,5,6,6,6,6,6,7,7,6,6,6,5,4
"26-10-2023",4,4,4,4,4,4,4,4,6,5,5,6,6,6,6,6,6,6,6,7,6,6,6,4
"27-10-2023",4,4,4,4,4,4,4,4,5,5,5,5,6,6,7,7,7,7,7,7,6,6,5,4
"28-10-2023",4,4,4,4,4,4,5,4,4,4,5,5,6,6,6,7,7,7,7,6,6,6,6,5
"29-10-2023",4,4,4,4,4,4,4,4,4,4,5,5,6,6,6,6,6,7,7,7,6,6,6,5
"30-10-2023",4,4,4,4,4,4,5,5,5,5,5,6,6,6,6,6,7,7,7,7,7,7,6,5
"31-10-2023",4,4,4,4,4,4,4,4,5,5,5,6,6,6,7,7,7,7,7,7,7,7,6,4
"01-11-2023",4,4,4,4,4,4,4,4,5,5,5,6,6,6,7,7,7,7,7,7,7,7,6,5
"02-11-2023",4,4,4,4,4,4,4,4,4,4,6,6,6,7,7,7,7,7,7,7,6,6,5,4
"03-11-2023",4,4,4,4,4,4,4,5,5,5,6,6,6,7,7,7,7,7,7,7,7,6,5,4
"04-11-2023",4,5,5,5,5,5,5,5,5,5,6,7,6,6,6,6,6,6,6,6,6,6,5,5
"05-11-2023",4,5,5,5,5,5,4,5,5,5,6,6,6,6,6,7,7,7,6,7,7,6,5,5
"06-11-2023",4,5,5,5,5,4,5,5,5,6,6,7,7,7,7,7,7,7,7,7,7,6,5,5
"07-11-2023",4,4,4,5,4,4,5,5,5,5,5,6,6,6,7,7,7,7,7,7,7,6,5,4
"08-11-2023",4,4,4,4,4,4,5,5,6,6,6,6,6,6,7,7,7,7,7,6,6,6,5,4
"09-11-2023",4,4,4,4,4,4,4,5,5,5,6,6,6,6,7,6,6,6,7,7,7,6,5,4
"10-11-2023",4,5,4,5,4,4,5,5,5,5,6,6,6,6,6,6,6,6,7,7,7,7,5,4
"11-11-2023",4,4,5,4,4,5,5,5,4,5,6,6,7,6,6,7,7,6,6,6,6,6,5,5
"12-11-2023",5,5,5,5,5,5,5,5,5,5,6,6,6,7,7,7,6,6,7,7,7,6,5,5
"13-11-2023",5,5,5,5,5,5,5,5,5,6,6,6,7,7,7,6,6,7,7,7,7,6,5,5
"14-11-2023",5,5,5,5,5,5,5,5,5,6,6,6,6,7,7,7,7,7,7,7,7,6,5,5
"15-11-2023",5,5,5,5,5,5,5,6,6,7,7,6,7,7,7,7,7,7,7,7,7,7,6,5
"16-11-2023",5,5,5,5,5,5,5,5,6,6,6,6,6,6,7,7,7,7,7,7,7,6,6,5
"17-11-2023",5,5,5,5,5,5,5,5,5,6,6,6,6,7,7,7,7,7,6,6,6,6,5,5
"18-11-2023",5,5,5,5,5,5,5,5,5,6,6,6,7,7,7,7,7,7,7,7,7,7,6,6
"19-11-2023",5,5,5,5,5,5,5,6,6,6,6,6,6,7,7,7,7,7,7,7,7,7,6,6
"20-11-2023",6,6,6,6,6,6,6,6,6,7,7,6,7,7,7,6,6,6,7,7,7,6,5,5
"21-11-2023",5,5,5,5,5,5,5,6,6,7,7,6,-9999,-9999,-9999,5,5,5,5,6,6,5,5,5
"22-11-2023",4,4,4,4,4,4,4,5,5,5,5,5,5,5,5,5,5,5,5,5,5,5,5,5
"23-11-2023",4,4,4,4,4,4,4,5,8,8,6,5,5,5,5,5,5,5,5,6,5,6,5,5
"24-11-2023",4,4,4,4,4,4,4,5,6,6,5,5,4,4,5,4,5,5,5,5,5,5,5,5
"25-11-2023",5,5,4,5,4,5,5,5,5,5,5,5,5,5,5,5,5,5,5,5,5,5,5,5
"26-11-2023",5,5,5,5,6,6,5,6,6,4,4,4,4,4,4,4,4,4,4,4,4,5,5,5
"27-11-2023",5,5,4,4,4,4,5,5,6,5,4,4,4,4,4,4,4,5,4,5,5,5,5,4
"28-11-2023",4,4,4,4,4,5,4,5,6,5,4,4,4,4,4,4,4,4,4,4,4,4,5,5
"29-11-2023",4,4,4,4,4,5,5,5,5,5,5,5,5,5,5,5,5,4,5,5,5,5,5,5
"30-11-2023",4,4,4,4,5,4,5,5,5,5,4,4,4,4,4,4,4,4,4,5,5,5,5,5
"01-12-2023",5,5,5,5,5,5,5,5,5,5,4,4,5,4,5,4,4,5,5,6,5,5,5,4
"02-12-2023",4,4,4,4,4,4,4,6,5,6,5,4,4,4,4,4,4,4,4,4,4,4,4,4
"03-12-2023",4,4,4,4,4,4,5,4,4,4,4,4,4,4,4,4,4,4,4,4,4,4,4,4
"04-12-2023",4,4,4,4,4,4,4,5,5,4,4,4,4,4,4,4,4,4,5,4,5,6,5,4
"05-12-2023",4,4,4,4,4,4,5,5,5,5,4,4,4,4,4,5,4,5,5,5,4,4,4,4
"06-12-2023",4,4,4,4,4,4,5,5,5,5,4,5,4,5,4,4,4,5,4,4,5,5,5,5
"07-12-2023",5,5,5,5,5,5,5,6,6,5,5,4,5,5,5,4,4,5,4,4,4,5,5,5
"08-12-2023",5,5,5,5,5,5,5,5,6,5,5,5,5,5,5,5,5,5,5,6,5,6,6,5
"09-12-2023",5,5,5,5,5,5,5,7,6,5,4,4,4,4,4,4,4,4,4,4,4,6,6,6
"10-12-2023",6,5,5,5,4,4,6,6,6,4,4,4,4,4,4,4,4,4,4,3,3,4,5,5
"11-12-2023",4,4,4,4,4,4,5,5,6,8,5,4,4,4,4,4,4,4,4,4,4,4,4,4
"12-12-2023",4,4,4,4,4,3,4,4,6,6,4,4,4,4,4,3,4,4,5,5,5,5,5,5
"13-12-2023",4,4,5,4,4,4,5,5,7,6,4,3,4,4,4,4,4,6,5,5,6,5,6,4
"14-12-2023",4,4,4,3,4,4,4,5,5,5,5,4,4,5,5,5,5,5,5,5,5,5,5,4
"15-12-2023",5,4,4,4,4,5,5,6,6,5,5,5,5,5,5,5,5,5,5,6,6,5,5,5
"16-12-2023",5,5,4,4,5,5,5,5,5,4,4,4,4,4,4,4,4,4,5,4,4,4,5,5
"17-12-2023",5,4,5,5,5,5,5,5,5,4,4,3,4,4,4,4,4,4,4,5,5,6,6,6
"18-12-2023",5,5,5,5,5,5,5,6,7,6,5,4,4,4,5,4,5,5,6,7,8,7,8,7
"19-12-2023",7,6,6,5,5,5,5,7,9,7,6,6,5,4,4,4,4,6,7,7,7,9,8,6
"20-12-2023",6,6,5,4,4,4,4,6,7,5,5,5,5,6,6,6,6,5,5,6,6,8,7,7
"21-12-2023",6,5,5,5,5,5,5,7,7,7,6,5,4,4,4,5,5,5,5,5,5,6,5,5
"22-12-2023",5,4,4,4,4,4,4,4,5,4,3,3,3,3,4,4,3,3,4,4,4,4,4,4
"23-12-2023",4,4,4,4,4,4,4,4,4,4,4,3,3,3,3,3,3,3,4,4,4,4,5,4
"24-12-2023",4,4,4,4,4,4,4,4,4,4,3,3,3,3,3,3,3,3,4,4,4,5,5,5
"25-12-2023",5,4,4,4,4,4,4,4,4,3,3,3,3,3,3,3,3,4,4,4,4,4,5,5
"26-12-2023",4,4,4,4,4,4,4,4,4,3,4,3,3,3,4,4,4,4,4,4,4,5,5,5
"27-12-2023",5,5,5,4,4,4,4,5,5,4,4,4,4,4,4,4,4,4,4,5,5,7,7,6
"28-12-2023",5,5,5,4,4,5,5,5,6,5,5,5,4,5,4,4,4,4,5,5,6,6,6,5
"29-12-2023",5,5,5,5,4,5,5,5,6,5,4,4,4,3,4,4,4,4,4,5,4,5,6,5
"30-12-2023",5,5,5,5,5,4,7,5,5,4,4,3,4,3,3,4,4,4,4,5,5,6,6,6
"31-12-2023",5,5,5,5,4,4,5,4,5,4,4,4,3,3,3,3,3,4,4,5,4,5,5,5

