"01-01-2021",3,4,3,2,2,3,3,2,5,4,7,4,4,4,4,4,6,32,39,38,48,59,38,10
"02-01-2021",8,4,3,3,2,3,6,7,9,5,6,4,5,5,4,9,17,32,20,14,19,29,6,5
"03-01-2021",3,3,4,3,3,3,3,6,7,15,11,12,5,6,6,5,9,27,15,21,32,20,21,17
"04-01-2021",9,6,5,4,3,4,23,11,12,17,12,15,15,16,9,30,31,15,13,11,16,9,8,5
"05-01-2021",4,3,3,2,2,5,27,25,33,47,32,36,24,8,22,18,35,29,22,21,15,11,6,6
"06-01-2021",3,4,3,3,3,3,4,5,6,7,8,9,9,13,10,13,24,30,9,12,8,4,6,5
"07-01-2021",3,4,3,3,3,4,13,17,20,33,19,15,19,25,19,14,14,26,22,30,65,85,31,17
"08-01-2021",4,4,4,4,4,6,24,13,10,36,5,10,14,11,20,8,10,34,17,23,14,15,11,5
"09-01-2021",5,6,3,3,3,6,9,19,13,9,31,18,6,7,10,12,6,16,29,44,35,33,15,10
"10-01-2021",6,5,6,4,4,4,5,6,7,5,6,6,8,8,28,39,51,35,61,44,49,25,12,10
"11-01-2021",15,3,2,2,3,3,5,11,10,7,18,13,11,17,17,7,9,7,13,7,11,11,6,5
"12-01-2021",4,3,3,2,2,5,8,13,23,14,5,9,19,23,24,6,4,3,3,3,4,3,3,2
"13-01-2021",2,2,2,2,4,6,16,27,50,15,31,18,6,21,9,21,13,3,4,5,7,5,3,4
"14-01-2021",3,3,3,2,2,5,12,16,97,62,44,29,48,17,22,19,12,17,20,21,18,7,8,4
"15-01-2021",3,3,3,2,3,5,20,47,32,41,17,12,10,8,10,7,5,5,8,7,7,4,3,3
"16-01-2021",4,2,2,2,2,2,2,3,5,7,9,10,9,10,11,7,4,6,7,11,16,14,7,6
"17-01-2021",4,3,5,4,2,2,2,3,6,5,4,4,5,7,6,4,7,10,21,26,30,12,7,10
"18-01-2021",3,3,2,2,2,3,4,13,23,12,8,11,23,29,13,16,10,15,24,52,60,23,24,12
"19-01-2021",5,3,2,2,2,2,13,46,72,66,32,22,9,7,12,18,21,41,37,50,54,57,15,11
"20-01-2021",6,4,4,5,2,6,17,40,80,148,143,43,17,11,23,14,26,51,52,69,80,27,18,30
"21-01-2021",13,5,3,4,4,5,12,27,36,34,38,29,20,31,42,22,19,21,31,47,69,24,13,8
"22-01-2021",5,5,4,3,4,7,10,29,36,38,54,76,58,37,39,38,31,21,24,49,29,19,45,26
"23-01-2021",8,6,5,3,3,7,8,13,13,19,23,18,14,20,16,14,9,10,9,10,10,9,6,4
"24-01-2021",3,3,4,2,2,2,2,5,5,6,7,8,7,14,8,7,10,9,11,11,9,6,4,5
"25-01-2021",3,3,2,2,2,4,3,3,4,25,8,7,5,5,5,4,4,4,14,29,29,13,7,8
"26-01-2021",3,3,2,2,2,4,6,9,16,19,22,17,21,20,22,10,15,23,12,5,16,3,2,2
"27-01-2021",2,2,2,2,2,2,3,12,20,19,12,9,7,7,8,8,6,5,5,4,4,4,4,4
"28-01-2021",4,3,3,3,2,5,11,35,40,34,13,8,8,6,17,10,13,15,40,37,48,12,7,6
"29-01-2021",3,3,2,2,3,8,10,47,85,78,23,8,14,22,67,17,20,50,101,108,114,47,11,10
"30-01-2021",4,3,3,3,3,4,5,9,8,16,14,5,7,4,4,7,4,6,6,12,9,11,8,6
"31-01-2021",4,4,2,2,3,4,4,6,14,22,12,6,5,7,5,5,5,6,4,6,6,8,6,5
"01-02-2021",4,4,6,3,2,4,16,25,39,40,43,42,24,12,20,30,21,18,13,8,12,9,9,6
"02-02-2021",3,3,3,3,2,7,25,87,153,113,66,62,53,57,40,31,60,117,65,61,76,57,36,29
"03-02-2021",15,12,11,5,5,7,46,85,160,149,48,19,18,22,12,24,7,8,62,31,17,13,10,5
"04-02-2021",4,3,3,3,3,15,28,35,74,66,14,6,7,7,13,33,16,6,16,28,21,17,12,6
"05-02-2021",4,3,3,3,5,5,15,29,57,60,31,6,9,8,6,5,10,22,29,23,20,21,14,11
"06-02-2021",6,4,4,3,3,6,10,20,30,20,14,6,4,6,4,6,15,8,22,18,14,17,11,8
"07-02-2021",5,4,3,4,3,3,4,6,7,8,6,4,9,5,10,24,45,32,28,21,20,6,8,6
"08-02-2021",3,3,3,3,2,3,6,10,40,27,19,17,14,5,4,10,5,6,10,7,7,7,6,4
"09-02-2021",4,3,3,3,3,4,7,11,16,19,13,15,10,9,12,15,21,11,7,6,6,6,6,5
"10-02-2021",3,3,2,2,2,3,10,14,26,29,19,6,4,4,5,4,6,11,7,7,13,6,13,9
"11-02-2021",6,4,4,3,2,4,17,10,16,24,13,15,5,6,5,7,16,14,8,7,8,5,9,8
"12-02-2021",3,3,3,3,4,4,9,26,42,33,11,6,6,8,7,7,7,7,3,5,11,11,10,7
"13-02-2021",4,3,4,3,3,3,5,16,34,22,23,16,18,25,18,6,5,6,5,6,8,12,8,5
"14-02-2021",3,2,2,2,2,2,2,2,2,3,6,10,22,7,6,5,5,7,7,12,11,5,4,3
"15-02-2021",2,2,2,3,5,3,3,5,5,4,4,4,5,5,4,4,3,4,3,3,3,3,3,3
"16-02-2021",2,2,2,2,1,2,5,7,10,7,9,9,9,7,7,11,7,12,9,7,10,4,4,3
"17-02-2021",2,2,2,2,2,3,4,11,20,18,7,13,12,9,4,6,7,15,23,10,11,9,8,6
"18-02-2021",5,4,5,5,4,15,20,42,41,39,12,6,6,6,13,7,4,9,48,24,29,46,56,13
"19-02-2021",10,6,4,3,4,17,37,77,93,59,29,25,13,4,4,4,6,16,36,27,20,18,14,15
"20-02-2021",7,4,5,3,2,4,10,16,18,28,9,8,5,6,4,5,3,5,13,14,14,9,8,6
"21-02-2021",6,5,3,4,3,3,3,3,17,5,10,10,6,5,3,3,3,4,5,5,8,5,5,20
"22-02-2021",4,3,2,2,2,3,5,12,25,13,6,7,8,8,10,29,6,7,12,20,41,40,35,17
"23-02-2021",10,8,4,6,4,11,31,75,127,57,22,8,5,7,7,7,17,34,22,26,31,30,27,35
"24-02-2021",21,10,8,6,6,18,24,85,65,67,38,13,12,10,11,13,16,26,32,30,37,24,14,9
"25-02-2021",7,5,5,3,2,9,16,45,80,81,37,20,14,8,7,8,5,10,4,5,4,3,3,3
"26-02-2021",3,3,2,2,3,7,18,49,77,47,27,24,16,7,6,5,6,6,22,12,14,23,39,17
"27-02-2021",12,8,7,3,3,8,15,40,38,12,9,6,5,9,5,6,5,5,6,12,26,12,7,5
"28-02-2021",5,6,3,4,3,3,5,5,10,9,12,9,10,7,4,3,3,4,5,4,5,5,5,9
"01-03-2021",4,3,3,2,2,2,4,5,7,6,8,6,6,7,6,8,8,5,7,8,7,5,6,5
"02-03-2021",4,6,3,3,2,2,3,16,20,22,8,6,6,5,6,5,4,4,4,5,4,3,4,4
"03-03-2021",5,4,4,3,4,4,13,45,64,32,12,8,7,6,6,7,5,4,5,10,7,5,6,4
"04-03-2021",3,3,5,3,3,12,27,34,29,13,12,8,6,5,6,5,6,7,7,13,12,9,9,7
"05-03-2021",3,4,3,2,3,7,8,28,29,11,4,8,9,5,5,4,4,4,4,4,7,9,8,7
"06-03-2021",4,3,3,2,3,7,10,13,15,9,8,5,5,5,6,4,6,10,10,15,10,9,9,4
"07-03-2021",4,3,3,2,2,2,5,4,7,4,4,4,4,4,4,4,4,4,4,4,5,5,4,4
"08-03-2021",2,2,2,2,2,3,5,8,14,14,10,9,13,6,11,8,6,5,11,8,16,7,5,26
"09-03-2021",7,4,3,3,8,6,14,31,41,27,246,9,9,7,7,10,6,6,6,7,22,22,15,20
"10-03-2021",9,5,4,4,4,5,8,21,28,29,14,14,13,15,10,12,9,6,12,11,9,7,13,11
"11-03-2021",4,4,12,5,4,7,23,15,14,9,11,16,9,9,11,6,5,6,5,7,9,7,19,8
"12-03-2021",6,3,3,3,3,8,14,34,55,30,16,7,33,34,74,4,4,5,7,15,13,12,11,17
"13-03-2021",4,4,3,3,4,12,13,15,14,7,7,6,5,6,5,5,5,25,7,9,10,11,16,8
"14-03-2021",5,5,4,4,3,3,4,7,7,5,4,4,4,4,4,4,4,4,4,6,8,10,9,5
"15-03-2021",5,4,3,3,3,3,4,5,5,6,8,6,8,4,5,5,5,5,3,5,7,7,5,3
"16-03-2021",3,2,3,5,3,5,14,26,32,79,19,11,17,11,9,8,4,3,4,3,3,3,3,3
"17-03-2021",3,4,4,4,3,9,16,30,44,15,13,5,6,8,8,6,4,3,3,6,4,10,7,8
"18-03-2021",3,2,3,3,3,14,23,26,39,11,7,5,5,5,6,5,13,10,10,6,6,5,6,4
"19-03-2021",3,3,3,3,3,3,4,12,21,14,14,10,6,6,5,6,9,16,19,19,23,26,23,12
"20-03-2021",4,4,3,4,4,3,4,6,7,17,17,6,6,8,7,6,6,5,7,13,6,6,5,5
"21-03-2021",5,3,3,3,3,3,3,4,3,5,5,5,4,5,5,5,9,12,7,11,26,13,13,30
"22-03-2021",8,5,4,4,3,3,12,22,22,24,18,22,27,6,5,4,14,11,4,12,12,12,20,9
"23-03-2021",6,3,4,3,3,8,6,15,26,10,8,7,11,-9999,9,6,5,5,7,9,17,12,6,4
"24-03-2021",3,3,3,3,3,3,5,10,11,10,10,6,6,5,6,5,6,9,13,22,8,5,4,3
"25-03-2021",3,2,2,3,2,3,3,3,3,3,3,5,5,6,5,6,6,6,5,7,11,10,6,10
"26-03-2021",6,6,3,3,3,4,8,18,12,14,14,11,6,5,-9999,5,5,5,5,9,25,12,13,9
"27-03-2021",4,4,5,3,4,6,10,21,16,14,44,38,33,31,35,31,35,49,52,54,24,16,12,8
"28-03-2021",5,4,4,3,28,6,7,7,14,28,30,19,23,39,30,43,38,43,21,30,13,9,7,5
"29-03-2021",4,6,3,5,9,37,67,87,30,39,34,36,26,38,39,38,37,19,18,10,11,6,6,5
"30-03-2021",5,13,8,7,6,5,42,49,21,14,8,14,9,6,6,5,5,7,5,6,8,6,8,4
"31-03-2021",5,5,3,4,3,4,6,10,9,14,7,8,9,6,7,7,5,8,8,23,12,6,5,4
"01-04-2021",4,3,3,3,5,6,25,76,32,40,21,7,-9999,14,11,8,6,6,5,6,6,8,6,5
"02-04-2021",6,8,4,4,5,6,17,27,44,22,8,23,15,8,7,7,8,12,18,12,12,9,6,5
"03-04-2021",11,10,5,7,4,5,12,17,23,15,5,14,18,29,10,11,8,11,31,39,40,42,20,5
"04-04-2021",4,3,19,5,3,4,4,6,5,5,10,6,5,6,6,5,5,10,36,20,25,28,22,26
"05-04-2021",12,15,11,11,8,12,18,29,41,106,52,29,16,12,43,19,8,7,7,8,8,6,5,5
"06-04-2021",3,4,4,3,4,4,7,9,13,27,31,20,12,8,5,4,4,4,5,3,4,6,12,10
"07-04-2021",4,3,3,2,3,5,7,14,13,16,16,15,13,12,6,4,4,4,5,3,4,4,5,7
"08-04-2021",5,5,3,3,3,3,3,5,4,6,5,5,4,4,4,4,4,7,5,5,5,4,4,3
"09-04-2021",3,3,3,3,2,5,11,27,44,18,11,7,7,8,8,7,6,6,5,15,11,8,10,12
"10-04-2021",7,5,5,3,3,3,4,6,8,13,6,9,6,6,9,9,11,8,5,4,4,13,9,7
"11-04-2021",5,4,3,4,3,4,3,5,5,5,8,4,4,4,7,3,4,4,5,6,4,7,10,13
"12-04-2021",6,4,4,4,4,5,17,31,24,18,13,18,10,8,6,7,6,5,5,5,7,6,6,7
"13-04-2021",6,4,4,4,6,5,12,20,32,55,8,7,12,9,25,10,7,15,9,9,26,22,13,13
"14-04-2021",5,4,4,2,8,4,8,18,41,14,6,5,5,5,7,7,8,7,15,4,21,10,10,8
"15-04-2021",6,4,3,3,4,5,16,29,46,7,5,6,6,5,5,4,4,5,5,5,11,13,11,9
"16-04-2021",6,4,3,3,3,4,7,23,37,39,20,18,10,7,14,10,9,14,8,18,64,36,33,14
"17-04-2021",5,5,4,4,3,3,4,4,6,5,6,5,5,6,5,5,5,4,4,5,7,5,4,5
"18-04-2021",4,4,4,3,3,3,4,5,5,5,5,8,9,4,4,4,5,4,8,5,10,17,14,13
"19-04-2021",5,6,3,3,5,7,20,20,16,15,19,12,21,19,6,4,4,3,4,7,13,12,10,7
"20-04-2021",3,5,3,3,3,9,16,28,23,12,7,9,7,5,9,4,5,4,4,5,4,6,8,6
"21-04-2021",4,4,3,3,4,5,9,28,33,12,6,6,4,6,5,6,6,5,6,4,6,12,13,13
"22-04-2021",4,4,3,3,4,4,28,25,20,19,9,8,7,5,5,6,10,14,9,7,6,19,23,25
"23-04-2021",6,4,5,4,5,5,24,53,68,35,31,23,10,11,17,15,9,15,33,15,34,39,12,16
"24-04-2021",8,6,4,4,3,3,4,5,23,31,15,14,12,35,20,24,12,5,4,4,5,13,31,21
"25-04-2021",19,9,5,6,4,3,4,9,8,3,4,5,4,5,5,6,6,5,6,5,5,5,5,5
"26-04-2021",4,4,4,3,3,4,8,12,26,18,16,16,14,10,5,5,6,5,11,7,11,6,13,8
"27-04-2021",5,5,4,4,5,7,19,30,27,18,11,11,24,5,19,22,5,23,6,11,20,17,28,12
"28-04-2021",5,3,4,3,3,3,5,9,16,13,12,12,12,12,10,9,9,7,12,52,79,78,42,23
"29-04-2021",18,8,4,3,5,11,65,95,99,44,17,24,19,23,23,21,7,9,20,24,26,28,33,11
"30-04-2021",10,13,10,14,19,29,33,62,72,29,19,11,6,6,6,6,7,15,15,10,9,30,7,9
"01-05-2021",10,8,5,5,6,14,8,19,18,28,15,23,17,13,15,15,11,5,5,6,5,5,4,4
"02-05-2021",3,5,6,5,7,5,5,7,13,25,7,5,5,5,4,4,4,7,9,13,16,19,17,8
"03-05-2021",6,6,8,4,4,5,5,6,8,7,5,10,4,5,4,23,5,7,9,9,22,15,10,14
"04-05-2021",5,8,6,4,4,3,5,5,4,4,4,5,4,5,6,4,3,18,4,6,8,6,6,10
"05-05-2021",5,5,4,3,4,6,17,17,9,11,6,11,5,6,15,18,11,7,15,6,13,11,6,5
"06-05-2021",5,3,3,3,5,6,11,8,9,7,5,5,10,6,6,6,5,8,5,4,5,5,6,15
"07-05-2021",12,6,4,4,4,5,8,18,16,30,30,13,12,13,13,18,11,9,17,22,25,34,18,8
"08-05-2021",7,7,4,4,4,5,11,16,31,29,9,8,19,8,12,7,6,13,8,10,8,9,7,6
"09-05-2021",6,6,5,5,4,4,5,7,7,6,9,4,4,4,4,4,4,4,4,4,4,4,14,7
"10-05-2021",5,4,4,5,3,4,4,10,36,25,18,10,9,8,8,8,7,6,6,9,11,7,6,7
"11-05-2021",4,5,5,4,3,4,18,37,14,23,14,11,8,15,10,8,6,5,4,6,25,8,13,15
"12-05-2021",5,4,4,3,3,3,7,11,11,12,22,10,12,11,15,24,8,4,5,12,8,10,10,7
"13-05-2021",4,4,3,3,3,6,11,16,44,12,5,6,5,5,6,5,6,7,6,6,8,14,15,17
"14-05-2021",6,4,3,3,3,5,13,22,27,9,7,9,10,10,6,5,5,11,6,5,8,16,16,7
"15-05-2021",5,4,4,4,3,4,6,13,12,11,18,13,17,8,12,31,11,6,8,4,5,4,5,11
"16-05-2021",12,7,4,3,3,4,5,4,8,6,6,6,5,4,4,4,6,7,10,12,8,10,12,13
"17-05-2021",7,6,5,3,4,5,15,41,16,9,8,5,7,6,10,16,5,12,6,18,5,9,4,4
"18-05-2021",5,4,13,7,4,5,13,45,30,8,7,6,7,7,5,5,4,4,8,3,11,17,15,7
"19-05-2021",9,5,5,3,3,4,13,18,30,5,8,8,13,12,6,11,6,6,9,5,9,11,11,9
"20-05-2021",9,5,3,5,3,6,12,15,30,11,7,5,8,7,-9999,4,5,4,5,4,5,4,3,4
"21-05-2021",4,3,2,2,2,4,13,51,30,34,9,9,7,7,6,4,5,10,9,7,13,27,24,16
"22-05-2021",13,6,5,4,4,5,9,19,7,10,5,5,5,6,5,5,6,5,16,23,10,8,8,16
"23-05-2021",21,8,4,3,3,5,5,4,3,3,4,4,4,9,16,9,4,9,6,8,4,5,8,10
"24-05-2021",10,5,4,4,4,5,16,18,14,8,5,5,6,8,6,13,7,8,12,5,8,8,21,10
"25-05-2021",15,8,6,4,5,8,22,46,52,20,9,14,27,14,5,5,8,8,21,42,48,17,12,6
"26-05-2021",4,4,5,3,3,4,10,24,15,7,8,7,6,12,8,9,8,6,10,5,6,17,17,21
"27-05-2021",7,4,4,3,3,6,14,17,13,6,5,8,8,11,10,7,7,10,7,5,8,21,15,10
"28-05-2021",7,5,4,3,5,6,16,15,19,7,5,7,6,6,14,15,7,11,10,6,17,28,29,8
"29-05-2021",6,5,3,3,3,4,5,9,12,9,13,16,10,12,8,5,6,4,10,12,5,8,6,5
"30-05-2021",6,4,4,3,3,5,3,3,4,4,8,4,6,9,4,5,4,8,3,4,4,4,4,4
"31-05-2021",6,4,6,4,3,5,10,13,27,15,6,5,5,5,5,7,5,6,19,17,4,3,4,3
"01-06-2021",3,3,4,3,3,5,9,25,19,5,7,6,6,4,4,4,4,4,6,9,5,9,19,22
"02-06-2021",8,5,4,3,3,6,7,15,11,11,10,15,12,19,9,7,6,4,9,5,7,11,19,17
"03-06-2021",10,5,3,3,3,5,14,12,8,6,6,6,5,11,10,7,6,14,8,5,6,8,6,17
"04-06-2021",8,4,4,3,3,3,9,21,24,21,23,11,8,9,8,10,10,6,13,6,15,30,9,6
"05-06-2021",5,4,4,2,3,4,4,5,5,6,4,11,7,5,5,7,6,5,14,6,5,8,5,5
"06-06-2021",6,3,2,2,2,3,3,3,4,4,7,4,4,6,4,5,4,7,5,5,5,5,5,4
"07-06-2021",6,5,3,2,3,2,10,7,13,5,4,-9999,-9999,-9999,-9999,-9999,-9999,-9999,6,7,6,10,18,21
"08-06-2021",10,4,4,3,4,12,17,33,22,24,11,10,7,6,6,6,5,5,6,6,9,6,5,6
"09-06-2021",5,3,3,3,3,3,12,9,17,9,13,13,12,11,13,10,14,6,6,11,7,7,11,5
"10-06-2021",4,3,3,3,2,3,7,10,32,17,10,11,7,8,8,6,5,4,7,6,11,23,16,8
"11-06-2021",3,5,4,3,3,3,8,11,17,8,10,5,5,5,8,10,6,6,11,12,12,11,7,7
"12-06-2021",11,4,3,3,2,3,6,8,12,8,7,6,7,7,8,9,4,4,5,5,5,6,7,7
"13-06-2021",11,11,10,7,4,5,7,6,7,8,4,6,5,5,5,5,5,7,6,10,6,6,11,7
"14-06-2021",5,5,4,3,2,3,4,8,9,8,11,10,8,8,10,8,6,6,5,5,7,5,5,6
"15-06-2021",5,4,3,3,4,4,6,11,22,16,21,17,8,9,14,11,6,6,8,8,8,13,22,11
"16-06-2021",8,4,3,3,5,3,8,14,11,9,5,5,5,5,5,7,19,11,10,5,6,11,17,16
"17-06-2021",16,4,4,3,2,4,6,12,10,7,5,5,5,7,7,21,7,11,14,6,6,8,13,12
"18-06-2021",5,2,3,2,2,4,4,12,15,12,6,5,8,12,16,13,9,23,12,6,10,17,11,9
"19-06-2021",5,7,5,3,2,3,5,6,5,5,7,6,8,6,9,8,4,4,5,9,5,8,6,7
"20-06-2021",4,5,4,3,3,2,9,3,3,2,3,3,3,4,5,3,4,8,6,9,8,6,4,4
"21-06-2021",4,4,3,2,2,2,3,3,4,3,7,4,3,9,7,4,5,6,5,6,7,7,5,5
"22-06-2021",4,3,2,2,15,12,8,33,35,9,9,13,12,22,14,6,6,6,8,12,37,32,9,9
"23-06-2021",10,14,4,5,3,5,6,15,30,12,23,14,8,26,18,10,6,6,7,6,8,6,13,9
"24-06-2021",5,9,23,4,8,11,39,29,18,17,14,11,18,14,18,6,8,11,8,13,6,12,8,9
"25-06-2021",9,6,4,3,3,4,22,52,59,33,12,12,18,18,9,7,11,26,19,18,16,33,15,11
"26-06-2021",9,8,4,4,4,3,11,16,16,9,4,11,9,20,8,8,13,12,11,16,23,23,38,26
"27-06-2021",18,7,5,6,5,6,5,5,5,4,5,3,4,7,5,4,4,5,14,11,9,15,13,7
"28-06-2021",8,5,3,3,4,7,9,22,20,23,20,13,14,14,12,8,6,7,6,17,10,8,6,5
"29-06-2021",5,4,4,3,5,5,11,26,28,17,12,9,6,10,9,5,8,7,5,10,20,6,6,6
"30-06-2021",5,3,3,3,3,6,10,17,23,28,20,13,16,12,13,14,7,6,26,17,10,7,6,5
"01-07-2021",7,4,6,3,6,7,25,145,58,15,21,15,20,18,18,9,6,8,11,7,13,10,11,10
"02-07-2021",7,6,3,4,5,7,10,19,14,9,8,17,10,12,10,16,6,23,18,14,14,25,17,20
"03-07-2021",9,6,4,5,5,8,21,39,10,4,5,6,6,7,6,7,16,9,10,15,7,10,13,9
"04-07-2021",8,6,5,6,4,4,3,4,3,6,11,3,3,5,7,10,4,4,5,4,6,10,9,9
"05-07-2021",6,5,8,4,5,6,9,7,9,5,6,5,5,13,8,5,12,6,7,7,10,12,14,5
"06-07-2021",5,3,3,2,3,4,8,14,24,18,12,11,22,14,9,7,8,12,5,6,7,7,6,8
"07-07-2021",3,3,2,2,3,4,7,8,10,37,30,16,8,17,8,6,16,12,9,7,4,5,4,4
"08-07-2021",3,3,2,2,3,3,10,15,25,21,16,9,15,13,10,8,6,7,7,7,7,11,9,6
"09-07-2021",5,5,4,5,3,4,7,10,15,8,9,9,9,11,11,9,7,7,6,6,6,6,5,5
"10-07-2021",4,3,3,3,3,4,4,7,9,27,17,6,6,6,6,5,5,5,6,5,8,10,5,6
"11-07-2021",8,8,4,6,3,3,6,8,7,8,8,6,6,5,4,4,5,5,7,5,5,4,8,6
"12-07-2021",5,5,3,3,5,3,8,25,17,16,25,11,16,20,9,9,9,8,9,11,21,20,6,8
"13-07-2021",4,4,3,3,3,7,10,15,21,34,9,10,10,12,9,10,6,7,15,11,13,30,12,11
"14-07-2021",3,3,3,3,5,3,4,11,11,11,8,5,6,5,9,10,11,4,17,45,7,8,7,4
"15-07-2021",4,3,3,3,3,3,9,12,12,8,6,6,8,19,11,15,8,10,12,9,17,23,7,7
"16-07-2021",4,5,4,3,3,4,8,5,6,10,8,7,7,11,11,8,10,10,9,7,11,17,17,9
"17-07-2021",8,5,5,6,3,6,14,24,9,4,4,6,5,6,6,5,4,4,6,4,5,8,12,7
"18-07-2021",5,6,6,3,4,3,4,7,5,3,3,3,3,4,4,4,5,3,3,3,7,4,4,6
"19-07-2021",3,3,5,5,6,6,12,19,13,14,12,10,6,5,5,6,6,7,5,5,4,5,5,5
"20-07-2021",3,4,5,3,3,3,16,30,8,5,9,7,6,5,5,6,4,5,5,5,12,10,21,19
"21-07-2021",9,8,12,4,16,14,20,10,5,5,5,6,8,8,7,8,4,5,7,7,9,14,18,10
"22-07-2021",9,3,4,3,3,3,6,16,22,13,8,10,8,8,9,8,7,7,7,6,9,6,8,6
"23-07-2021",6,4,4,3,3,3,7,20,11,9,11,8,11,8,10,8,8,9,6,7,9,10,12,6
"24-07-2021",6,4,3,4,3,4,6,7,8,7,17,8,6,7,7,8,7,6,5,4,4,5,5,5
"25-07-2021",5,4,3,3,3,3,4,4,15,8,8,4,5,5,6,5,5,8,5,7,7,7,7,8
"26-07-2021",7,3,3,3,3,4,6,15,27,8,7,7,7,6,7,6,5,6,18,18,15,8,7,6
"27-07-2021",7,4,3,3,3,3,5,11,9,6,9,7,11,7,7,7,5,5,5,9,18,16,18,14
"28-07-2021",8,9,14,9,4,3,4,7,8,8,9,7,8,7,7,7,10,11,6,7,10,13,8,7
"29-07-2021",6,3,3,3,3,4,8,13,15,13,11,10,11,14,7,11,13,11,7,14,10,30,20,10
"30-07-2021",6,6,11,4,4,13,36,22,57,29,16,12,16,16,20,20,15,26,26,31,28,41,19,11
"31-07-2021",8,7,10,6,3,4,3,6,8,9,5,4,6,5,6,6,8,5,7,12,11,11,7,6
"01-08-2021",4,5,4,3,5,5,4,8,6,3,4,4,4,4,4,6,4,5,4,16,42,6,8,10
"02-08-2021",4,5,3,3,5,5,8,8,14,8,9,7,6,8,13,13,11,10,8,9,16,21,18,7
"03-08-2021",4,4,4,4,4,4,9,18,19,10,11,7,9,26,25,8,13,19,22,35,22,34,29,27
"04-08-2021",7,5,5,4,3,13,19,13,24,7,11,13,8,20,14,7,6,9,16,36,29,29,35,15
"05-08-2021",7,4,3,6,4,9,14,16,8,6,6,6,6,16,34,12,13,19,15,34,13,35,29,7
"06-08-2021",5,4,3,4,8,8,9,15,14,6,7,5,7,15,6,7,5,5,7,8,14,14,9,11
"07-08-2021",7,5,5,4,5,4,9,7,9,7,8,8,6,5,6,6,5,4,10,4,7,6,6,5
"08-08-2021",7,7,5,4,4,3,4,6,5,5,6,10,5,4,4,4,5,5,5,4,5,5,11,10
"09-08-2021",8,5,5,4,3,4,5,11,13,8,10,9,5,6,9,6,7,4,9,8,10,12,6,4
"10-08-2021",6,5,4,3,3,4,8,7,10,16,26,8,8,10,6,8,7,8,8,6,9,9,7,5
"11-08-2021",7,7,4,5,4,4,15,21,28,12,9,7,6,7,11,11,31,18,10,7,7,10,7,6
"12-08-2021",5,6,6,5,3,3,4,24,25,43,22,6,6,6,9,7,5,5,6,9,14,7,5,13
"13-08-2021",8,4,3,3,3,3,5,7,15,11,7,8,8,7,9,8,4,6,4,5,6,6,6,7
"14-08-2021",4,4,3,3,3,3,7,12,16,13,5,5,5,6,5,5,4,4,5,5,7,5,4,7
"15-08-2021",4,3,2,3,3,3,3,3,4,4,4,4,4,4,5,5,4,4,4,5,4,4,4,4
"16-08-2021",4,3,3,3,3,3,4,7,11,20,10,10,9,5,4,4,5,5,7,11,4,4,5,5
"17-08-2021",5,4,5,3,2,3,4,5,8,17,6,7,5,4,6,10,5,4,8,4,6,5,7,7
"18-08-2021",5,3,5,3,3,4,9,18,5,7,8,10,11,12,13,9,7,6,6,5,5,10,15,17
"19-08-2021",5,4,4,4,3,4,4,9,9,9,15,8,7,20,9,6,5,6,9,10,14,18,13,8
"20-08-2021",5,3,3,3,3,4,5,8,10,29,10,21,7,8,6,6,7,5,6,9,10,4,5,5
"21-08-2021",4,4,3,3,3,5,5,4,5,6,6,6,10,6,6,6,10,10,4,6,10,11,10,4
"22-08-2021",7,5,5,4,3,3,3,4,5,5,6,5,5,4,4,4,5,4,6,4,9,11,7,4
"23-08-2021",3,3,4,4,3,3,5,15,29,16,7,6,8,10,8,9,7,7,7,5,4,6,7,4
"24-08-2021",3,4,3,3,4,4,5,10,15,7,16,20,9,9,7,9,12,5,6,11,7,7,14,13
"25-08-2021",8,8,5,4,3,3,8,11,21,15,9,13,7,9,11,8,7,11,9,12,10,15,22,16
"26-08-2021",9,8,5,3,3,5,9,10,12,12,6,6,7,11,12,12,14,7,12,6,10,14,11,10
"27-08-2021",6,5,4,4,3,6,14,17,7,9,24,10,16,19,16,19,7,7,9,5,6,7,8,5
"28-08-2021",6,9,6,4,4,5,9,10,21,9,6,4,6,6,6,4,4,5,5,5,6,20,4,5
"29-08-2021",9,7,4,4,5,6,6,9,10,4,4,4,4,4,5,3,5,4,5,4,5,8,15,21
"30-08-2021",11,6,6,5,4,5,10,32,29,16,5,8,6,6,6,6,4,4,5,6,10,23,22,20
"31-08-2021",13,6,6,4,3,8,11,13,34,14,6,5,8,7,6,4,5,4,5,9,20,37,30,19
"01-09-2021",13,7,7,4,3,4,11,33,56,17,8,5,5,9,6,6,7,7,13,20,24,26,25,18
"02-09-2021",13,11,7,3,3,4,7,32,30,20,9,8,14,10,10,9,7,6,5,8,15,22,19,15
"03-09-2021",13,7,6,4,4,6,14,64,62,22,33,15,10,23,12,9,6,12,8,16,8,25,21,17
"04-09-2021",9,5,3,4,4,4,5,5,8,17,13,14,11,6,6,4,4,4,5,4,5,4,7,4
"05-09-2021",6,5,4,3,3,3,3,4,10,6,6,9,5,7,5,5,5,5,4,4,5,6,17,16
"06-09-2021",10,5,3,4,3,5,11,20,8,5,5,8,7,7,8,6,10,6,8,8,9,4,5,5
"07-09-2021",3,3,3,2,2,3,4,6,6,10,9,7,9,7,7,5,4,4,4,5,7,11,6,7
"08-09-2021",8,4,3,3,2,4,5,21,41,30,14,9,9,8,9,7,5,5,5,4,5,6,7,7
"09-09-2021",5,3,3,3,3,4,6,28,-9999,-9999,-9999,-9999,-9999,-9999,11,7,16,6,10,22,13,6,11,5
"10-09-2021",4,4,4,2,2,2,11,31,37,21,26,18,9,13,12,6,6,5,5,9,32,51,25,17
"11-09-2021",11,9,4,2,1,2,5,9,18,9,11,8,5,8,7,7,4,5,12,7,6,6,11,14
"12-09-2021",9,6,4,2,1,2,3,6,8,6,5,10,17,7,8,8,11,10,20,15,10,9,10,14
"13-09-2021",5,3,2,2,2,3,7,30,29,37,51,26,9,22,15,13,14,6,8,25,41,36,36,10
"14-09-2021",16,16,5,2,3,19,33,109,114,24,17,7,7,9,11,6,4,12,23,30,24,33,55,29
"15-09-2021",6,6,5,6,2,3,17,45,31,17,14,7,7,9,4,3,3,5,5,8,14,8,25,16
"16-09-2021",8,5,4,3,2,10,18,29,30,12,10,7,12,14,7,7,5,13,21,18,9,36,32,17
"17-09-2021",12,8,4,3,2,5,6,30,14,18,9,6,4,6,7,6,9,5,12,11,11,10,7,14
"18-09-2021",10,11,9,7,5,7,15,49,58,19,6,17,14,7,13,7,17,7,8,6,21,29,29,28
"19-09-2021",27,29,16,16,7,5,23,34,11,6,6,4,7,7,3,5,4,4,6,13,9,8,6,5
"20-09-2021",4,3,4,2,4,7,19,74,50,40,17,13,15,10,9,11,4,3,7,18,12,6,6,3
"21-09-2021",7,6,4,3,3,7,5,23,33,9,14,9,11,6,8,7,3,6,12,17,32,34,33,25
"22-09-2021",10,6,5,3,4,4,6,31,25,7,8,6,8,8,7,5,3,4,10,8,24,4,12,18
"23-09-2021",7,5,4,6,5,8,11,12,22,33,12,10,6,6,7,6,4,4,5,5,8,13,22,6
"24-09-2021",14,5,4,5,2,2,5,15,24,25,13,11,11,10,8,6,6,13,10,8,35,38,20,14
"25-09-2021",12,11,6,5,6,7,9,18,35,15,11,11,6,8,4,4,4,4,7,12,36,20,16,18
"26-09-2021",31,28,8,6,5,10,14,11,12,13,19,8,6,5,3,3,2,2,11,21,56,47,25,27
"27-09-2021",21,29,15,9,7,11,35,101,80,15,12,9,10,7,4,13,8,5,14,22,21,41,28,56
"28-09-2021",37,9,4,2,3,3,14,14,16,18,36,34,28,10,13,7,8,5,5,22,24,11,4,15
"29-09-2021",5,14,6,5,4,5,26,59,123,61,51,21,7,6,6,6,5,4,5,5,6,9,6,12
"30-09-2021",4,3,2,2,2,5,9,13,46,25,21,6,5,5,5,5,4,3,4,5,7,23,8,11
"01-10-2021",5,4,4,5,4,9,10,12,17,20,9,10,10,10,9,8,4,8,7,6,5,4,5,4
"02-10-2021",4,4,2,1,2,4,7,28,29,11,7,6,15,17,5,4,5,3,3,3,11,15,35,28
"03-10-2021",12,16,13,4,8,10,7,10,13,22,12,8,8,4,4,4,5,4,3,3,19,14,12,23
"04-10-2021",20,12,7,2,2,3,3,14,34,72,47,39,19,10,11,9,6,5,5,6,8,23,23,18
"05-10-2021",11,6,3,2,2,3,40,84,63,36,11,35,20,29,11,8,4,5,8,11,71,46,28,29
"06-10-2021",10,3,4,4,3,5,39,91,55,64,41,22,9,7,10,7,8,5,6,5,9,17,24,7
"07-10-2021",7,3,3,2,2,5,22,26,28,52,10,24,11,18,23,28,13,34,37,60,45,68,39,9
"08-10-2021",3,4,3,5,5,7,5,13,54,69,35,10,10,10,42,15,19,9,28,15,7,6,19,10
"09-10-2021",3,4,4,4,2,4,26,20,33,60,41,25,10,10,8,8,7,6,6,5,20,21,31,20
"10-10-2021",42,24,21,32,24,9,19,23,35,32,11,12,17,21,6,4,5,6,10,11,7,14,15,8
"11-10-2021",11,13,2,2,-9999,3,5,46,49,75,37,22,29,33,44,29,56,38,10,70,42,13,14,23
"12-10-2021",12,7,4,2,3,3,19,39,54,55,37,35,55,29,30,41,13,12,17,38,58,49,25,13
"13-10-2021",13,6,4,3,2,3,15,29,71,87,29,24,19,16,15,30,30,28,26,60,42,64,30,14
"14-10-2021",7,6,3,4,4,13,52,36,32,19,18,35,25,78,32,37,48,22,61,120,137,68,25,20
"15-10-2021",26,12,5,2,5,5,31,41,70,43,28,21,58,98,59,55,32,35,35,26,29,24,16,10
"16-10-2021",8,7,4,4,5,9,8,11,16,17,27,39,29,28,18,28,23,21,32,24,23,16,21,18
"17-10-2021",34,14,15,14,18,13,11,5,16,15,13,9,5,4,5,8,4,12,24,103,82,43,59,56
"18-10-2021",38,24,12,16,7,4,54,135,198,175,89,26,12,10,11,9,11,12,13,32,44,67,52,26
"19-10-2021",11,11,11,3,4,6,17,81,90,87,61,66,43,11,10,8,6,5,6,18,47,79,26,23
"20-10-2021",6,3,2,2,2,3,11,34,63,70,26,48,11,12,18,13,9,9,35,87,120,79,79,72
"21-10-2021",40,23,16,6,7,28,49,43,75,78,26,13,6,7,6,5,5,7,8,69,52,44,26,17
"22-10-2021",9,8,7,4,5,6,9,94,98,58,8,7,14,10,10,8,5,5,7,39,58,68,34,30
"23-10-2021",26,13,16,8,18,14,27,27,42,73,16,43,18,13,16,12,5,7,18,38,57,29,28,42
"24-10-2021",46,38,48,22,24,22,22,17,22,32,26,11,13,8,22,26,36,13,12,28,70,96,92,52
"25-10-2021",5,3,3,4,2,5,11,23,11,11,15,11,20,19,27,15,10,14,12,21,37,15,9,13
"26-10-2021",7,6,5,4,2,9,29,60,114,77,62,27,19,11,10,7,7,5,10,13,17,36,13,14
"27-10-2021",6,7,4,2,2,3,33,66,138,89,40,23,20,18,14,13,12,8,12,24,36,41,31,33
"28-10-2021",46,27,7,12,8,8,14,5,15,10,13,4,9,9,10,8,5,8,4,7,26,55,32,29
"29-10-2021",28,19,13,12,6,8,27,77,166,122,30,30,23,20,14,17,10,17,24,78,117,118,99,56
"30-10-2021",35,19,13,15,11,17,20,49,72,64,47,24,15,25,19,13,10,5,8,30,18,16,14,21
"31-10-2021",27,37,26,20,23,16,13,19,15,33,10,14,10,4,4,4,5,5,6,31,41,80,46,64
"01-11-2021",25,10,4,3,2,2,2,9,38,44,45,14,10,8,13,20,14,14,22,108,126,101,28,7
"02-11-2021",9,11,6,3,2,2,2,4,8,14,30,42,76,21,10,9,26,6,23,49,83,64,65,55
"03-11-2021",24,10,6,3,3,5,10,26,96,105,47,17,9,8,5,10,18,26,83,168,90,82,138,89
"04-11-2021",75,33,21,8,3,6,10,55,41,28,45,39,21,26,11,13,17,14,12,8,9,8,15,7
"05-11-2021",7,4,3,3,3,3,3,4,9,11,10,9,9,10,10,9,11,9,9,8,9,15,20,9
"06-11-2021",5,5,5,3,3,6,4,13,22,47,25,40,20,19,12,10,8,10,21,47,57,25,41,56
"07-11-2021",66,71,35,16,6,4,3,3,4,4,4,6,8,8,6,6,6,14,32,49,112,101,76,68
"08-11-2021",83,42,30,33,30,31,17,21,97,141,92,78,34,31,16,19,15,13,11,30,62,133,121,100
"09-11-2021",44,34,10,6,3,3,4,20,55,79,61,17,16,27,18,24,64,15,32,42,103,39,62,41
"10-11-2021",29,16,7,13,4,4,7,27,45,132,91,37,48,16,19,11,10,44,45,48,39,40,35,21
"11-11-2021",8,6,4,4,3,9,47,75,113,64,41,26,30,8,9,7,6,9,27,35,80,49,27,36
"12-11-2021",9,4,3,3,2,3,8,19,32,31,9,16,9,10,10,9,8,16,35,50,29,42,23,24
"13-11-2021",17,7,4,5,3,3,6,7,20,14,11,7,6,6,8,8,9,10,7,6,9,5,5,6
"14-11-2021",4,3,3,3,3,3,3,5,7,11,4,5,5,5,4,4,4,9,40,46,44,64,5,6
"15-11-2021",4,5,4,6,5,7,22,122,146,99,117,79,75,23,17,11,14,50,70,99,95,66,72,8
"16-11-2021",3,2,2,8,2,10,11,66,52,41,11,21,27,20,17,27,15,20,118,173,125,141,95,45
"17-11-2021",31,8,8,5,8,8,39,121,137,62,41,45,22,11,12,8,8,9,7,19,31,12,5,8
"18-11-2021",5,4,2,2,5,4,20,84,79,45,55,41,19,14,34,66,47,57,79,112,96,48,37,18
"19-11-2021",15,10,15,5,4,11,14,60,123,66,73,40,31,22,11,10,7,8,12,26,38,46,55,38
"20-11-2021",37,13,8,5,4,7,7,11,35,32,13,22,11,8,7,7,15,12,19,24,37,34,26,6
"21-11-2021",5,8,5,13,10,11,10,13,28,22,9,7,9,13,10,8,33,121,55,51,45,49,61,73
"22-11-2021",33,14,24,8,4,3,6,81,102,34,21,120,81,20,36,38,36,57,44,19,26,22,7,24
"23-11-2021",6,3,3,3,3,3,5,9,54,47,17,19,20,20,18,13,24,30,40,67,70,47,52,18
"24-11-2021",10,8,8,5,4,8,47,-9999,-9999,-9999,-9999,-9999,-9999,49,35,41,29,27,80,151,89,44,72,43
"25-11-2021",14,8,6,12,5,13,36,110,185,89,42,25,17,17,16,14,8,23,61,68,61,54,26,13
"26-11-2021",23,10,6,7,7,7,6,10,41,51,16,77,70,37,29,48,72,43,55,57,48,47,31,19
"27-11-2021",14,8,6,4,6,15,14,25,28,44,32,26,33,50,89,37,24,38,23,7,5,5,10,38
"28-11-2021",24,19,8,6,6,6,6,7,13,14,17,15,28,30,23,15,12,15,5,49,24,12,13,6
"29-11-2021",7,6,5,3,5,5,6,28,35,33,35,30,15,37,12,30,22,36,37,52,29,25,9,8
"30-11-2021",8,4,4,3,3,6,8,8,6,33,19,11,17,7,4,7,7,13,40,37,14,28,25,5
"01-12-2021",6,8,10,11,7,16,30,71,108,98,56,25,37,33,57,41,49,74,68,69,60,52,45,30
"02-12-2021",19,39,26,13,11,31,117,130,257,186,56,37,35,44,51,57,46,46,35,52,62,34,45,18
"03-12-2021",8,7,6,5,6,6,11,39,64,84,57,46,50,70,47,29,26,36,24,11,15,23,13,6
"04-12-2021",5,4,4,4,3,5,5,9,30,43,20,12,35,48,20,27,9,25,92,75,131,64,51,37
"05-12-2021",63,70,30,41,22,37,41,25,31,38,27,18,34,64,47,44,21,17,28,36,25,77,145,76
"06-12-2021",13,7,5,5,6,9,12,50,94,30,22,23,20,24,28,19,31,28,21,23,20,27,16,16
"07-12-2021",8,5,4,4,4,5,11,59,44,58,87,46,48,58,59,57,53,30,44,12,11,9,9,9
"08-12-2021",4,3,7,7,7,9,18,57,71,44,25,24,27,30,32,34,11,10,12,68,57,33,31,14
"09-12-2021",13,27,9,11,7,20,86,78,113,61,27,28,15,28,14,25,22,26,33,36,30,19,14,5
"10-12-2021",7,5,6,5,4,5,9,19,34,27,27,34,5,11,29,31,24,42,38,38,44,45,16,16
"11-12-2021",14,7,5,5,4,6,8,9,12,13,21,17,13,22,72,33,16,16,24,15,11,16,15,8
"12-12-2021",8,7,5,5,8,6,9,11,10,10,20,23,28,30,68,23,34,56,68,55,51,26,23,13
"13-12-2021",6,8,6,9,9,9,16,52,56,63,60,51,49,21,20,73,55,55,33,67,42,58,46,70
"14-12-2021",20,8,10,6,5,5,34,64,58,53,68,71,46,15,18,9,9,11,13,54,68,109,70,62
"15-12-2021",29,11,5,4,6,8,14,42,37,33,17,43,20,48,13,14,10,21,147,189,217,207,152,105
"16-12-2021",70,33,20,6,9,23,90,133,241,109,133,40,15,12,21,23,15,21,57,76,66,103,81,59
"17-12-2021",31,36,8,4,13,6,9,33,49,65,60,21,19,16,25,33,27,88,51,68,76,92,51,45
"18-12-2021",30,6,4,3,3,3,4,5,7,8,12,9,11,22,14,7,8,7,7,10,7,8,8,5
"19-12-2021",4,4,3,3,4,3,5,4,5,5,6,7,7,7,10,12,15,66,90,73,47,37,37,17
"20-12-2021",11,12,9,7,5,10,41,70,104,98,27,12,8,10,31,45,30,84,112,102,111,56,35,22
"21-12-2021",12,8,6,9,4,13,29,48,-9999,-9999,-9999,-9999,-9999,11,7,11,20,65,85,83,138,188,108,81
"22-12-2021",46,41,17,11,11,27,88,127,154,92,93,57,37,47,55,70,78,135,155,69,70,55,20,20
"23-12-2021",10,11,6,10,6,13,58,119,181,179,118,26,36,20,22,25,14,40,98,155,205,174,29,43
"24-12-2021",63,23,24,11,9,7,26,46,106,171,60,49,38,21,23,32,36,79,49,54,132,89,62,32
"25-12-2021",59,46,36,19,15,16,9,13,11,17,27,27,14,6,5,6,8,12,23,46,61,29,16,12
"26-12-2021",15,12,9,8,10,9,8,9,8,8,12,12,16,12,11,8,9,11,13,16,10,5,5,7
"27-12-2021",12,23,13,13,4,7,16,19,20,24,26,22,23,21,27,30,39,20,23,40,49,47,13,10
"28-12-2021",11,6,5,5,4,4,7,22,47,47,51,9,17,15,78,70,29,50,96,185,172,162,142,48
"29-12-2021",50,35,30,12,7,10,34,92,109,117,102,49,27,13,19,19,24,26,46,87,101,100,84,40
"30-12-2021",25,21,8,11,10,22,55,98,173,146,69,22,14,10,11,12,10,45,38,26,15,25,18,22
"31-12-2021",11,6,4,5,4,6,7,16,44,53,94,24,8,9,8,8,7,15,15,24,30,30,14,5
"01-01-2022",14,11,6,5,9,9,9,8,15,14,11,8,6,14,6,5,19,127,81,91,90,97,83,41
"02-01-2022",25,8,8,6,6,6,21,10,22,22,59,63,91,24,11,66,163,157,121,141,184,165,121,85
"03-01-2022",73,25,11,7,6,20,52,98,137,78,94,37,14,14,11,8,7,11,9,45,38,32,27,16
"04-01-2022",11,9,7,5,5,7,20,44,61,76,54,10,12,8,18,7,5,32,59,65,128,110,39,17
"05-01-2022",7,6,4,4,4,5,6,8,9,8,7,12,20,23,26,49,13,25,33,17,10,88,63,71
"06-01-2022",53,12,7,5,5,5,9,13,23,57,33,19,10,8,5,9,6,15,44,95,82,78,56,59
"07-01-2022",37,13,9,5,6,13,29,77,43,64,83,21,16,19,77,54,89,52,46,108,145,128,86,21
"08-01-2022",10,5,5,4,4,6,7,16,33,39,41,45,38,13,13,9,10,18,39,89,46,35,40,22
"09-01-2022",10,5,4,3,3,4,4,6,28,22,19,19,8,6,7,7,6,7,15,29,33,32,26,9
"10-01-2022",8,7,5,5,6,7,17,80,51,49,15,17,29,18,20,17,36,71,84,63,56,33,6,5
"11-01-2022",4,4,4,3,3,4,9,42,25,35,17,9,12,17,20,25,11,7,8,18,37,44,12,6
"12-01-2022",5,4,3,3,3,3,5,7,12,9,10,10,10,8,19,9,7,18,20,22,11,9,11,7
"13-01-2022",5,4,4,8,4,6,8,13,17,19,13,17,18,14,27,20,16,27,25,30,50,56,26,15
"14-01-2022",11,6,5,4,4,4,6,18,87,47,16,34,23,19,13,30,17,88,61,73,71,83,46,36
"15-01-2022",26,15,14,12,6,16,20,39,90,131,41,25,28,27,55,37,129,100,113,137,169,66,63,51
"16-01-2022",83,32,10,6,6,5,5,4,21,53,21,18,17,8,7,6,6,6,21,56,43,35,29,15
"17-01-2022",7,5,6,8,7,7,25,80,109,150,80,16,22,16,9,19,60,89,101,56,48,47,8,12
"18-01-2022",11,7,7,4,5,12,23,147,207,123,30,20,27,16,14,14,18,21,36,71,34,17,7,6
"19-01-2022",4,4,3,3,4,6,33,55,123,113,50,25,11,11,13,10,10,10,25,49,88,127,94,54
"20-01-2022",34,14,9,6,10,10,47,85,100,78,45,14,11,13,9,8,9,11,61,80,50,43,16,13
"21-01-2022",10,7,4,4,5,5,12,22,46,45,41,32,36,32,28,33,15,18,23,21,32,51,28,16
"22-01-2022",17,6,5,4,5,6,8,19,24,13,10,8,8,9,13,7,8,7,13,16,58,59,35,16
"23-01-2022",8,5,4,3,3,4,4,4,4,7,6,10,12,5,6,5,12,19,31,39,24,16,25,30
"24-01-2022",8,4,4,3,3,4,5,9,17,19,13,12,16,16,19,16,11,7,14,12,10,6,5,4
"25-01-2022",4,4,3,3,3,3,4,5,6,7,6,8,11,13,10,10,14,9,34,20,61,32,12,9
"26-01-2022",7,4,4,3,5,4,17,31,82,60,63,20,16,15,12,10,13,36,142,86,114,149,102,74
"27-01-2022",39,11,11,4,4,5,7,30,41,56,31,14,21,34,22,13,13,62,123,140,204,179,63,27
"28-01-2022",8,15,7,5,8,12,16,114,123,143,63,19,19,12,14,12,12,27,54,67,42,25,17,17
"29-01-2022",23,9,7,8,5,9,5,6,7,7,9,12,8,7,7,7,6,5,6,6,6,5,4,4
"30-01-2022",4,4,4,4,4,4,9,8,23,56,28,21,10,6,7,9,7,23,51,36,26,22,27,16
"31-01-2022",10,16,7,4,5,12,46,40,69,49,31,18,11,10,9,11,15,60,137,69,36,127,55,19
"01-02-2022",6,6,4,4,4,4,7,18,53,41,50,38,32,38,45,16,23,33,33,28,33,27,33,16
"02-02-2022",10,5,5,7,4,5,7,29,71,79,66,16,12,10,11,16,15,21,24,17,6,6,7,8
"03-02-2022",4,4,3,4,3,4,5,10,11,12,11,10,11,17,12,8,7,7,21,20,51,21,15,8
"04-02-2022",5,5,4,6,5,9,31,56,111,63,30,23,16,17,10,8,6,11,59,51,47,33,24,22
"05-02-2022",36,24,25,15,18,10,32,64,105,95,80,78,9,7,11,8,20,143,147,147,130,150,114,114
"06-02-2022",72,85,28,13,12,10,7,10,27,23,14,39,10,19,7,6,6,7,10,36,92,68,49,66
"07-02-2022",27,41,23,6,8,9,16,14,12,10,10,8,16,12,11,13,8,5,9,21,15,13,10,7
"08-02-2022",6,4,4,8,4,4,12,28,24,29,25,13,14,16,11,8,6,6,10,31,32,19,12,26
"09-02-2022",6,4,4,4,4,5,15,36,89,43,29,17,15,32,26,17,13,81,102,52,62,76,62,54
"10-02-2022",26,9,6,5,6,11,35,68,128,89,-9999,-9999,-9999,-9999,-9999,-9999,15,12,12,49,152,174,122,62
"11-02-2022",41,29,24,14,9,24,31,94,158,64,44,23,15,14,10,23,10,10,63,90,115,111,40,93
"12-02-2022",74,60,23,16,24,19,42,32,34,26,13,13,37,10,7,9,14,44,93,117,133,99,63,40
"13-02-2022",53,45,50,25,31,26,34,13,26,18,29,20,15,8,6,5,5,6,9,15,21,16,13,17
"14-02-2022",7,6,7,11,7,5,8,32,38,55,24,13,21,39,10,7,7,6,18,53,42,62,65,79
"15-02-2022",47,34,7,7,6,16,33,59,54,25,21,17,15,19,10,14,13,36,18,26,114,183,98,42
"16-02-2022",27,20,7,6,8,14,36,28,39,33,13,13,11,15,12,15,12,11,10,29,36,21,9,12
"17-02-2022",9,6,6,6,5,6,46,77,91,45,25,32,24,30,22,16,8,12,49,53,54,33,18,31
"18-02-2022",17,9,8,7,6,10,15,65,252,91,15,10,10,16,7,6,7,19,64,80,93,85,84,64
"19-02-2022",32,42,34,8,9,18,28,24,81,36,26,30,20,10,10,7,7,17,57,59,55,87,58,48
"20-02-2022",30,24,23,23,19,18,11,7,11,10,6,7,7,5,5,5,6,12,19,9,8,15,66,62
"21-02-2022",73,57,21,12,9,15,40,65,92,58,16,14,12,25,11,12,6,9,17,10,26,23,13,17
"22-02-2022",15,9,5,4,8,9,23,52,53,52,31,27,14,11,9,33,13,20,29,21,29,38,35,23
"23-02-2022",12,13,10,10,7,6,23,34,54,62,53,21,23,10,15,18,13,9,7,11,15,20,24,9
"24-02-2022",9,8,8,4,4,4,6,14,31,12,8,7,7,8,8,14,10,15,16,10,38,39,21,13
"25-02-2022",27,23,15,12,15,14,60,119,98,52,22,24,12,18,9,8,5,6,5,46,53,48,33,18
"26-02-2022",12,10,7,5,10,10,28,59,87,31,14,14,14,18,10,7,7,16,29,11,14,15,7,10
"27-02-2022",11,6,5,7,5,8,13,5,5,5,8,10,6,6,12,5,5,9,20,26,28,20,24,15
"28-02-2022",8,9,10,5,5,9,23,37,54,46,38,54,16,14,19,25,8,8,14,81,64,53,29,21
"01-03-2022",13,6,6,6,5,5,14,50,63,38,31,45,29,18,11,10,7,11,16,65,63,82,83,47
"02-03-2022",24,20,7,4,4,5,15,15,31,23,10,12,11,12,13,8,7,7,8,9,12,13,18,50
"03-03-2022",6,10,8,5,7,7,25,45,63,29,21,8,6,6,8,7,5,5,25,64,49,46,35,21
"04-03-2022",13,16,13,9,11,6,13,33,53,42,18,19,17,16,15,14,27,44,114,120,135,97,86,59
"05-03-2022",16,8,8,7,12,8,36,28,19,14,13,12,20,19,19,12,16,14,18,19,33,33,16,16
"06-03-2022",7,6,8,9,12,9,14,11,8,16,16,21,14,5,5,6,5,6,6,8,8,16,41,35
"07-03-2022",26,17,17,21,29,17,16,29,30,19,5,6,6,5,12,8,7,11,15,21,27,20,21,21
"08-03-2022",20,9,6,4,4,6,13,39,53,11,8,7,7,9,10,14,5,5,12,40,44,38,33,14
"09-03-2022",6,4,4,3,3,4,12,47,26,48,24,11,8,19,19,14,9,7,6,7,6,6,5,9
"10-03-2022",4,3,5,3,3,4,8,12,18,11,10,20,17,13,10,10,8,14,10,8,9,5,6,4
"11-03-2022",3,3,3,3,3,5,19,58,41,16,7,13,11,8,9,9,5,6,6,11,24,44,17,10
"12-03-2022",8,7,4,4,4,6,9,11,22,10,18,15,6,6,5,5,5,5,5,7,8,10,6,6
"13-03-2022",3,3,4,4,8,8,7,6,12,13,11,6,6,6,6,9,6,5,8,18,20,19,19,27
"14-03-2022",21,6,5,4,4,4,11,35,101,42,13,10,10,10,9,7,6,7,11,16,11,29,30,32
"15-03-2022",7,5,4,3,3,5,19,42,41,40,18,13,9,8,6,8,6,7,27,48,40,27,18,23
"16-03-2022",18,13,9,7,7,8,15,39,83,25,17,14,17,17,15,5,5,4,14,36,52,57,25,21
"17-03-2022",12,8,10,6,5,7,32,40,33,17,13,11,12,11,7,10,16,9,10,72,104,130,59,51
"18-03-2022",16,9,6,4,5,4,7,34,64,22,17,11,10,12,14,14,18,21,22,22,24,19,10,5
"19-03-2022",4,3,3,3,3,3,4,5,8,6,11,9,8,14,8,6,5,5,4,5,5,4,4,3
"20-03-2022",3,3,3,3,3,3,3,3,3,3,4,5,5,5,5,5,7,5,6,6,5,6,5,8
"21-03-2022",3,3,3,3,3,3,4,6,9,7,9,10,14,11,10,11,8,9,12,9,7,7,6,10
"22-03-2022",5,3,3,4,3,5,19,66,52,13,8,10,12,15,16,14,10,16,32,97,41,46,14,10
"23-03-2022",4,9,4,4,4,4,12,27,30,20,10,23,17,14,17,11,14,13,8,21,15,33,21,30
"24-03-2022",36,16,7,8,7,11,44,149,42,35,16,8,16,18,17,18,8,18,40,66,54,64,41,24
"25-03-2022",30,47,13,15,13,12,12,27,17,6,7,11,9,10,4,5,5,7,6,19,22,23,21,19
"26-03-2022",13,9,8,7,6,11,20,17,14,13,9,7,8,9,8,11,7,10,8,6,7,14,9,8
"27-03-2022",20,14,16,12,10,16,26,16,7,7,10,9,5,4,4,4,5,5,17,38,55,70,19,5
"28-03-2022",12,6,8,9,5,5,32,55,52,53,32,13,11,8,7,7,9,7,14,39,45,26,47,16
"29-03-2022",4,4,4,3,4,6,7,19,9,10,8,8,10,11,10,8,7,8,26,47,48,26,15,11
"30-03-2022",7,5,5,5,8,26,29,-9999,18,25,13,18,9,15,10,12,13,6,10,9,19,11,29,11
"31-03-2022",6,5,5,4,5,5,8,37,48,66,48,53,41,11,24,18,9,30,41,32,58,15,7,16
"01-04-2022",5,5,5,4,4,4,13,25,24,14,18,14,18,6,21,10,9,10,15,15,20,16,13,9
"02-04-2022",10,6,6,7,6,9,9,12,16,16,9,10,12,10,14,12,12,7,10,13,11,10,10,8
"03-04-2022",7,5,4,3,5,3,8,7,7,6,10,4,5,5,5,4,5,4,5,4,4,6,8,19
"04-04-2022",14,7,6,6,4,4,8,18,42,34,43,31,19,13,13,9,8,7,6,8,25,31,54,60
"05-04-2022",36,19,12,8,5,5,4,11,19,18,8,7,7,10,11,10,7,8,6,8,14,30,16,8
"06-04-2022",5,5,4,4,5,4,17,52,57,20,11,10,10,12,11,9,6,5,7,7,11,20,14,15
"07-04-2022",10,13,10,5,5,6,13,28,28,40,19,27,27,22,12,6,13,9,10,7,13,5,8,12
"08-04-2022",6,4,4,7,6,6,16,38,42,30,8,6,11,12,11,8,6,5,20,15,21,17,12,11
"09-04-2022",10,15,9,7,9,9,6,14,15,16,18,11,13,6,12,11,8,6,14,4,12,12,6,7
"10-04-2022",5,12,10,5,10,8,11,8,8,7,5,6,9,5,4,4,4,5,5,3,4,5,5,3
"11-04-2022",4,3,3,3,3,4,9,22,46,25,13,13,12,6,5,6,4,5,5,6,16,26,20,38
"12-04-2022",6,4,5,4,4,9,15,60,49,23,11,8,7,9,7,6,5,8,7,8,8,5,6,5
"13-04-2022",8,8,6,4,4,4,10,35,26,13,16,17,10,9,9,11,7,10,10,19,13,6,5,9
"14-04-2022",7,5,5,6,5,6,10,36,35,42,32,19,13,10,8,7,6,7,18,16,13,6,5,10
"15-04-2022",7,5,6,5,6,9,20,51,61,47,59,40,22,14,13,10,8,8,21,13,23,31,16,19
"16-04-2022",10,6,6,4,4,4,5,13,21,14,12,7,8,7,7,6,5,6,6,23,16,15,14,14
"17-04-2022",13,4,4,4,5,3,9,3,7,6,4,4,4,4,5,5,4,4,4,4,5,5,7,6
"18-04-2022",4,4,6,5,4,5,8,21,35,20,35,22,32,21,21,15,8,13,16,16,13,10,6,8
"19-04-2022",3,3,3,3,3,4,8,12,20,18,18,12,8,5,5,5,16,8,4,6,7,10,4,30
"20-04-2022",11,12,6,5,5,5,11,17,24,13,10,14,13,16,9,13,5,5,8,11,9,14,11,35
"21-04-2022",12,6,7,6,5,8,21,33,28,18,17,18,12,8,9,8,7,7,8,15,28,36,11,21
"22-04-2022",10,12,8,7,4,4,6,5,6,9,6,5,6,6,6,7,6,6,5,7,6,6,16,15
"23-04-2022",19,11,6,5,4,5,12,11,8,6,5,5,7,7,9,6,5,21,6,7,10,11,11,6
"24-04-2022",8,5,11,4,4,5,6,6,4,5,4,5,5,6,5,4,4,8,4,4,5,6,12,5
"25-04-2022",6,7,5,6,5,5,8,6,8,13,5,5,6,5,4,4,4,27,5,9,12,13,17,6
"26-04-2022",7,6,10,8,5,7,15,21,30,15,25,27,14,5,13,14,6,10,6,9,18,19,31,15
"27-04-2022",9,8,9,4,5,5,15,25,14,9,14,11,9,11,6,9,6,8,10,5,5,6,8,6
"28-04-2022",6,6,6,5,5,6,23,44,41,29,27,14,16,10,10,16,12,8,12,6,15,28,42,28
"29-04-2022",33,23,20,8,8,8,50,75,115,81,32,36,16,10,7,8,5,7,10,10,32,49,26,41
"30-04-2022",19,20,15,14,8,8,27,19,30,19,22,14,11,7,6,5,5,7,6,7,11,11,8,10
"01-05-2022",10,13,8,6,8,6,6,8,12,10,10,8,5,6,9,10,6,6,5,15,11,17,12,9
"02-05-2022",10,7,4,7,5,4,5,6,10,9,13,16,9,10,10,11,11,6,8,9,7,9,6,11
"03-05-2022",7,5,8,13,5,10,15,20,19,21,13,10,8,8,8,5,5,10,18,20,16,16,13,12
"04-05-2022",10,8,7,5,4,6,9,19,23,18,8,7,10,6,9,5,5,7,8,11,12,13,16,13
"05-05-2022",12,7,5,5,4,5,20,50,41,24,16,15,10,12,12,10,7,9,11,8,26,13,15,10
"06-05-2022",6,5,8,4,5,6,21,22,30,20,16,19,7,14,28,11,10,34,29,18,12,14,50,44
"07-05-2022",25,21,13,22,7,10,19,35,31,24,21,8,8,6,6,5,5,5,7,5,10,14,19,16
"08-05-2022",10,7,7,7,6,6,8,7,8,5,7,6,5,5,5,6,5,4,6,6,8,13,12,13
"09-05-2022",5,5,4,4,4,9,9,49,43,42,26,20,13,7,10,7,9,9,12,12,6,8,11,9
"10-05-2022",7,6,6,5,4,3,7,21,35,13,15,8,9,11,14,7,6,7,19,14,28,45,21,25
"11-05-2022",10,6,8,5,8,6,36,34,38,25,18,16,14,13,9,9,14,21,10,8,10,6,11,9
"12-05-2022",9,7,7,5,6,5,12,16,13,18,13,-9999,-9999,-9999,-9999,8,19,9,10,32,10,16,8,13
"13-05-2022",9,6,5,5,6,12,12,18,13,10,7,7,11,8,12,29,7,7,17,6,15,27,11,11
"14-05-2022",24,16,10,8,6,12,12,7,10,7,6,14,8,6,7,6,7,7,10,17,17,20,36,22
"15-05-2022",13,14,19,16,13,6,5,5,9,5,6,7,6,9,10,5,5,5,11,16,17,6,6,8
"16-05-2022",10,5,4,4,5,5,9,42,24,8,9,9,10,13,14,9,5,5,8,7,10,14,6,8
"17-05-2022",17,6,7,6,5,9,8,24,24,10,9,13,13,24,10,9,18,5,9,7,5,8,7,9
"18-05-2022",7,5,5,4,4,5,14,18,15,9,18,21,10,16,10,7,8,5,11,10,4,10,9,6
"19-05-2022",5,13,3,3,2,3,4,5,9,12,8,12,11,8,7,6,6,9,11,14,11,16,10,7
"20-05-2022",4,4,4,5,4,5,7,34,45,21,9,10,10,16,10,12,8,9,9,7,10,9,10,18
"21-05-2022",6,5,5,5,11,12,33,34,22,14,6,5,8,6,6,5,5,6,4,5,9,12,5,10
"22-05-2022",9,12,10,15,14,8,12,11,20,4,4,9,7,6,4,3,4,4,8,9,8,6,9,9
"23-05-2022",6,5,7,4,4,5,9,15,9,7,6,7,7,6,5,12,7,4,10,9,11,9,8,7
"24-05-2022",6,6,4,4,6,4,9,18,13,8,11,11,20,11,7,5,6,8,7,22,4,7,5,7
"25-05-2022",6,6,4,4,4,6,13,18,37,14,8,10,10,11,7,24,8,6,10,11,29,8,9,36
"26-05-2022",7,10,7,4,4,5,12,35,23,8,7,8,18,6,7,6,5,10,8,10,21,24,13,8
"27-05-2022",6,10,8,5,4,4,11,17,15,13,12,11,8,14,17,10,8,8,69,12,8,8,14,9
"28-05-2022",8,8,8,9,11,7,10,20,24,18,16,15,14,12,7,15,5,4,6,9,13,14,11,5
"29-05-2022",14,8,5,4,4,6,7,9,6,4,6,7,9,5,6,7,7,6,8,8,8,7,7,5
"30-05-2022",5,4,2,3,4,7,10,12,7,10,11,9,11,6,8,7,7,5,9,4,11,18,10,9
"31-05-2022",5,6,5,8,6,6,9,15,16,9,10,27,10,9,10,11,11,10,6,7,20,34,27,12
"01-06-2022",5,5,5,4,4,6,11,18,10,6,9,13,9,8,9,13,12,6,8,14,10,9,9,10
"02-06-2022",11,7,7,7,5,7,28,33,28,29,20,16,13,13,11,13,12,10,9,8,9,11,21,24
"03-06-2022",11,7,4,4,3,5,12,32,27,44,11,15,14,12,10,15,9,9,14,15,12,9,10,14
"04-06-2022",8,6,7,6,5,6,7,6,10,8,8,7,9,8,9,6,5,6,5,6,10,13,12,18
"05-06-2022",13,11,11,6,7,10,21,12,14,9,14,9,8,5,4,4,7,7,7,7,5,12,12,12
"06-06-2022",7,5,4,4,4,4,12,37,19,15,14,20,15,11,15,11,7,9,13,10,12,13,8,7
"07-06-2022",5,4,3,4,4,5,6,23,17,17,15,15,11,10,9,11,6,6,8,10,7,14,8,8
"08-06-2022",5,5,5,4,4,6,8,10,15,9,12,8,8,7,8,7,8,5,6,8,6,7,5,6
"09-06-2022",7,4,5,4,8,5,11,8,10,16,13,7,10,14,12,16,21,34,50,18,20,24,11,12
"10-06-2022",5,4,3,4,3,4,10,21,21,16,25,12,14,35,24,17,15,14,15,21,24,11,21,15
"11-06-2022",9,11,9,5,4,4,7,12,10,6,19,10,6,5,5,5,5,4,5,11,16,20,17,11
"12-06-2022",10,8,5,5,5,5,12,7,13,13,5,7,7,8,6,7,5,8,6,8,6,6,5,6
"13-06-2022",6,5,5,5,4,5,6,12,14,9,6,10,7,7,6,5,8,6,8,12,20,25,24,25
"14-06-2022",18,11,7,4,4,7,21,40,36,17,11,11,15,18,11,8,7,5,7,11,12,28,25,14
"15-06-2022",12,6,5,4,4,5,18,31,22,27,16,16,8,12,10,10,19,17,12,12,11,28,20,9
"16-06-2022",13,6,7,5,4,4,9,29,22,27,7,231,8,9,9,15,10,6,8,6,8,11,19,5
"17-06-2022",8,10,4,4,4,7,11,16,24,13,13,11,9,7,8,13,8,6,8,17,9,12,16,14
"18-06-2022",8,9,5,5,5,6,9,19,16,9,11,12,9,7,8,6,11,6,6,5,5,8,24,19
"19-06-2022",14,14,9,6,5,5,3,3,3,3,4,4,5,4,4,3,4,4,4,6,10,5,6,5
"20-06-2022",13,7,4,6,4,5,10,14,22,18,10,16,9,5,7,5,7,4,10,17,26,27,22,14
"21-06-2022",9,13,10,5,4,7,25,37,13,4,6,13,10,12,7,14,5,5,9,4,4,12,21,11
"22-06-2022",8,6,5,4,4,5,13,12,12,6,8,12,12,6,11,19,6,9,6,12,9,22,12,8
"23-06-2022",10,6,5,5,10,7,9,17,13,8,6,12,13,12,18,15,5,6,6,8,8,19,13,15
"24-06-2022",8,5,6,5,4,7,18,37,12,6,15,11,7,9,15,13,6,11,11,6,8,12,11,7
"25-06-2022",8,7,8,8,5,7,10,9,10,15,9,11,8,6,6,7,6,13,6,4,9,11,7,8
"26-06-2022",5,5,4,4,5,4,7,5,3,3,3,7,4,6,3,13,6,9,12,20,17,8,17,9
"27-06-2022",5,5,5,5,4,6,10,20,29,30,27,28,11,15,16,9,6,7,9,9,8,12,13,9
"28-06-2022",-9999,-9999,-9999,-9999,-9999,-9999,-9999,-9999,-9999,-9999,-9999,-9999,-9999,-9999,-9999,-9999,-9999,-9999,-9999,-9999,-9999,-9999,-9999,-9999
"29-06-2022",-9999,-9999,-9999,-9999,-9999,-9999,-9999,-9999,-9999,-9999,-9999,-9999,-9999,-9999,-9999,-9999,-9999,-9999,-9999,-9999,-9999,-9999,-9999,-9999
"30-06-2022",-9999,-9999,-9999,-9999,-9999,-9999,-9999,-9999,-9999,-9999,-9999,-9999,-9999,-9999,-9999,-9999,-9999,-9999,-9999,-9999,-9999,-9999,-9999,-9999
"01-07-2022",-9999,-9999,-9999,-9999,-9999,-9999,-9999,-9999,-9999,-9999,-9999,-9999,-9999,-9999,-9999,-9999,-9999,-9999,-9999,-9999,-9999,-9999,-9999,-9999
"02-07-2022",-9999,-9999,-9999,-9999,-9999,-9999,-9999,-9999,-9999,-9999,-9999,-9999,-9999,-9999,-9999,-9999,-9999,-9999,-9999,-9999,-9999,-9999,-9999,-9999
"03-07-2022",-9999,-9999,-9999,-9999,-9999,-9999,-9999,-9999,-9999,-9999,-9999,-9999,-9999,-9999,-9999,-9999,-9999,-9999,-9999,-9999,-9999,-9999,-9999,-9999
"04-07-2022",-9999,-9999,-9999,-9999,-9999,-9999,-9999,-9999,-9999,-9999,-9999,-9999,-9999,-9999,-9999,-9999,-9999,-9999,-9999,-9999,-9999,-9999,-9999,-9999
"05-07-2022",-9999,-9999,-9999,-9999,-9999,-9999,-9999,-9999,-9999,-9999,-9999,-9999,-9999,-9999,-9999,-9999,-9999,-9999,-9999,-9999,-9999,-9999,-9999,-9999
"06-07-2022",-9999,-9999,-9999,-9999,-9999,-9999,-9999,-9999,-9999,-9999,-9999,-9999,-9999,-9999,-9999,-9999,-9999,-9999,-9999,-9999,-9999,-9999,-9999,-9999
"07-07-2022",-9999,-9999,-9999,-9999,-9999,-9999,-9999,-9999,-9999,-9999,-9999,-9999,-9999,-9999,-9999,-9999,-9999,-9999,-9999,-9999,-9999,-9999,-9999,-9999
"08-07-2022",-9999,-9999,-9999,-9999,-9999,-9999,-9999,-9999,-9999,-9999,-9999,-9999,-9999,-9999,-9999,-9999,-9999,-9999,-9999,-9999,-9999,-9999,-9999,-9999
"09-07-2022",-9999,-9999,-9999,-9999,-9999,-9999,-9999,-9999,-9999,-9999,-9999,-9999,-9999,-9999,-9999,-9999,-9999,-9999,-9999,-9999,-9999,-9999,-9999,-9999
"10-07-2022",-9999,-9999,-9999,-9999,-9999,-9999,-9999,-9999,-9999,-9999,-9999,-9999,-9999,-9999,-9999,-9999,-9999,-9999,-9999,-9999,-9999,-9999,-9999,-9999
"11-07-2022",-9999,-9999,-9999,-9999,-9999,-9999,-9999,-9999,-9999,-9999,-9999,-9999,-9999,-9999,-9999,-9999,-9999,-9999,-9999,-9999,-9999,-9999,-9999,-9999
"12-07-2022",-9999,-9999,-9999,-9999,-9999,-9999,-9999,-9999,-9999,-9999,-9999,-9999,-9999,-9999,-9999,-9999,-9999,-9999,-9999,-9999,-9999,-9999,-9999,-9999
"13-07-2022",-9999,-9999,-9999,-9999,-9999,-9999,-9999,-9999,-9999,-9999,-9999,-9999,-9999,-9999,-9999,-9999,-9999,-9999,-9999,-9999,-9999,-9999,-9999,-9999
"14-07-2022",-9999,-9999,-9999,-9999,-9999,-9999,-9999,-9999,-9999,-9999,-9999,-9999,-9999,-9999,-9999,-9999,-9999,-9999,-9999,-9999,-9999,-9999,-9999,-9999
"15-07-2022",-9999,-9999,-9999,-9999,-9999,-9999,-9999,-9999,-9999,-9999,-9999,-9999,-9999,-9999,-9999,-9999,-9999,-9999,-9999,-9999,-9999,-9999,-9999,-9999
"16-07-2022",-9999,-9999,-9999,-9999,-9999,-9999,-9999,-9999,-9999,-9999,-9999,-9999,-9999,-9999,-9999,-9999,-9999,-9999,-9999,-9999,-9999,-9999,-9999,-9999
"17-07-2022",-9999,-9999,-9999,-9999,-9999,-9999,-9999,-9999,-9999,-9999,-9999,-9999,-9999,-9999,-9999,-9999,-9999,-9999,-9999,-9999,-9999,-9999,-9999,-9999
"18-07-2022",-9999,-9999,-9999,-9999,-9999,-9999,-9999,-9999,-9999,-9999,-9999,-9999,-9999,-9999,-9999,-9999,-9999,-9999,-9999,-9999,-9999,-9999,-9999,-9999
"19-07-2022",-9999,-9999,-9999,-9999,-9999,-9999,-9999,-9999,-9999,-9999,-9999,-9999,-9999,-9999,-9999,-9999,-9999,-9999,-9999,-9999,-9999,-9999,-9999,-9999
"20-07-2022",-9999,-9999,-9999,-9999,-9999,-9999,-9999,-9999,-9999,-9999,-9999,-9999,-9999,-9999,-9999,-9999,-9999,-9999,-9999,-9999,-9999,-9999,-9999,-9999
"21-07-2022",-9999,-9999,-9999,-9999,-9999,-9999,-9999,-9999,-9999,-9999,-9999,-9999,-9999,-9999,-9999,-9999,-9999,-9999,-9999,-9999,-9999,-9999,-9999,-9999
"22-07-2022",-9999,-9999,-9999,-9999,-9999,-9999,-9999,-9999,-9999,-9999,-9999,-9999,-9999,-9999,-9999,-9999,-9999,-9999,-9999,-9999,-9999,-9999,-9999,-9999
"23-07-2022",-9999,-9999,-9999,-9999,-9999,-9999,-9999,-9999,-9999,-9999,-9999,-9999,-9999,-9999,-9999,-9999,-9999,-9999,-9999,-9999,-9999,-9999,-9999,-9999
"24-07-2022",-9999,-9999,-9999,-9999,-9999,-9999,-9999,-9999,-9999,-9999,-9999,-9999,-9999,-9999,-9999,-9999,-9999,-9999,-9999,-9999,-9999,-9999,-9999,-9999
"25-07-2022",-9999,-9999,-9999,-9999,-9999,-9999,-9999,-9999,-9999,-9999,-9999,-9999,-9999,-9999,-9999,-9999,-9999,-9999,-9999,-9999,-9999,-9999,-9999,-9999
"26-07-2022",-9999,-9999,-9999,-9999,-9999,-9999,-9999,-9999,-9999,-9999,-9999,-9999,-9999,-9999,-9999,-9999,-9999,-9999,-9999,-9999,-9999,-9999,-9999,-9999
"27-07-2022",-9999,-9999,-9999,-9999,-9999,-9999,-9999,-9999,-9999,-9999,-9999,-9999,-9999,-9999,-9999,-9999,-9999,-9999,-9999,-9999,-9999,-9999,-9999,-9999
"28-07-2022",-9999,-9999,-9999,-9999,-9999,-9999,-9999,-9999,-9999,-9999,-9999,-9999,-9999,-9999,-9999,-9999,-9999,-9999,-9999,-9999,-9999,-9999,-9999,-9999
"29-07-2022",-9999,-9999,-9999,-9999,-9999,-9999,-9999,-9999,-9999,-9999,-9999,-9999,-9999,-9999,-9999,-9999,-9999,-9999,-9999,-9999,-9999,-9999,-9999,-9999
"30-07-2022",-9999,-9999,-9999,-9999,-9999,-9999,-9999,-9999,-9999,-9999,-9999,-9999,-9999,-9999,-9999,-9999,-9999,-9999,-9999,-9999,-9999,-9999,-9999,-9999
"31-07-2022",-9999,-9999,-9999,-9999,-9999,-9999,-9999,-9999,-9999,-9999,-9999,-9999,-9999,-9999,-9999,-9999,-9999,-9999,-9999,-9999,-9999,-9999,-9999,-9999
"01-08-2022",-9999,-9999,-9999,-9999,-9999,-9999,-9999,-9999,-9999,-9999,-9999,-9999,-9999,-9999,-9999,-9999,-9999,-9999,-9999,-9999,-9999,-9999,-9999,-9999
"02-08-2022",-9999,-9999,-9999,-9999,-9999,-9999,-9999,-9999,-9999,-9999,-9999,-9999,-9999,-9999,-9999,-9999,-9999,-9999,-9999,-9999,-9999,-9999,-9999,-9999
"03-08-2022",-9999,-9999,-9999,-9999,-9999,-9999,-9999,-9999,-9999,-9999,-9999,-9999,-9999,-9999,-9999,-9999,-9999,-9999,-9999,-9999,-9999,-9999,-9999,-9999
"04-08-2022",7,6,5,6,6,6,12,23,25,24,13,8,9,13,18,10,7,9,6,15,21,19,6,17
"05-08-2022",6,6,4,4,6,14,23,42,44,28,16,8,12,14,10,13,9,7,6,7,9,12,13,16
"06-08-2022",15,10,9,8,5,6,7,16,26,15,11,10,9,7,7,9,9,7,10,9,12,17,9,16
"07-08-2022",15,11,11,9,11,15,10,10,12,7,7,5,6,5,6,4,5,4,4,6,10,15,10,5
"08-08-2022",5,8,5,6,11,6,14,14,13,9,8,15,13,14,12,12,7,9,6,9,7,8,9,14
"09-08-2022",5,5,5,4,4,5,13,19,37,28,21,21,26,19,15,15,13,10,10,14,29,11,8,8
"10-08-2022",5,7,6,6,5,8,12,45,52,23,17,17,10,11,9,8,10,10,13,21,19,8,9,11
"11-08-2022",6,6,5,5,5,6,17,32,37,49,34,17,7,12,11,9,6,6,5,6,7,12,9,6
"12-08-2022",7,5,5,5,5,6,16,31,31,23,12,17,9,8,13,18,13,16,10,8,11,17,8,10
"13-08-2022",8,6,5,5,5,7,19,9,22,13,10,16,14,12,10,6,12,9,16,15,7,13,19,14
"14-08-2022",13,9,7,8,7,6,8,8,9,6,5,4,4,5,6,5,4,4,4,4,4,8,9,5
"15-08-2022",6,4,4,6,4,4,5,6,8,4,5,4,4,6,4,4,4,4,9,6,8,14,17,15
"16-08-2022",10,10,6,5,4,10,14,26,18,5,4,8,6,12,13,9,5,5,5,10,20,25,14,16
"17-08-2022",11,9,7,5,5,5,11,12,17,7,8,7,10,11,6,15,12,11,13,12,18,13,16,6
"18-08-2022",6,6,7,5,5,6,6,12,21,19,18,13,10,11,8,8,13,17,25,35,37,28,22,7
"19-08-2022",7,8,11,6,5,8,16,30,38,19,14,13,9,11,12,6,11,12,9,23,20,15,12,11
"20-08-2022",10,8,8,5,5,4,4,10,16,8,12,10,9,17,9,6,9,7,7,5,6,8,10,12
"21-08-2022",10,8,6,7,4,6,6,9,10,4,4,4,8,7,5,6,4,6,4,7,12,12,11,17
"22-08-2022",12,9,7,6,5,8,10,23,25,13,7,9,12,9,5,9,11,10,6,8,6,5,5,15
"23-08-2022",8,7,6,4,4,6,7,31,27,7,8,7,10,14,23,20,17,10,8,16,10,18,18,51
"24-08-2022",10,6,5,5,4,5,10,23,18,22,19,9,10,10,9,6,9,12,7,11,15,22,21,24
"25-08-2022",14,9,7,4,4,5,5,10,19,13,16,9,9,21,14,29,16,18,11,9,13,27,18,18
"26-08-2022",11,7,6,6,5,7,14,33,27,17,18,16,11,12,9,6,8,7,10,12,11,7,14,49
"27-08-2022",8,6,9,4,5,6,5,15,28,18,16,12,16,8,8,11,9,10,14,13,11,8,9,11
"28-08-2022",13,10,8,9,6,5,9,8,12,8,7,6,4,5,6,4,4,6,5,5,13,18,15,16
"29-08-2022",7,10,5,4,4,6,10,21,35,7,8,7,7,9,7,11,5,6,11,16,6,20,27,32
"30-08-2022",14,7,8,5,5,11,13,17,17,36,79,27,13,10,12,11,6,8,13,7,7,34,21,18
"31-08-2022",13,7,7,5,5,5,19,29,28,20,26,24,15,10,9,10,8,7,7,7,12,19,28,17
"01-09-2022",12,9,7,6,5,9,16,28,29,19,14,13,9,8,15,6,8,17,6,10,7,21,15,21
"02-09-2022",8,9,10,5,4,5,21,34,37,25,21,39,13,26,35,40,17,10,7,7,15,9,8,29
"03-09-2022",11,10,8,5,5,7,9,17,19,8,7,5,7,8,11,7,41,11,23,6,18,21,19,22
"04-09-2022",17,16,14,9,10,10,7,11,11,7,6,5,9,8,8,6,16,11,11,10,10,21,17,7
"05-09-2022",17,11,8,9,8,7,11,57,21,17,33,11,10,10,7,7,7,6,6,6,7,6,10,7
"06-09-2022",6,5,4,3,7,5,10,32,41,45,23,14,10,8,14,12,9,9,8,22,21,38,24,12
"07-09-2022",5,6,5,5,5,5,8,22,34,54,16,9,8,11,12,12,9,9,9,10,23,12,9,8
"08-09-2022",5,5,4,4,4,6,9,11,21,23,35,13,12,11,11,8,6,7,7,9,39,23,16,25
"09-09-2022",20,18,20,11,17,10,21,27,34,33,30,22,16,12,9,11,27,18,20,14,30,26,13,30
"10-09-2022",23,10,7,9,10,8,11,10,12,17,10,9,6,6,8,15,13,6,7,16,16,18,10,12
"11-09-2022",14,16,18,9,12,11,11,7,9,9,8,8,7,6,6,7,5,6,10,15,13,18,9,17
"12-09-2022",9,6,6,5,6,10,24,42,39,23,10,14,10,12,8,6,6,5,12,25,36,38,31,18
"13-09-2022",6,6,5,5,5,7,16,37,37,24,11,10,9,13,14,7,5,8,6,6,10,16,20,12
"14-09-2022",8,7,5,4,5,8,17,23,28,19,11,16,15,13,13,8,9,13,30,8,7,22,30,24
"15-09-2022",12,9,6,8,4,7,8,11,47,25,16,16,17,11,9,6,6,6,10,10,18,58,38,30
"16-09-2022",12,18,9,6,5,8,21,41,82,26,13,17,9,20,19,14,7,9,9,9,29,14,34,11
"17-09-2022",18,23,14,11,12,13,16,26,40,27,5,10,17,14,17,13,11,11,7,5,5,8,13,11
"18-09-2022",14,10,9,8,8,8,8,8,6,5,6,4,18,9,4,4,7,4,5,5,11,18,23,27
"19-09-2022",9,9,6,9,6,8,13,19,50,23,25,14,13,13,18,11,5,6,15,33,31,30,29,14
"20-09-2022",9,6,6,4,4,7,17,95,27,35,35,13,8,10,19,10,10,14,12,43,13,12,18,17
"21-09-2022",10,8,6,5,4,6,11,37,51,24,11,10,10,9,7,9,6,14,16,5,13,18,20,30
"22-09-2022",7,5,5,4,4,5,11,53,55,20,18,10,11,13,12,11,6,6,6,8,16,29,18,12
"23-09-2022",5,5,5,4,5,4,10,25,36,40,10,10,7,8,10,8,6,7,6,7,33,38,19,46
"24-09-2022",10,24,7,5,5,5,6,9,22,18,15,9,9,7,10,7,5,6,10,6,12,23,22,22
"25-09-2022",19,15,7,13,7,7,7,7,9,8,11,12,7,6,6,4,4,5,7,7,20,17,27,26
"26-09-2022",7,7,5,5,9,13,59,51,91,37,15,14,9,11,11,6,8,13,7,14,20,26,17,25
"27-09-2022",11,9,6,6,5,6,14,25,28,38,29,31,27,28,10,6,10,12,7,18,26,30,19,17
"28-09-2022",9,9,6,6,5,4,8,13,30,26,20,10,18,18,18,27,7,11,8,23,23,22,25,19
"29-09-2022",7,6,6,5,5,6,13,18,28,27,16,21,17,19,12,8,7,8,7,5,19,30,19,41
"30-09-2022",21,18,10,8,15,8,47,95,143,43,17,22,13,10,13,14,6,8,18,33,97,126,77,55
"01-10-2022",11,20,10,12,6,6,9,10,32,22,12,18,13,14,13,13,11,13,16,36,62,63,10,12
"02-10-2022",4,4,5,4,4,3,4,6,15,6,10,7,15,6,5,9,5,6,8,23,27,26,29,25
"03-10-2022",18,14,9,5,6,14,29,36,39,25,25,17,10,14,21,7,5,7,11,8,38,33,17,13
"04-10-2022",14,6,6,6,8,8,40,132,133,63,28,19,12,10,12,10,8,8,8,10,39,55,34,29
"05-10-2022",12,9,12,11,5,7,25,121,160,92,14,10,11,10,11,9,6,9,23,16,14,26,22,15
"06-10-2022",11,6,3,3,3,9,8,20,-9999,-9999,-9999,-9999,-9999,-9999,-9999,10,5,8,9,16,13,33,18,17
"07-10-2022",7,5,3,3,1,6,43,108,102,51,15,14,15,20,21,16,9,10,20,28,21,45,26,9
"08-10-2022",3,12,2,1,4,3,6,9,26,17,12,7,7,8,8,6,5,8,22,33,28,19,24,21
"09-10-2022",18,19,19,6,27,16,33,16,35,15,10,8,4,5,4,3,14,6,4,6,25,29,34,36
"10-10-2022",14,13,13,3,4,6,29,74,115,51,42,23,12,9,20,8,8,8,12,21,13,19,19,13
"11-10-2022",6,4,2,1,3,4,6,19,47,27,21,10,11,12,16,9,8,4,10,13,27,26,8,6
"12-10-2022",5,7,6,3,3,4,16,75,66,45,24,30,28,21,19,15,7,7,16,42,47,34,25,21
"13-10-2022",12,15,8,4,3,22,41,120,149,77,46,20,13,10,13,8,7,13,12,19,5,18,25,17
"14-10-2022",9,6,3,1,2,2,13,30,16,22,14,15,11,33,16,32,19,12,10,9,29,44,15,14
"15-10-2022",1,1,1,1,1,1,1,2,4,4,5,5,6,6,6,6,3,3,4,5,13,4,4,6
"16-10-2022",5,12,14,7,21,12,14,15,9,6,5,4,5,5,3,4,3,4,15,40,46,30,18,25
"17-10-2022",21,16,9,7,4,4,23,94,139,106,45,32,32,14,10,7,7,5,8,10,8,17,17,14
"18-10-2022",9,5,2,1,2,1,7,44,104,56,49,26,21,21,23,14,4,5,5,18,28,48,68,42
"19-10-2022",10,6,2,2,1,1,12,43,111,59,32,12,12,8,10,15,14,7,15,60,61,95,59,78
"20-10-2022",44,15,17,9,6,5,18,101,134,100,28,58,31,22,10,13,6,8,10,87,97,68,55,92
"21-10-2022",13,11,2,3,5,10,46,85,143,168,76,21,42,17,8,9,7,7,7,21,40,39,59,33
"22-10-2022",14,6,4,3,3,3,4,6,17,40,41,15,15,10,13,5,4,22,31,49,27,22,25,20
"23-10-2022",26,25,10,8,13,18,17,14,17,19,15,11,24,16,4,6,5,10,24,39,42,47,56,55
"24-10-2022",54,50,20,6,5,18,73,185,233,114,20,19,23,13,11,7,16,12,84,156,194,98,105,87
"25-10-2022",42,24,8,5,12,24,58,167,134,83,46,38,14,11,14,28,12,42,37,75,100,91,62,94
"26-10-2022",31,24,15,14,8,15,60,123,156,112,34,48,29,13,19,14,6,10,88,173,231,173,120,115
"27-10-2022",44,32,12,6,8,17,54,183,265,150,50,44,30,25,70,35,33,101,221,195,99,129,115,119
"28-10-2022",47,38,18,19,19,7,6,10,24,14,4,3,4,11,5,4,3,5,6,7,5,5,6,11
"29-10-2022",21,7,4,3,7,3,9,13,42,55,35,23,14,18,9,14,3,4,4,23,15,46,12,6
"30-10-2022",9,5,6,3,3,4,5,5,4,11,33,17,11,11,5,3,4,5,5,15,17,13,20,15
"31-10-2022",41,12,13,17,4,5,11,41,147,152,54,38,17,10,14,13,13,14,40,152,149,47,76,20
"01-11-2022",17,5,3,3,2,2,3,11,21,18,19,15,14,12,13,10,10,21,23,21,15,18,11,10
"02-11-2022",5,13,5,6,7,15,73,140,80,65,23,15,17,26,54,16,11,32,62,86,71,72,47,45
"03-11-2022",37,31,12,12,13,18,47,131,143,24,23,11,15,16,20,23,7,16,162,143,68,42,51,56
"04-11-2022",43,15,16,20,24,15,66,136,107,53,16,16,10,13,10,9,16,30,63,132,152,114,59,57
"05-11-2022",37,22,22,8,21,21,40,54,41,45,19,19,11,13,19,10,7,12,12,7,22,19,15,6
"06-11-2022",5,3,5,2,2,7,14,6,14,11,25,29,14,15,8,10,15,64,39,14,12,13,37,45
"07-11-2022",25,11,6,7,3,6,23,111,106,35,57,17,23,8,9,12,7,21,22,30,57,71,70,37
"08-11-2022",27,19,12,8,3,10,48,107,168,49,31,21,29,9,13,9,14,30,26,40,66,109,86,65
"09-11-2022",33,8,7,7,5,7,31,68,97,41,37,29,13,10,8,11,9,45,123,99,97,131,85,63
"10-11-2022",28,13,6,4,3,5,27,130,99,54,32,37,11,14,17,18,14,27,58,91,87,116,81,59
"11-11-2022",33,18,16,5,4,16,51,147,116,88,39,30,28,31,21,12,56,101,145,156,113,139,82,58
"12-11-2022",33,33,20,13,7,15,24,40,54,16,22,20,17,11,6,5,5,8,27,31,26,23,21,18
"13-11-2022",9,9,15,15,18,17,10,13,13,6,4,5,4,5,5,16,44,61,67,51,71,74,83,45
"14-11-2022",13,9,7,4,3,4,12,32,77,40,20,24,19,9,15,10,15,107,77,60,57,83,82,80
"15-11-2022",47,25,18,8,8,10,19,67,75,57,41,18,15,9,7,10,8,55,62,35,46,40,23,53
"16-11-2022",41,14,15,7,6,17,35,74,103,68,31,6,12,19,24,28,31,63,77,61,34,28,17,13
"17-11-2022",8,6,5,3,2,5,11,20,29,38,33,20,22,27,30,29,20,56,89,55,40,30,21,25
"18-11-2022",16,12,4,3,6,6,19,55,100,91,43,29,34,18,10,17,19,28,28,25,30,34,21,19
"19-11-2022",14,10,6,5,8,9,14,17,23,24,19,11,11,8,13,19,15,17,35,58,51,29,18,13
"20-11-2022",32,57,15,10,9,11,4,4,9,10,14,36,18,11,15,8,16,35,13,11,15,13,13,8
"21-11-2022",7,7,3,2,2,4,7,26,51,41,18,26,17,21,41,29,31,40,23,33,41,41,27,17
"22-11-2022",-9999,-9999,-9999,-9999,-9999,-9999,-9999,-9999,-9999,-9999,-9999,-9999,-9999,-9999,-9999,-9999,-9999,-9999,-9999,-9999,-9999,-9999,-9999,-9999
"23-11-2022",-9999,-9999,-9999,-9999,-9999,-9999,-9999,-9999,-9999,-9999,-9999,-9999,-9999,-9999,-9999,-9999,-9999,-9999,-9999,-9999,-9999,-9999,-9999,-9999
"24-11-2022",-9999,-9999,-9999,-9999,-9999,-9999,-9999,-9999,-9999,-9999,-9999,-9999,-9999,-9999,-9999,-9999,-9999,-9999,-9999,-9999,-9999,-9999,-9999,-9999
"25-11-2022",-9999,-9999,-9999,-9999,-9999,-9999,-9999,-9999,-9999,-9999,-9999,-9999,-9999,-9999,-9999,-9999,-9999,-9999,-9999,-9999,-9999,-9999,-9999,-9999
"26-11-2022",-9999,-9999,-9999,-9999,-9999,-9999,-9999,-9999,-9999,-9999,-9999,-9999,-9999,-9999,-9999,-9999,-9999,-9999,-9999,-9999,-9999,-9999,-9999,-9999
"27-11-2022",-9999,-9999,-9999,-9999,-9999,-9999,-9999,-9999,-9999,-9999,-9999,-9999,-9999,-9999,-9999,-9999,-9999,-9999,-9999,-9999,-9999,-9999,-9999,-9999
"28-11-2022",-9999,-9999,-9999,-9999,-9999,-9999,-9999,-9999,-9999,-9999,-9999,-9999,-9999,-9999,-9999,-9999,-9999,-9999,-9999,-9999,-9999,-9999,-9999,-9999
"29-11-2022",-9999,-9999,-9999,-9999,-9999,-9999,-9999,-9999,-9999,-9999,-9999,-9999,-9999,-9999,-9999,-9999,-9999,-9999,-9999,-9999,-9999,-9999,-9999,-9999
"30-11-2022",-9999,-9999,-9999,-9999,-9999,-9999,-9999,-9999,-9999,-9999,-9999,-9999,-9999,-9999,-9999,-9999,-9999,-9999,-9999,-9999,-9999,-9999,-9999,-9999
"01-12-2022",-9999,-9999,-9999,-9999,-9999,-9999,-9999,-9999,-9999,-9999,-9999,-9999,-9999,-9999,-9999,-9999,-9999,-9999,-9999,-9999,-9999,-9999,-9999,-9999
"02-12-2022",-9999,-9999,-9999,-9999,-9999,-9999,-9999,-9999,-9999,-9999,-9999,-9999,-9999,-9999,-9999,-9999,-9999,-9999,-9999,-9999,-9999,-9999,-9999,-9999
"03-12-2022",-9999,-9999,-9999,-9999,-9999,-9999,-9999,-9999,-9999,-9999,-9999,-9999,-9999,-9999,-9999,-9999,-9999,-9999,-9999,-9999,-9999,-9999,-9999,-9999
"04-12-2022",-9999,-9999,-9999,-9999,-9999,-9999,-9999,-9999,-9999,-9999,-9999,-9999,-9999,-9999,-9999,-9999,-9999,-9999,-9999,-9999,-9999,-9999,-9999,-9999
"05-12-2022",-9999,-9999,-9999,-9999,-9999,-9999,-9999,-9999,-9999,-9999,-9999,-9999,-9999,-9999,-9999,-9999,-9999,-9999,-9999,-9999,-9999,-9999,-9999,-9999
"06-12-2022",-9999,-9999,-9999,-9999,-9999,-9999,-9999,-9999,-9999,-9999,-9999,-9999,-9999,-9999,-9999,-9999,-9999,-9999,-9999,-9999,-9999,-9999,-9999,-9999
"07-12-2022",-9999,-9999,-9999,-9999,-9999,-9999,-9999,-9999,-9999,-9999,-9999,-9999,-9999,-9999,-9999,-9999,-9999,-9999,-9999,-9999,-9999,-9999,-9999,-9999
"08-12-2022",-9999,-9999,-9999,-9999,-9999,-9999,-9999,-9999,-9999,-9999,-9999,-9999,-9999,-9999,-9999,-9999,-9999,-9999,-9999,-9999,-9999,-9999,-9999,-9999
"09-12-2022",-9999,-9999,-9999,-9999,-9999,-9999,-9999,-9999,-9999,-9999,-9999,-9999,-9999,-9999,-9999,-9999,-9999,-9999,-9999,-9999,-9999,-9999,-9999,-9999
"10-12-2022",-9999,-9999,-9999,-9999,-9999,-9999,-9999,-9999,-9999,-9999,-9999,-9999,-9999,-9999,-9999,-9999,-9999,-9999,-9999,-9999,-9999,-9999,-9999,-9999
"11-12-2022",-9999,-9999,-9999,-9999,-9999,-9999,-9999,-9999,-9999,-9999,-9999,-9999,-9999,-9999,-9999,-9999,-9999,-9999,-9999,-9999,-9999,-9999,-9999,-9999
"12-12-2022",-9999,-9999,-9999,-9999,-9999,-9999,-9999,-9999,-9999,-9999,-9999,-9999,-9999,-9999,-9999,-9999,-9999,-9999,-9999,-9999,-9999,-9999,-9999,-9999
"13-12-2022",-9999,-9999,-9999,-9999,-9999,-9999,-9999,-9999,-9999,-9999,-9999,-9999,-9999,-9999,-9999,-9999,-9999,-9999,-9999,-9999,-9999,-9999,-9999,-9999
"14-12-2022",18,10,10,4,1,6,50,-9999,-9999,-9999,-9999,-9999,-9999,-9999,-9999,12,15,15,11,12,12,12,11,12
"15-12-2022",16,18,26,15,4,5,11,32,46,38,21,14,19,16,19,15,35,75,132,207,231,191,89,53
"16-12-2022",54,32,30,20,18,47,102,107,179,115,54,23,20,17,27,48,74,54,190,68,85,119,99,29
"17-12-2022",13,8,6,8,2,6,5,5,10,10,8,12,11,10,19,17,36,54,78,91,110,145,112,131
"18-12-2022",97,80,71,75,38,37,68,58,61,115,33,8,35,22,6,11,60,46,80,59,82,23,25,35
"19-12-2022",38,44,31,31,16,16,36,102,160,178,108,46,31,11,10,11,18,40,23,61,120,51,18,13
"20-12-2022",20,4,4,2,3,9,21,61,81,79,36,20,28,26,12,6,8,25,36,37,75,33,20,14
"21-12-2022",8,4,6,2,1,4,30,69,105,106,63,30,17,9,15,15,19,66,147,130,135,148,83,67
"22-12-2022",18,18,9,4,5,8,28,105,138,138,69,15,19,24,17,13,18,98,94,104,129,119,92,27
"23-12-2022",16,11,9,5,4,11,51,64,102,137,98,33,28,14,5,7,17,109,75,75,90,79,65,65
"24-12-2022",49,46,25,14,11,18,25,21,57,41,27,14,6,6,10,17,21,49,79,60,47,35,20,27
"25-12-2022",33,17,18,27,26,20,13,8,22,13,13,17,7,6,6,14,67,107,89,92,110,78,69,76
"26-12-2022",75,53,32,19,33,47,14,27,30,72,38,19,8,6,4,4,9,62,55,55,60,31,24,38
"27-12-2022",18,13,7,3,3,4,10,48,21,14,7,7,8,18,42,8,3,21,61,69,54,46,28,27
"28-12-2022",14,9,7,3,2,5,11,30,93,83,27,21,14,9,8,8,10,95,76,75,120,113,74,58
"29-12-2022",38,34,17,8,5,9,24,72,111,82,62,24,15,8,8,5,6,45,87,65,77,80,61,58
"30-12-2022",55,32,13,14,4,16,39,49,88,80,31,15,13,8,5,7,7,61,50,45,66,51,41,36
"31-12-2022",19,9,10,23,8,9,15,13,64,74,17,8,7,9,10,5,7,76,85,89,100,71,72,29
"01-01-2023",38,85,53,19,25,37,52,43,13,16,50,37,18,9,4,5,12,22,20,23,11,10,8,23
"02-01-2023",18,9,12,6,7,9,26,49,49,58,91,21,10,7,7,8,40,99,103,62,55,78,73,53
"03-01-2023",23,12,7,4,3,13,8,31,42,34,38,51,30,12,10,9,18,46,42,26,33,25,32,22
"04-01-2023",8,6,3,1,2,7,13,14,35,49,19,11,7,13,6,5,7,73,100,104,127,142,133,89
"05-01-2023",34,36,14,11,8,10,35,94,152,124,57,41,11,6,8,14,15,45,74,69,86,83,66,32
"06-01-2023",18,17,5,5,3,3,4,10,22,45,8,6,23,15,3,3,7,43,57,47,68,74,89,81
"07-01-2023",38,31,22,15,10,7,6,10,59,63,85,61,14,10,9,8,11,35,69,88,79,66,76,65
"08-01-2023",72,44,32,9,11,9,12,6,18,27,27,9,5,8,4,3,5,53,58,44,37,38,36,16
"09-01-2023",17,11,10,3,4,5,27,82,97,123,34,24,30,16,31,18,39,43,23,19,20,15,9,6
"10-01-2023",4,2,2,2,2,3,10,16,11,23,25,15,21,32,32,23,14,27,28,34,27,38,41,18
"11-01-2023",9,3,3,5,1,9,19,59,67,26,31,15,6,16,15,11,20,76,61,45,82,86,61,13
"12-01-2023",14,7,9,5,5,4,25,55,105,83,52,25,13,11,19,21,38,63,77,107,128,108,51,46
"13-01-2023",20,16,9,4,3,10,25,74,126,104,35,39,17,18,8,7,7,67,124,107,142,76,94,66
"14-01-2023",54,35,12,15,13,19,30,57,60,56,37,30,33,13,5,4,5,74,68,65,69,40,34,28
"15-01-2023",22,22,19,15,8,10,12,8,14,36,39,16,4,15,9,5,8,37,47,89,65,62,56,33
"16-01-2023",15,18,15,6,13,8,34,80,-9999,-9999,104,49,8,19,16,24,13,13,20,19,15,13,11,6
"17-01-2023",4,3,2,2,2,4,6,10,19,13,15,16,15,14,13,11,11,11,13,13,11,11,6,4
"18-01-2023",3,2,2,2,2,3,5,10,16,14,12,9,14,13,10,8,8,11,13,20,21,23,9,10
"19-01-2023",18,5,5,3,3,3,8,32,52,39,17,11,13,7,5,8,4,12,27,31,31,27,6,3
"20-01-2023",6,4,3,2,3,4,6,12,20,16,18,11,33,26,27,20,18,32,26,31,29,31,14,15
"21-01-2023",10,5,2,2,5,3,5,5,9,10,15,30,17,21,19,17,14,18,18,24,11,12,19,16
"22-01-2023",33,32,8,5,11,22,6,5,6,8,23,9,7,5,5,8,44,46,69,47,58,83,81,36
"23-01-2023",16,3,2,2,2,3,14,68,-9999,22,42,57,76,36,19,61,40,22,31,63,71,57,21,7
"24-01-2023",10,8,5,4,3,5,16,42,103,60,42,15,10,12,13,10,17,45,61,86,127,100,86,50
"25-01-2023",21,17,7,5,2,4,14,62,79,53,107,134,44,49,26,5,5,7,16,23,44,38,33,21
"26-01-2023",6,7,1,1,2,2,4,8,8,9,22,22,23,24,16,37,17,22,37,49,32,36,24,8
"27-01-2023",8,4,2,2,2,2,4,11,32,22,31,36,11,10,13,15,12,40,87,93,102,71,91,53
"28-01-2023",22,16,8,6,5,5,8,20,33,32,29,5,8,6,4,6,9,14,58,58,59,65,44,44
"29-01-2023",34,16,28,12,12,14,8,13,18,17,9,11,16,6,7,5,8,13,47,63,67,71,65,58
"30-01-2023",43,18,10,10,5,5,21,34,37,45,34,22,8,8,11,14,10,9,14,40,42,39,34,22
"31-01-2023",10,10,3,2,2,7,15,34,62,39,21,13,10,12,14,7,4,4,6,7,7,21,12,7
"01-02-2023",5,2,1,1,1,1,5,34,62,42,17,10,8,16,15,14,4,18,47,29,40,33,25,17
"02-02-2023",7,4,3,1,1,5,15,36,62,53,36,12,17,9,11,12,54,48,50,57,76,62,73,32
"03-02-2023",19,7,4,3,2,5,12,29,76,47,16,20,9,7,4,3,7,47,45,62,58,120,97,32
"04-02-2023",10,6,4,5,7,12,9,21,17,38,13,29,38,31,6,8,9,13,8,17,19,25,26,15
"05-02-2023",13,14,13,2,7,2,1,2,2,2,2,2,2,2,3,4,3,3,5,5,14,8,10,9
"06-02-2023",8,4,2,2,1,3,2,4,20,10,12,9,7,5,6,15,17,10,8,8,6,4,6,4
"07-02-2023",2,2,1,1,-9999,1,3,7,12,10,7,11,8,10,16,8,10,7,8,7,8,7,2,2
"08-02-2023",1,1,-9999,-9999,-9999,1,2,4,14,10,10,7,9,7,6,5,4,5,5,5,3,3,3,4
"09-02-2023",1,1,1,1,-9999,1,3,3,7,7,4,5,7,6,7,5,5,8,12,11,9,7,4,5
"10-02-2023",3,2,1,1,1,1,1,5,8,12,11,8,14,14,13,20,15,15,19,30,37,63,56,36
"11-02-2023",35,30,19,13,10,17,18,28,50,66,12,8,6,9,4,4,2,4,5,15,25,19,42,35
"12-02-2023",26,20,24,13,10,5,10,8,15,13,4,4,3,3,3,2,4,22,33,43,54,20,10,11
"13-02-2023",6,2,1,1,1,2,2,7,19,24,17,12,11,7,12,5,3,4,27,49,28,21,27,22
"14-02-2023",10,6,4,2,1,3,5,20,31,37,12,18,12,6,6,4,7,6,36,30,41,45,33,46
"15-02-2023",14,6,4,4,2,7,20,-9999,-9999,-9999,64,47,43,7,7,7,4,6,14,22,32,30,25,7
"16-02-2023",9,5,4,2,3,6,29,-9999,-9999,47,15,5,11,5,9,17,4,4,27,38,32,30,25,17
"17-02-2023",15,9,7,8,5,6,11,27,32,41,22,11,16,15,6,6,11,8,21,34,40,39,24,17
"18-02-2023",9,7,5,4,5,10,7,23,31,28,11,9,6,7,5,2,5,10,9,29,22,17,14,16
"19-02-2023",11,9,7,6,5,8,14,8,9,14,10,7,5,3,3,2,2,3,4,12,13,10,10,9
"20-02-2023",9,6,6,6,4,5,14,34,51,33,7,4,3,4,4,6,6,4,56,68,60,88,79,47
"21-02-2023",30,12,11,8,5,5,31,39,-9999,-9999,-9999,-9999,3,3,10,8,19,14,15,20,66,65,22,21
"22-02-2023",6,5,5,4,10,9,20,44,62,29,6,9,8,5,5,10,3,2,15,8,50,63,44,27
"23-02-2023",12,10,11,9,7,12,21,42,60,46,11,7,22,8,28,39,14,2,11,7,77,54,36,39
"24-02-2023",14,9,10,6,6,3,40,105,21,14,10,5,4,5,3,4,4,4,26,2,12,53,19,40
"25-02-2023",27,28,15,4,32,66,42,78,58,27,6,2,4,2,2,14,6,4,5,8,35,17,7,13
"26-02-2023",5,9,8,4,3,2,2,3,2,3,7,8,12,12,15,21,23,64,75,79,38,30,16,26
"27-02-2023",28,13,2,11,19,18,13,8,8,6,1,6,3,8,3,5,5,9,12,14,16,60,58,41
"28-02-2023",21,6,1,1,1,4,16,48,71,97,33,7,12,12,14,30,4,33,17,66,136,96,51,52
"01-03-2023",8,5,2,1,1,1,13,57,59,72,28,33,9,9,7,12,5,6,11,13,24,16,6,18
"02-03-2023",4,5,1,1,1,2,15,39,49,55,36,14,15,8,9,9,4,12,17,33,38,19,31,21
"03-03-2023",9,3,5,3,4,3,15,80,53,13,9,6,4,3,5,4,3,3,3,6,55,50,43,16
"04-03-2023",10,6,2,1,-9999,1,1,3,8,7,9,6,7,5,6,11,11,7,29,25,19,22,16,21
"05-03-2023",39,21,16,11,6,16,5,1,2,2,3,7,3,2,1,2,1,1,1,9,23,25,19,14
"06-03-2023",9,6,3,2,3,4,16,47,37,8,9,2,3,4,3,3,2,1,10,20,19,19,12,14
"07-03-2023",3,1,1,1,1,1,4,8,19,12,16,32,32,23,37,32,19,10,11,13,10,8,5,3
"08-03-2023",3,2,1,1,1,11,23,52,83,16,2,2,21,3,5,8,4,5,4,51,54,34,34,26
"09-03-2023",8,7,2,4,1,9,42,61,54,17,10,14,7,4,4,4,17,18,26,9,7,18,36,33
"10-03-2023",11,10,15,2,5,9,32,84,30,31,4,4,4,11,10,3,6,10,16,18,20,18,16,12
"11-03-2023",4,2,4,1,1,4,7,8,7,11,6,6,3,8,6,1,3,2,10,10,14,12,4,5
"12-03-2023",1,9,9,7,17,21,10,12,15,6,3,2,2,4,7,3,6,10,4,6,4,3,8,2
"13-03-2023",1,1,5,3,3,2,6,41,26,16,6,6,9,9,10,4,3,4,6,9,10,4,5,5
"14-03-2023",2,1,1,1,1,1,12,38,59,15,16,8,5,5,3,3,2,7,21,54,52,43,14,18
"15-03-2023",12,4,2,1,2,10,9,18,28,18,19,33,45,17,8,22,9,4,10,22,23,17,31,15
"16-03-2023",10,10,8,13,15,11,24,28,41,27,4,8,8,7,6,4,7,18,25,15,8,29,19,14
"17-03-2023",10,4,4,1,1,1,2,7,6,7,9,5,5,6,12,11,10,9,10,7,10,8,16,21
"18-03-2023",12,4,8,3,3,2,5,12,16,15,12,8,4,4,3,3,2,1,3,16,53,35,24,18
"19-03-2023",14,2,2,7,7,2,2,4,9,4,3,3,3,4,4,4,2,2,5,52,64,45,31,40
"20-03-2023",15,2,3,1,3,7,20,87,40,16,6,7,3,11,5,4,5,1,3,41,78,46,46,52
"21-03-2023",21,8,3,5,2,6,11,48,12,41,19,28,28,29,26,7,3,4,46,80,65,55,34,26
"22-03-2023",8,2,5,2,3,5,47,46,20,12,9,10,12,9,7,6,4,3,11,35,132,86,35,21
"23-03-2023",7,2,1,3,3,2,6,34,32,37,14,10,9,5,6,5,3,4,6,6,25,25,18,4
"24-03-2023",3,1,1,1,1,2,10,27,35,16,16,9,7,6,5,4,5,5,2,15,22,24,30,30
"25-03-2023",13,13,9,6,3,1,11,6,10,2,1,4,5,6,1,9,1,5,2,4,3,2,5,15
"26-03-2023",17,14,9,10,11,8,14,8,3,2,2,4,7,1,2,1,27,2,12,14,21,17,7,9
"27-03-2023",8,7,4,3,5,31,35,30,11,8,9,5,5,4,8,4,1,2,1,3,11,17,4,1
"28-03-2023",6,1,1,1,2,5,17,25,24,14,12,16,23,9,15,14,14,12,3,1,2,2,2,1
"29-03-2023",1,1,1,1,1,13,43,40,46,12,10,8,10,3,2,2,2,13,14,21,23,31,22,11
"30-03-2023",3,1,4,2,9,34,51,65,49,16,11,3,4,6,6,3,2,14,2,1,38,28,17,14
"31-03-2023",6,3,4,4,9,21,39,74,24,4,8,6,5,14,15,12,9,4,14,5,15,8,10,4
"01-04-2023",2,4,7,4,5,11,11,14,4,1,4,20,15,8,5,3,4,6,7,5,6,10,5,6
"02-04-2023",9,6,3,1,7,5,7,4,5,3,5,5,4,2,5,3,4,4,4,9,11,13,11,1
"03-04-2023",2,1,1,3,3,2,5,6,12,6,22,17,29,33,6,2,5,8,3,25,46,14,5,4
"04-04-2023",4,3,5,2,5,16,44,56,30,6,4,5,3,3,2,2,1,2,2,3,2,1,6,4
"05-04-2023",2,1,1,1,1,7,24,47,-9999,8,4,3,2,4,2,2,3,3,2,2,7,34,14,5
"06-04-2023",3,2,1,1,2,2,8,21,29,12,33,29,7,8,4,4,2,1,2,9,16,36,22,23
"07-04-2023",11,3,6,8,1,4,19,29,-9999,-9999,-9999,-9999,-9999,-9999,-9999,-9999,-9999,-9999,-9999,-9999,-9999,-9999,-9999,-9999
"08-04-2023",-9999,-9999,-9999,-9999,-9999,-9999,-9999,-9999,-9999,-9999,-9999,-9999,-9999,-9999,-9999,-9999,-9999,-9999,-9999,-9999,-9999,-9999,-9999,-9999
"09-04-2023",-9999,-9999,-9999,-9999,-9999,-9999,-9999,-9999,-9999,-9999,-9999,-9999,-9999,-9999,-9999,-9999,-9999,-9999,-9999,-9999,-9999,-9999,-9999,-9999
"10-04-2023",-9999,-9999,-9999,-9999,-9999,-9999,-9999,-9999,-9999,-9999,-9999,-9999,-9999,-9999,-9999,-9999,-9999,-9999,-9999,-9999,-9999,-9999,-9999,-9999
"11-04-2023",-9999,-9999,-9999,-9999,-9999,-9999,-9999,-9999,-9999,-9999,-9999,-9999,-9999,-9999,-9999,-9999,-9999,-9999,-9999,-9999,-9999,-9999,-9999,-9999
"12-04-2023",-9999,-9999,-9999,-9999,-9999,-9999,-9999,-9999,-9999,-9999,-9999,-9999,-9999,-9999,-9999,-9999,-9999,-9999,-9999,-9999,-9999,-9999,-9999,-9999
"13-04-2023",-9999,-9999,-9999,-9999,-9999,-9999,-9999,-9999,-9999,-9999,-9999,-9999,-9999,-9999,-9999,-9999,-9999,-9999,-9999,-9999,-9999,-9999,-9999,-9999
"14-04-2023",-9999,-9999,-9999,-9999,-9999,-9999,-9999,-9999,-9999,-9999,-9999,-9999,-9999,-9999,-9999,-9999,-9999,-9999,-9999,-9999,-9999,-9999,-9999,-9999
"15-04-2023",-9999,-9999,-9999,-9999,-9999,-9999,-9999,-9999,-9999,-9999,-9999,-9999,-9999,-9999,-9999,-9999,-9999,-9999,-9999,-9999,-9999,-9999,-9999,-9999
"16-04-2023",-9999,-9999,-9999,-9999,-9999,-9999,-9999,-9999,-9999,-9999,-9999,-9999,-9999,-9999,-9999,-9999,-9999,-9999,-9999,-9999,-9999,-9999,-9999,-9999
"17-04-2023",-9999,-9999,-9999,-9999,-9999,-9999,-9999,-9999,-9999,-9999,-9999,-9999,-9999,-9999,-9999,-9999,-9999,-9999,-9999,-9999,-9999,-9999,-9999,-9999
"18-04-2023",-9999,-9999,-9999,-9999,-9999,-9999,-9999,-9999,-9999,-9999,-9999,-9999,-9999,-9999,-9999,-9999,-9999,-9999,-9999,-9999,-9999,-9999,-9999,-9999
"19-04-2023",-9999,-9999,-9999,-9999,-9999,-9999,-9999,-9999,-9999,-9999,-9999,-9999,-9999,-9999,-9999,-9999,-9999,-9999,-9999,-9999,-9999,-9999,-9999,-9999
"20-04-2023",-9999,-9999,-9999,-9999,-9999,-9999,-9999,-9999,-9999,-9999,-9999,-9999,-9999,-9999,-9999,-9999,-9999,-9999,-9999,-9999,-9999,-9999,-9999,-9999
"21-04-2023",-9999,-9999,-9999,-9999,-9999,-9999,-9999,-9999,-9999,-9999,-9999,-9999,-9999,-9999,-9999,-9999,-9999,-9999,-9999,-9999,-9999,-9999,-9999,-9999
"22-04-2023",-9999,-9999,-9999,-9999,-9999,-9999,-9999,-9999,-9999,-9999,-9999,-9999,-9999,-9999,-9999,-9999,-9999,-9999,-9999,-9999,-9999,-9999,-9999,-9999
"23-04-2023",-9999,-9999,-9999,-9999,-9999,-9999,-9999,-9999,-9999,-9999,-9999,-9999,-9999,-9999,-9999,-9999,-9999,-9999,-9999,-9999,-9999,-9999,-9999,-9999
"24-04-2023",-9999,-9999,-9999,-9999,-9999,-9999,-9999,-9999,-9999,-9999,-9999,-9999,-9999,-9999,-9999,-9999,-9999,-9999,-9999,-9999,-9999,-9999,-9999,-9999
"25-04-2023",-9999,-9999,-9999,-9999,-9999,-9999,-9999,-9999,-9999,-9999,-9999,-9999,-9999,-9999,-9999,-9999,-9999,-9999,-9999,-9999,-9999,-9999,-9999,-9999
"26-04-2023",-9999,-9999,-9999,-9999,-9999,-9999,-9999,-9999,-9999,-9999,-9999,-9999,-9999,-9999,-9999,-9999,-9999,-9999,-9999,-9999,-9999,-9999,-9999,-9999
"27-04-2023",-9999,-9999,-9999,-9999,-9999,-9999,-9999,-9999,-9999,-9999,-9999,-9999,-9999,-9999,-9999,-9999,-9999,-9999,-9999,-9999,-9999,-9999,-9999,-9999
"28-04-2023",-9999,-9999,-9999,-9999,-9999,-9999,-9999,-9999,-9999,-9999,-9999,-9999,-9999,-9999,-9999,-9999,-9999,-9999,-9999,-9999,-9999,-9999,-9999,-9999
"29-04-2023",-9999,-9999,-9999,-9999,-9999,-9999,-9999,-9999,-9999,-9999,-9999,-9999,-9999,-9999,-9999,-9999,-9999,-9999,-9999,-9999,-9999,-9999,-9999,-9999
"30-04-2023",-9999,-9999,-9999,-9999,-9999,-9999,-9999,-9999,-9999,-9999,-9999,-9999,-9999,-9999,-9999,-9999,-9999,-9999,-9999,-9999,-9999,-9999,-9999,-9999
"01-05-2023",-9999,-9999,-9999,-9999,-9999,-9999,-9999,-9999,-9999,-9999,-9999,-9999,-9999,-9999,-9999,-9999,-9999,-9999,-9999,-9999,-9999,-9999,-9999,-9999
"02-05-2023",-9999,-9999,-9999,-9999,-9999,-9999,-9999,-9999,-9999,-9999,-9999,-9999,-9999,-9999,-9999,-9999,-9999,-9999,-9999,-9999,-9999,-9999,-9999,-9999
"03-05-2023",-9999,-9999,-9999,-9999,-9999,-9999,-9999,-9999,-9999,-9999,-9999,-9999,-9999,-9999,-9999,-9999,-9999,-9999,-9999,-9999,-9999,-9999,-9999,-9999
"04-05-2023",-9999,-9999,-9999,-9999,-9999,-9999,-9999,-9999,-9999,-9999,-9999,-9999,-9999,-9999,-9999,-9999,-9999,-9999,-9999,-9999,-9999,-9999,-9999,-9999
"05-05-2023",-9999,-9999,-9999,-9999,-9999,-9999,-9999,-9999,-9999,-9999,-9999,-9999,-9999,-9999,-9999,-9999,-9999,-9999,-9999,-9999,-9999,-9999,-9999,-9999
"06-05-2023",-9999,-9999,-9999,-9999,-9999,-9999,-9999,-9999,-9999,-9999,-9999,-9999,-9999,-9999,-9999,-9999,-9999,-9999,-9999,-9999,-9999,-9999,-9999,-9999
"07-05-2023",-9999,-9999,-9999,-9999,-9999,-9999,-9999,-9999,-9999,-9999,-9999,-9999,-9999,-9999,-9999,-9999,-9999,-9999,-9999,-9999,-9999,-9999,-9999,-9999
"08-05-2023",-9999,-9999,-9999,-9999,-9999,-9999,-9999,-9999,-9999,-9999,-9999,-9999,-9999,-9999,-9999,-9999,-9999,-9999,-9999,-9999,-9999,-9999,-9999,-9999
"09-05-2023",-9999,-9999,-9999,-9999,-9999,-9999,-9999,-9999,-9999,-9999,-9999,-9999,-9999,-9999,-9999,-9999,-9999,-9999,-9999,-9999,-9999,-9999,-9999,-9999
"10-05-2023",-9999,-9999,-9999,-9999,-9999,-9999,-9999,-9999,-9999,-9999,-9999,-9999,-9999,-9999,-9999,-9999,-9999,-9999,-9999,-9999,-9999,-9999,-9999,-9999
"11-05-2023",-9999,-9999,-9999,-9999,-9999,-9999,-9999,-9999,-9999,-9999,-9999,-9999,-9999,-9999,-9999,-9999,-9999,-9999,-9999,-9999,-9999,-9999,-9999,-9999
"12-05-2023",-9999,-9999,-9999,-9999,-9999,-9999,-9999,-9999,-9999,-9999,-9999,-9999,-9999,-9999,-9999,-9999,-9999,-9999,-9999,-9999,-9999,-9999,-9999,-9999
"13-05-2023",-9999,-9999,-9999,-9999,-9999,-9999,-9999,-9999,-9999,-9999,-9999,-9999,-9999,-9999,-9999,-9999,-9999,-9999,-9999,-9999,-9999,-9999,-9999,-9999
"14-05-2023",-9999,-9999,-9999,-9999,-9999,-9999,-9999,-9999,-9999,-9999,-9999,-9999,-9999,-9999,-9999,-9999,-9999,-9999,-9999,-9999,-9999,-9999,-9999,-9999
"15-05-2023",-9999,-9999,-9999,-9999,-9999,-9999,-9999,-9999,-9999,-9999,-9999,-9999,-9999,-9999,-9999,-9999,-9999,-9999,-9999,-9999,-9999,-9999,-9999,-9999
"16-05-2023",-9999,-9999,-9999,-9999,-9999,-9999,-9999,-9999,-9999,-9999,-9999,-9999,-9999,-9999,-9999,-9999,-9999,-9999,-9999,-9999,-9999,-9999,-9999,-9999
"17-05-2023",-9999,-9999,-9999,-9999,-9999,-9999,-9999,-9999,-9999,-9999,-9999,-9999,-9999,-9999,-9999,-9999,-9999,-9999,-9999,-9999,-9999,-9999,-9999,-9999
"18-05-2023",-9999,-9999,-9999,-9999,-9999,-9999,-9999,-9999,-9999,-9999,-9999,-9999,-9999,-9999,-9999,-9999,-9999,-9999,-9999,-9999,-9999,-9999,-9999,-9999
"19-05-2023",-9999,-9999,-9999,-9999,-9999,-9999,-9999,-9999,-9999,-9999,-9999,-9999,-9999,-9999,-9999,-9999,-9999,-9999,-9999,-9999,-9999,-9999,-9999,-9999
"20-05-2023",-9999,-9999,-9999,-9999,-9999,-9999,-9999,-9999,-9999,-9999,-9999,-9999,-9999,-9999,-9999,-9999,-9999,-9999,-9999,-9999,-9999,-9999,-9999,-9999
"21-05-2023",-9999,-9999,-9999,-9999,-9999,-9999,-9999,-9999,-9999,-9999,-9999,-9999,-9999,-9999,-9999,-9999,-9999,-9999,-9999,-9999,-9999,-9999,-9999,-9999
"22-05-2023",-9999,-9999,-9999,-9999,-9999,-9999,-9999,-9999,-9999,-9999,-9999,-9999,-9999,-9999,-9999,-9999,-9999,-9999,-9999,-9999,-9999,-9999,-9999,-9999
"23-05-2023",-9999,-9999,-9999,-9999,-9999,-9999,-9999,-9999,-9999,-9999,-9999,-9999,-9999,-9999,-9999,-9999,-9999,-9999,-9999,-9999,-9999,-9999,-9999,-9999
"24-05-2023",-9999,-9999,-9999,-9999,-9999,-9999,-9999,-9999,-9999,-9999,-9999,-9999,-9999,-9999,-9999,-9999,-9999,-9999,-9999,-9999,-9999,-9999,-9999,-9999
"25-05-2023",-9999,-9999,-9999,-9999,-9999,-9999,-9999,-9999,-9999,-9999,-9999,-9999,-9999,-9999,-9999,-9999,-9999,-9999,-9999,-9999,-9999,-9999,-9999,-9999
"26-05-2023",-9999,-9999,-9999,-9999,-9999,-9999,-9999,-9999,-9999,-9999,-9999,-9999,-9999,-9999,-9999,-9999,-9999,-9999,-9999,-9999,-9999,-9999,-9999,-9999
"27-05-2023",-9999,-9999,-9999,-9999,-9999,-9999,-9999,-9999,-9999,-9999,-9999,-9999,-9999,-9999,-9999,-9999,-9999,-9999,-9999,-9999,-9999,-9999,-9999,-9999
"28-05-2023",-9999,-9999,-9999,-9999,-9999,-9999,-9999,-9999,-9999,-9999,-9999,-9999,-9999,-9999,-9999,-9999,-9999,-9999,-9999,-9999,-9999,-9999,-9999,-9999
"29-05-2023",-9999,-9999,-9999,-9999,-9999,-9999,-9999,-9999,-9999,-9999,-9999,-9999,-9999,-9999,-9999,-9999,-9999,-9999,-9999,-9999,-9999,-9999,-9999,-9999
"30-05-2023",-9999,-9999,-9999,-9999,-9999,-9999,-9999,-9999,-9999,-9999,-9999,-9999,-9999,-9999,-9999,-9999,-9999,-9999,-9999,-9999,-9999,-9999,-9999,-9999
"31-05-2023",-9999,-9999,-9999,-9999,-9999,-9999,-9999,-9999,-9999,-9999,-9999,-9999,-9999,-9999,-9999,-9999,-9999,-9999,-9999,-9999,-9999,-9999,-9999,-9999
"01-06-2023",-9999,-9999,-9999,-9999,-9999,-9999,-9999,-9999,-9999,-9999,-9999,-9999,-9999,-9999,-9999,-9999,-9999,-9999,-9999,-9999,-9999,-9999,-9999,-9999
"02-06-2023",-9999,-9999,-9999,-9999,-9999,-9999,-9999,-9999,-9999,-9999,-9999,-9999,-9999,-9999,-9999,-9999,-9999,-9999,-9999,-9999,-9999,-9999,-9999,-9999
"03-06-2023",-9999,-9999,-9999,-9999,-9999,-9999,-9999,-9999,-9999,-9999,-9999,-9999,-9999,-9999,-9999,-9999,-9999,-9999,-9999,-9999,-9999,-9999,-9999,-9999
"04-06-2023",-9999,-9999,-9999,-9999,-9999,-9999,-9999,-9999,-9999,-9999,-9999,-9999,-9999,-9999,-9999,-9999,-9999,-9999,-9999,-9999,-9999,-9999,-9999,-9999
"05-06-2023",-9999,-9999,-9999,-9999,-9999,-9999,-9999,-9999,-9999,-9999,-9999,-9999,-9999,-9999,-9999,-9999,-9999,-9999,-9999,-9999,-9999,-9999,-9999,-9999
"06-06-2023",-9999,-9999,-9999,-9999,-9999,-9999,-9999,-9999,-9999,-9999,-9999,-9999,-9999,-9999,-9999,-9999,-9999,-9999,-9999,-9999,-9999,-9999,-9999,-9999
"07-06-2023",-9999,-9999,-9999,-9999,-9999,-9999,-9999,-9999,-9999,-9999,-9999,-9999,-9999,-9999,-9999,-9999,-9999,-9999,-9999,-9999,-9999,-9999,-9999,-9999
"08-06-2023",-9999,-9999,-9999,-9999,-9999,-9999,-9999,-9999,-9999,-9999,-9999,-9999,-9999,5,5,4,3,5,4,5,22,39,29,14
"09-06-2023",4,2,3,2,2,2,6,21,10,8,5,4,4,15,9,5,20,5,4,4,6,6,8,7
"10-06-2023",10,8,4,2,4,7,4,6,5,3,5,3,5,6,5,4,5,7,2,3,2,4,13,10
"11-06-2023",17,10,6,3,2,2,3,4,2,4,2,2,3,5,8,7,7,3,5,9,3,2,8,10
"12-06-2023",4,1,1,3,1,1,3,20,41,22,16,-9999,-9999,-9999,19,26,16,5,3,5,6,17,3,2
"13-06-2023",1,3,2,1,1,6,3,9,12,10,8,17,9,6,7,7,11,3,3,4,6,4,3,1
"14-06-2023",1,1,1,1,1,4,5,15,10,6,11,7,8,7,8,5,3,3,3,3,3,4,2,2
"15-06-2023",2,2,1,1,1,2,5,23,15,18,19,14,8,8,4,6,3,2,4,4,23,6,4,3
"16-06-2023",4,2,1,2,1,3,3,11,20,9,11,13,4,6,4,3,2,16,10,10,15,12,6,9
"17-06-2023",6,5,3,1,1,3,7,5,8,12,7,10,6,12,2,2,3,6,8,4,7,10,6,5
"18-06-2023",4,5,2,2,2,2,2,4,4,4,5,2,4,4,6,4,5,4,4,2,5,5,16,6
"19-06-2023",14,3,2,2,4,3,11,23,38,25,19,9,6,6,6,4,3,3,10,3,8,15,17,11
"20-06-2023",5,2,2,2,1,3,8,14,15,14,10,10,8,15,4,4,3,3,4,4,12,31,15,2
"21-06-2023",2,1,2,2,2,2,11,20,12,16,14,11,11,16,10,6,3,6,14,5,3,9,15,15
"22-06-2023",7,6,4,4,2,4,13,20,37,27,8,8,14,8,8,7,4,4,6,5,8,7,4,4
"23-06-2023",4,6,2,2,2,3,9,19,20,12,18,13,8,5,10,9,4,4,7,9,4,11,6,8
"24-06-2023",4,3,2,2,1,2,6,9,7,6,6,9,4,5,5,5,3,2,2,3,3,4,4,5
"25-06-2023",8,2,4,5,2,2,4,9,9,11,5,7,5,4,5,7,5,5,2,5,17,10,9,13
"26-06-2023",17,8,2,3,3,5,12,30,29,20,10,11,14,6,8,6,8,4,6,4,4,10,7,7
"27-06-2023",2,2,2,2,2,3,12,23,17,14,22,23,14,7,10,7,6,4,6,5,5,8,5,6
"28-06-2023",5,4,3,1,1,4,8,11,6,3,4,4,6,8,4,4,4,5,4,6,9,5,8,6
"29-06-2023",2,3,4,3,3,4,15,17,11,5,7,7,11,16,10,6,5,4,5,2,3,4,12,3
"30-06-2023",2,2,2,2,3,3,9,13,12,8,17,8,11,7,14,4,5,3,4,3,3,5,3,2
"01-07-2023",4,3,4,2,2,4,13,10,8,6,7,6,6,6,5,5,4,3,11,4,2,4,4,3
"02-07-2023",3,3,5,3,3,3,3,3,3,3,2,4,4,4,2,5,3,4,3,3,4,4,4,9
"03-07-2023",6,4,2,2,3,3,11,19,7,3,5,5,7,6,14,10,4,5,10,22,8,4,9,3
"04-07-2023",4,4,3,1,1,2,7,18,10,9,14,14,12,10,18,18,4,3,8,7,6,2,2,3
"05-07-2023",2,2,1,1,1,2,4,10,6,13,-9999,-9999,8,20,13,11,11,12,12,10,9,13,7,9
"06-07-2023",13,8,7,11,7,9,9,17,18,17,19,14,12,11,13,11,25,10,13,11,13,13,8,9
"07-07-2023",7,7,8,7,6,6,9,16,12,11,14,17,10,10,9,8,7,10,8,12,13,19,14,14
"08-07-2023",28,14,7,7,7,9,10,17,12,8,10,7,11,14,9,11,8,10,12,9,12,10,10,7
"09-07-2023",8,7,7,7,7,7,7,9,8,11,10,11,8,7,7,10,9,10,11,11,7,12,9,8
"10-07-2023",7,7,6,6,6,7,9,13,17,14,14,10,10,11,12,10,15,8,10,9,10,8,9,10
"11-07-2023",7,6,6,6,6,6,10,18,26,15,10,12,9,14,9,9,10,10,13,16,17,16,35,13
"12-07-2023",7,7,7,6,6,6,15,14,20,12,13,12,9,11,11,10,7,7,9,8,10,8,7,10
"13-07-2023",8,8,7,6,10,8,9,12,19,11,9,7,8,13,8,8,8,8,11,8,17,22,12,9
"14-07-2023",7,9,8,6,6,13,36,10,12,32,12,11,17,21,8,14,8,11,15,7,9,7,9,8
"15-07-2023",17,8,7,6,7,7,8,10,11,13,10,11,12,16,19,7,8,10,10,7,7,7,8,8
"16-07-2023",9,11,7,9,7,8,10,18,11,8,8,7,9,7,7,7,7,8,9,8,8,7,8,7
"17-07-2023",7,7,6,6,7,6,8,11,11,12,10,10,10,11,12,11,10,9,8,9,11,9,8,10
"18-07-2023",8,7,7,7,6,7,9,13,14,12,14,11,9,11,13,10,12,8,9,14,9,18,17,17
"19-07-2023",8,7,7,7,7,9,8,21,25,19,18,10,12,11,10,9,7,8,7,8,8,11,12,13
"20-07-2023",10,8,8,10,8,9,12,22,23,19,15,16,11,18,13,10,7,7,9,11,9,15,10,7
"21-07-2023",7,6,7,8,38,23,7,10,9,12,12,12,10,18,15,9,10,10,8,7,19,10,10,7
"22-07-2023",8,7,7,6,6,8,19,20,18,15,11,9,14,11,9,8,9,8,8,8,22,22,36,15
"23-07-2023",8,7,8,6,6,12,16,12,8,10,7,7,11,15,11,24,11,10,19,23,18,47,35,40
"24-07-2023",12,7,7,15,10,10,18,26,19,30,9,10,8,17,10,10,9,16,11,12,9,9,8,8
"25-07-2023",7,7,8,7,7,8,13,40,18,11,10,8,7,8,11,14,8,10,10,12,10,10,10,10
"26-07-2023",7,8,8,7,6,8,16,23,24,14,17,11,12,20,17,23,8,8,16,12,15,12,11,12
"27-07-2023",8,7,7,6,7,8,14,29,34,11,9,8,14,9,9,8,8,8,17,23,21,28,14,11
"28-07-2023",16,8,6,7,6,7,14,28,14,12,14,10,11,9,17,10,9,9,9,9,8,10,8,9
"29-07-2023",10,9,7,7,6,7,14,19,15,8,8,8,7,9,9,7,8,9,7,7,7,9,13,11
"30-07-2023",7,7,9,6,7,8,7,7,7,10,10,9,8,7,8,7,7,8,7,7,7,7,10,9
"31-07-2023",9,8,7,7,7,8,10,20,27,14,11,18,13,9,10,14,9,19,18,15,10,10,7,8
"01-08-2023",7,7,6,7,11,7,9,26,17,14,9,8,7,9,10,9,9,10,11,10,8,11,9,7
"02-08-2023",8,10,8,6,8,7,10,36,14,13,10,9,8,-9999,-9999,11,7,6,12,5,3,10,5,7
"03-08-2023",3,6,6,3,4,5,10,27,23,12,8,6,10,8,51,13,11,3,7,10,5,6,6,7
"04-08-2023",6,6,5,4,6,4,15,36,20,7,10,8,8,6,10,9,7,6,10,3,3,5,7,3
"05-08-2023",4,3,3,3,3,7,6,15,13,5,7,6,7,5,5,4,4,6,7,5,8,8,6,6
"06-08-2023",7,4,2,3,3,3,5,7,8,22,13,3,19,4,4,4,3,4,3,3,3,5,7,10
"07-08-2023",5,5,4,3,3,5,11,22,33,12,12,14,8,9,9,11,9,6,9,7,7,6,4,8
"08-08-2023",8,7,4,4,3,4,10,23,28,14,19,13,9,13,16,5,4,4,8,25,19,21,7,3
"09-08-2023",5,4,3,3,3,4,13,35,36,17,13,8,6,6,8,5,4,4,11,12,4,5,4,4
"10-08-2023",4,3,3,3,3,4,9,40,46,15,13,5,41,20,7,6,5,5,4,4,5,13,14,5
"11-08-2023",7,3,3,3,3,4,7,12,23,11,9,12,7,7,7,6,5,5,9,14,22,20,7,4
"12-08-2023",4,3,7,3,3,4,7,11,19,15,7,6,5,5,7,6,3,3,4,4,5,8,4,7
"13-08-2023",4,4,3,3,3,3,4,5,6,5,4,5,8,5,5,3,3,3,3,5,6,5,5,5
"14-08-2023",2,7,3,3,2,4,5,12,18,14,6,7,5,5,4,5,8,6,5,4,15,13,10,6
"15-08-2023",6,6,3,3,3,4,3,6,5,7,3,4,3,6,3,5,4,5,3,3,4,4,7,4
"16-08-2023",3,3,3,4,2,4,6,8,12,3,3,4,6,5,5,5,18,10,7,9,5,8,14,6
"17-08-2023",5,3,3,3,3,3,9,7,8,5,7,6,5,5,4,5,5,11,13,8,5,7,3,3
"18-08-2023",5,4,3,3,3,3,6,19,16,13,7,9,15,8,8,5,5,3,7,9,7,4,4,3
"19-08-2023",5,6,8,6,4,6,9,16,21,8,10,5,6,5,6,5,5,5,5,4,4,7,9,5
"20-08-2023",9,4,4,3,3,4,4,3,5,6,15,11,4,3,3,3,3,2,6,5,5,5,4,10
"21-08-2023",4,3,3,3,2,3,4,21,36,15,14,14,10,10,17,10,11,6,7,9,8,9,6,9
"22-08-2023",5,3,3,3,3,3,5,6,15,10,7,6,7,6,9,6,6,9,9,6,4,13,5,4
"23-08-2023",10,4,4,3,3,7,13,37,26,33,31,24,27,9,16,6,4,4,6,5,6,6,7,5
"24-08-2023",4,3,4,4,3,5,4,14,47,11,16,14,9,6,12,11,5,3,9,12,10,12,33,14
"25-08-2023",6,4,7,3,2,4,4,19,11,17,12,19,10,4,14,7,6,21,11,10,29,7,17,3
"26-08-2023",3,3,3,3,2,3,4,15,12,17,11,24,12,8,10,7,4,4,6,12,8,13,11,20
"27-08-2023",9,7,3,3,3,4,4,6,10,7,7,5,4,8,5,4,6,10,5,14,10,4,10,6
"28-08-2023",9,3,3,6,3,4,9,6,14,12,11,8,8,10,6,6,8,11,8,5,9,4,4,9
"29-08-2023",5,5,5,3,5,4,8,24,28,24,10,6,6,6,4,4,4,3,6,3,5,7,4,3
"30-08-2023",3,2,3,4,4,6,11,25,34,20,14,6,6,6,6,5,6,5,4,6,5,4,4,2
"31-08-2023",3,2,4,5,3,8,14,35,44,19,7,4,5,5,7,5,7,4,3,4,4,4,8,10
"01-09-2023",14,9,8,4,3,4,7,19,16,13,10,6,4,10,13,5,7,4,4,3,10,39,22,17
"02-09-2023",16,10,6,6,2,4,17,24,10,7,16,20,16,9,7,5,9,4,9,10,19,15,30,16
"03-09-2023",5,5,9,6,10,3,13,6,9,12,8,5,5,5,4,4,4,4,5,9,5,11,7,8
"04-09-2023",12,6,3,3,3,6,9,14,12,26,29,10,19,7,7,7,4,4,8,5,8,11,4,4
"05-09-2023",3,2,2,4,2,5,15,25,7,5,10,11,9,12,9,9,7,5,8,20,11,11,4,4
"06-09-2023",4,2,2,2,2,2,3,4,8,9,9,12,23,43,10,10,7,7,4,4,4,15,10,4
"07-09-2023",4,3,2,2,3,2,3,8,45,12,20,24,6,6,6,6,5,5,5,5,5,5,4,5
"08-09-2023",3,2,2,3,2,5,8,17,68,24,14,9,10,10,19,17,19,13,9,14,26,10,6,5
"09-09-2023",4,3,2,3,3,5,11,6,8,11,15,8,14,14,10,5,4,3,4,4,19,16,19,5
"10-09-2023",15,17,10,7,3,4,7,7,12,6,10,7,5,3,3,4,4,5,6,3,5,6,6,3
"11-09-2023",2,4,2,2,2,2,4,8,9,8,13,11,11,12,12,11,8,7,9,5,4,7,16,13
"12-09-2023",21,16,3,3,3,3,4,13,28,32,39,40,19,9,8,7,6,6,5,5,7,8,15,16
"13-09-2023",7,10,3,4,5,4,15,45,47,33,17,12,8,8,9,7,9,5,6,4,22,26,31,19
"14-09-2023",7,4,3,4,5,4,4,18,56,21,9,5,9,6,5,5,4,4,4,13,39,35,22,7
"15-09-2023",21,11,6,3,4,3,14,20,26,13,14,7,8,11,13,6,7,3,9,3,15,11,24,23
"16-09-2023",15,11,6,4,2,4,9,18,18,12,18,14,12,11,14,11,9,9,10,11,22,17,26,15
"17-09-2023",12,14,6,3,4,7,8,8,8,4,5,4,4,5,4,4,4,4,4,4,5,9,16,12
"18-09-2023",12,7,4,3,3,3,6,20,49,41,35,19,6,9,6,7,7,5,5,5,5,4,4,4
"19-09-2023",3,3,2,2,2,3,9,6,16,29,20,12,7,7,10,6,5,9,5,10,17,21,12,5
"20-09-2023",6,4,3,3,3,3,11,28,54,27,19,8,8,11,10,6,9,5,7,17,5,5,3,2
"21-09-2023",2,2,2,2,2,2,6,21,15,26,22,15,9,8,11,5,4,4,5,14,7,9,4,3
"22-09-2023",7,3,2,3,3,4,12,33,43,25,13,8,8,17,5,5,5,5,13,12,12,4,5,17
"23-09-2023",17,9,23,20,8,18,17,25,40,27,23,15,18,19,16,7,8,5,30,46,18,30,49,27
"24-09-2023",39,33,23,14,13,18,9,25,22,25,15,20,13,5,3,3,4,4,4,4,5,3,4,3
"25-09-2023",2,3,3,3,4,4,9,23,47,38,8,7,6,8,8,10,10,22,22,18,10,7,4,4
"26-09-2023",4,3,2,3,3,4,12,33,41,37,16,6,7,12,17,17,5,6,21,28,27,21,12,4
"27-09-2023",6,4,5,3,2,1,3,3,5,13,18,9,9,11,7,8,16,20,6,19,15,21,27,22
"28-09-2023",5,3,2,3,3,3,5,15,52,56,33,27,12,7,6,6,5,21,33,20,22,23,30,9
"29-09-2023",7,4,3,3,2,4,5,26,63,36,37,25,11,7,9,8,6,6,6,5,7,10,4,6
"30-09-2023",8,10,9,7,8,6,19,30,20,9,12,13,9,7,7,8,10,6,6,6,28,17,23,13
"01-10-2023",19,7,15,15,9,7,14,9,11,6,6,13,5,6,3,3,6,6,5,17,16,23,36,39
"02-10-2023",21,23,12,12,7,5,20,72,97,24,24,22,10,14,10,7,5,5,5,5,12,25,24,15
"03-10-2023",4,3,3,2,3,5,15,41,-9999,-9999,-9999,-9999,9,6,5,4,3,3,5,5,9,5,4,6
"04-10-2023",3,2,2,2,2,3,3,13,24,-9999,-9999,-9999,16,11,13,11,10,11,7,7,25,24,32,41
"05-10-2023",19,19,8,11,10,21,35,84,124,41,28,22,13,16,11,9,15,20,8,13,47,58,28,17
"06-10-2023",44,21,13,10,12,24,13,38,71,32,32,12,11,9,9,7,7,9,20,32,7,8,9,9
"07-10-2023",9,14,4,4,4,10,28,34,67,72,51,33,13,8,6,7,4,5,5,5,9,11,10,8
"08-10-2023",8,7,10,6,7,6,4,5,7,8,13,11,4,6,5,4,3,9,7,9,26,23,18,22
"09-10-2023",16,11,15,6,23,13,24,67,118,38,35,24,19,39,10,11,8,7,7,7,11,29,32,29
"10-10-2023",16,13,12,8,6,7,40,96,106,44,50,24,13,15,7,6,5,8,14,39,82,49,37,17
"11-10-2023",6,7,6,5,3,14,13,88,155,133,27,9,11,10,10,8,4,5,6,5,6,5,14,11
"12-10-2023",7,12,5,3,3,7,6,16,61,47,49,29,14,15,11,8,8,8,6,24,19,42,27,18
"13-10-2023",17,16,12,6,5,8,27,73,130,56,43,32,17,14,8,6,5,7,6,12,49,34,22,22
"14-10-2023",10,9,8,12,21,25,25,48,34,28,21,45,24,18,13,10,5,4,13,6,23,25,21,20
"15-10-2023",28,17,12,11,15,9,6,7,7,10,6,4,5,6,4,4,4,3,3,7,23,25,24,28
"16-10-2023",21,17,14,8,11,13,17,45,69,19,19,12,11,21,24,8,5,13,12,20,42,32,26,9
"17-10-2023",6,3,4,4,3,3,7,32,53,36,24,13,11,9,9,16,20,14,34,15,23,31,12,14
"18-10-2023",4,4,8,8,4,5,21,61,63,35,20,7,10,10,14,7,6,8,7,58,80,33,23,29
"19-10-2023",25,18,15,4,8,10,38,92,99,71,26,14,9,14,10,10,7,16,20,29,37,59,33,31
"20-10-2023",33,27,17,12,8,10,47,100,140,76,28,18,15,15,10,22,8,9,120,87,40,14,15,8
"21-10-2023",6,5,5,4,3,3,11,4,11,8,8,8,11,9,8,8,6,7,6,7,6,7,5,24
"22-10-2023",7,4,3,4,3,3,3,4,8,14,7,7,7,8,7,4,30,8,19,24,22,30,51,72
"23-10-2023",40,31,25,47,-9999,-9999,-9999,-9999,-9999,-9999,-9999,-9999,-9999,-9999,-9999,-9999,-9999,-9999,-9999,-9999,-9999,-9999,-9999,-9999
"24-10-2023",-9999,-9999,-9999,-9999,-9999,-9999,-9999,-9999,-9999,-9999,-9999,-9999,-9999,-9999,-9999,-9999,-9999,-9999,-9999,-9999,-9999,-9999,-9999,-9999
"25-10-2023",-9999,-9999,-9999,-9999,-9999,-9999,-9999,-9999,-9999,-9999,-9999,-9999,-9999,-9999,-9999,-9999,-9999,-9999,-9999,-9999,-9999,-9999,-9999,-9999
"26-10-2023",-9999,-9999,-9999,-9999,-9999,-9999,-9999,-9999,-9999,-9999,-9999,-9999,-9999,-9999,-9999,-9999,-9999,-9999,-9999,-9999,-9999,-9999,-9999,-9999
"27-10-2023",-9999,-9999,-9999,-9999,-9999,-9999,-9999,-9999,-9999,-9999,-9999,-9999,-9999,-9999,-9999,-9999,-9999,-9999,-9999,-9999,-9999,-9999,-9999,-9999
"28-10-2023",-9999,-9999,-9999,-9999,-9999,-9999,-9999,-9999,-9999,-9999,-9999,-9999,-9999,-9999,-9999,-9999,-9999,-9999,-9999,-9999,-9999,-9999,-9999,-9999
"29-10-2023",-9999,-9999,-9999,-9999,-9999,-9999,-9999,-9999,-9999,-9999,-9999,-9999,-9999,-9999,-9999,-9999,-9999,-9999,-9999,-9999,-9999,-9999,-9999,-9999
"30-10-2023",-9999,-9999,-9999,-9999,-9999,-9999,-9999,-9999,-9999,-9999,-9999,-9999,-9999,-9999,-9999,-9999,-9999,-9999,-9999,-9999,-9999,-9999,-9999,-9999
"31-10-2023",-9999,-9999,-9999,-9999,-9999,-9999,-9999,-9999,-9999,-9999,-9999,-9999,-9999,-9999,-9999,-9999,-9999,-9999,-9999,-9999,-9999,-9999,-9999,-9999
"01-11-2023",-9999,-9999,-9999,-9999,-9999,-9999,-9999,-9999,-9999,-9999,-9999,-9999,-9999,-9999,-9999,-9999,-9999,-9999,-9999,-9999,-9999,-9999,-9999,-9999
"02-11-2023",-9999,-9999,-9999,-9999,-9999,-9999,-9999,-9999,-9999,-9999,-9999,-9999,-9999,-9999,-9999,-9999,-9999,-9999,-9999,-9999,-9999,-9999,-9999,-9999
"03-11-2023",-9999,-9999,-9999,-9999,-9999,-9999,-9999,-9999,-9999,-9999,-9999,-9999,-9999,-9999,-9999,-9999,-9999,-9999,-9999,-9999,-9999,-9999,-9999,-9999
"04-11-2023",-9999,-9999,-9999,-9999,-9999,-9999,-9999,-9999,-9999,-9999,-9999,-9999,-9999,-9999,-9999,-9999,-9999,-9999,-9999,-9999,-9999,-9999,-9999,-9999
"05-11-2023",-9999,-9999,-9999,-9999,-9999,-9999,-9999,-9999,-9999,-9999,-9999,-9999,-9999,-9999,-9999,-9999,-9999,-9999,-9999,-9999,-9999,-9999,-9999,-9999
"06-11-2023",-9999,-9999,-9999,-9999,-9999,-9999,-9999,-9999,-9999,-9999,-9999,-9999,-9999,-9999,-9999,-9999,-9999,-9999,-9999,-9999,-9999,-9999,-9999,-9999
"07-11-2023",-9999,-9999,-9999,-9999,-9999,-9999,-9999,-9999,-9999,-9999,-9999,-9999,-9999,-9999,-9999,-9999,-9999,-9999,-9999,-9999,-9999,-9999,-9999,-9999
"08-11-2023",-9999,-9999,-9999,-9999,-9999,-9999,-9999,-9999,-9999,-9999,-9999,-9999,-9999,-9999,-9999,-9999,-9999,-9999,-9999,-9999,-9999,-9999,-9999,-9999
"09-11-2023",-9999,-9999,-9999,-9999,-9999,-9999,-9999,-9999,-9999,-9999,-9999,-9999,-9999,-9999,-9999,-9999,-9999,-9999,-9999,-9999,-9999,-9999,-9999,-9999
"10-11-2023",-9999,-9999,-9999,-9999,-9999,-9999,-9999,-9999,-9999,-9999,-9999,-9999,-9999,-9999,-9999,-9999,-9999,-9999,-9999,-9999,-9999,-9999,-9999,-9999
"11-11-2023",-9999,-9999,-9999,-9999,-9999,-9999,-9999,-9999,-9999,-9999,-9999,-9999,-9999,-9999,-9999,-9999,-9999,-9999,-9999,-9999,-9999,-9999,-9999,-9999
"12-11-2023",-9999,-9999,-9999,-9999,-9999,-9999,-9999,-9999,-9999,-9999,-9999,-9999,-9999,-9999,-9999,-9999,-9999,-9999,-9999,-9999,-9999,-9999,-9999,-9999
"13-11-2023",-9999,-9999,-9999,-9999,-9999,-9999,-9999,-9999,-9999,-9999,-9999,-9999,-9999,-9999,-9999,-9999,-9999,-9999,-9999,-9999,-9999,-9999,-9999,-9999
"14-11-2023",-9999,-9999,-9999,-9999,-9999,-9999,-9999,-9999,-9999,-9999,-9999,-9999,-9999,-9999,-9999,-9999,-9999,-9999,-9999,-9999,-9999,-9999,-9999,-9999
"15-11-2023",-9999,-9999,-9999,-9999,-9999,-9999,-9999,-9999,-9999,-9999,-9999,-9999,-9999,-9999,-9999,-9999,-9999,-9999,-9999,-9999,-9999,-9999,-9999,-9999
"16-11-2023",-9999,-9999,-9999,-9999,-9999,-9999,-9999,-9999,-9999,-9999,-9999,-9999,-9999,-9999,-9999,-9999,-9999,-9999,-9999,-9999,-9999,-9999,-9999,-9999
"17-11-2023",-9999,-9999,-9999,-9999,-9999,-9999,-9999,-9999,-9999,-9999,-9999,-9999,-9999,-9999,-9999,-9999,-9999,-9999,-9999,-9999,-9999,-9999,-9999,-9999
"18-11-2023",-9999,-9999,-9999,-9999,-9999,-9999,-9999,-9999,-9999,-9999,-9999,-9999,-9999,-9999,-9999,-9999,-9999,-9999,-9999,-9999,-9999,-9999,-9999,-9999
"19-11-2023",-9999,-9999,-9999,-9999,-9999,-9999,-9999,-9999,-9999,-9999,-9999,-9999,-9999,-9999,-9999,-9999,-9999,-9999,-9999,-9999,-9999,-9999,-9999,-9999
"20-11-2023",-9999,-9999,-9999,-9999,-9999,-9999,-9999,-9999,-9999,-9999,-9999,-9999,-9999,-9999,-9999,-9999,-9999,-9999,-9999,-9999,-9999,-9999,-9999,-9999
"21-11-2023",-9999,-9999,-9999,-9999,-9999,-9999,-9999,-9999,-9999,-9999,-9999,-9999,-9999,-9999,-9999,-9999,-9999,-9999,-9999,-9999,-9999,-9999,-9999,-9999
"22-11-2023",-9999,-9999,-9999,-9999,-9999,-9999,-9999,-9999,-9999,-9999,-9999,-9999,-9999,-9999,-9999,-9999,-9999,-9999,-9999,-9999,-9999,-9999,-9999,-9999
"23-11-2023",-9999,-9999,-9999,-9999,-9999,-9999,-9999,-9999,-9999,-9999,-9999,-9999,-9999,-9999,-9999,-9999,-9999,-9999,-9999,-9999,-9999,-9999,-9999,-9999
"24-11-2023",-9999,-9999,-9999,-9999,-9999,-9999,-9999,-9999,-9999,-9999,-9999,-9999,-9999,-9999,-9999,-9999,-9999,-9999,-9999,-9999,-9999,-9999,-9999,-9999
"25-11-2023",-9999,-9999,-9999,-9999,-9999,-9999,-9999,-9999,-9999,-9999,-9999,-9999,-9999,-9999,-9999,-9999,-9999,-9999,-9999,-9999,-9999,-9999,-9999,-9999
"26-11-2023",-9999,-9999,-9999,-9999,-9999,-9999,-9999,-9999,-9999,-9999,-9999,-9999,-9999,-9999,-9999,-9999,-9999,-9999,-9999,-9999,-9999,-9999,-9999,-9999
"27-11-2023",-9999,-9999,-9999,-9999,-9999,-9999,-9999,-9999,-9999,-9999,-9999,-9999,-9999,-9999,-9999,-9999,-9999,-9999,-9999,-9999,-9999,-9999,-9999,-9999
"28-11-2023",-9999,-9999,-9999,-9999,-9999,-9999,-9999,-9999,-9999,-9999,-9999,-9999,-9999,-9999,-9999,-9999,-9999,-9999,-9999,-9999,-9999,-9999,-9999,-9999
"29-11-2023",-9999,-9999,-9999,-9999,-9999,-9999,-9999,-9999,-9999,-9999,-9999,-9999,-9999,-9999,-9999,-9999,-9999,-9999,-9999,-9999,-9999,-9999,-9999,-9999
"30-11-2023",-9999,-9999,-9999,-9999,-9999,-9999,-9999,-9999,-9999,-9999,-9999,-9999,-9999,-9999,-9999,-9999,-9999,-9999,-9999,-9999,-9999,-9999,-9999,-9999
"01-12-2023",-9999,-9999,-9999,-9999,-9999,-9999,-9999,-9999,-9999,-9999,-9999,-9999,-9999,-9999,-9999,-9999,-9999,-9999,-9999,-9999,-9999,-9999,-9999,-9999
"02-12-2023",-9999,-9999,-9999,-9999,-9999,-9999,-9999,-9999,-9999,-9999,-9999,-9999,-9999,-9999,-9999,-9999,-9999,-9999,-9999,-9999,-9999,-9999,-9999,-9999
"03-12-2023",-9999,-9999,-9999,-9999,-9999,-9999,-9999,-9999,-9999,-9999,-9999,-9999,-9999,-9999,-9999,-9999,-9999,-9999,-9999,-9999,-9999,-9999,-9999,-9999
"04-12-2023",-9999,-9999,-9999,-9999,-9999,-9999,-9999,-9999,-9999,-9999,-9999,-9999,-9999,-9999,-9999,-9999,-9999,-9999,-9999,-9999,-9999,-9999,-9999,-9999
"05-12-2023",-9999,-9999,-9999,-9999,-9999,-9999,-9999,-9999,-9999,-9999,-9999,-9999,-9999,-9999,-9999,-9999,-9999,-9999,-9999,-9999,-9999,-9999,-9999,-9999
"06-12-2023",-9999,-9999,-9999,-9999,-9999,-9999,-9999,-9999,-9999,-9999,-9999,-9999,-9999,-9999,-9999,-9999,-9999,-9999,-9999,-9999,-9999,-9999,-9999,-9999
"07-12-2023",-9999,-9999,-9999,-9999,-9999,-9999,-9999,-9999,-9999,-9999,-9999,-9999,-9999,-9999,-9999,-9999,-9999,-9999,-9999,-9999,-9999,-9999,-9999,-9999
"08-12-2023",-9999,-9999,-9999,-9999,-9999,-9999,-9999,-9999,-9999,-9999,-9999,-9999,-9999,-9999,-9999,-9999,-9999,-9999,-9999,-9999,-9999,-9999,-9999,-9999
"09-12-2023",-9999,-9999,-9999,-9999,-9999,-9999,-9999,-9999,-9999,-9999,-9999,-9999,-9999,-9999,-9999,-9999,-9999,-9999,-9999,-9999,-9999,-9999,-9999,-9999
"10-12-2023",-9999,-9999,-9999,-9999,-9999,-9999,-9999,-9999,-9999,-9999,-9999,-9999,-9999,-9999,-9999,-9999,-9999,-9999,-9999,-9999,-9999,-9999,-9999,-9999
"11-12-2023",-9999,-9999,-9999,-9999,-9999,-9999,-9999,-9999,-9999,-9999,-9999,-9999,-9999,-9999,-9999,-9999,-9999,-9999,-9999,-9999,-9999,-9999,-9999,-9999
"12-12-2023",-9999,-9999,-9999,-9999,-9999,-9999,-9999,-9999,-9999,-9999,-9999,-9999,-9999,-9999,-9999,-9999,-9999,-9999,-9999,-9999,-9999,-9999,-9999,-9999
"13-12-2023",-9999,-9999,-9999,-9999,-9999,-9999,-9999,-9999,-9999,-9999,-9999,-9999,-9999,-9999,-9999,-9999,-9999,-9999,-9999,-9999,-9999,-9999,-9999,-9999
"14-12-2023",-9999,-9999,-9999,-9999,-9999,-9999,-9999,-9999,-9999,-9999,-9999,-9999,-9999,-9999,-9999,-9999,-9999,-9999,-9999,-9999,-9999,-9999,-9999,-9999
"15-12-2023",-9999,-9999,-9999,-9999,-9999,-9999,-9999,-9999,-9999,-9999,-9999,-9999,-9999,-9999,-9999,-9999,-9999,-9999,-9999,-9999,-9999,-9999,-9999,-9999
"16-12-2023",-9999,-9999,-9999,-9999,-9999,-9999,-9999,-9999,-9999,-9999,-9999,-9999,-9999,-9999,-9999,-9999,-9999,-9999,-9999,-9999,-9999,-9999,-9999,-9999
"17-12-2023",-9999,-9999,-9999,-9999,-9999,-9999,-9999,-9999,-9999,-9999,-9999,-9999,-9999,-9999,-9999,-9999,-9999,-9999,-9999,-9999,-9999,-9999,-9999,-9999
"18-12-2023",-9999,-9999,-9999,-9999,-9999,-9999,-9999,-9999,-9999,-9999,-9999,-9999,-9999,-9999,-9999,-9999,-9999,-9999,-9999,-9999,-9999,-9999,-9999,-9999
"19-12-2023",-9999,-9999,-9999,-9999,-9999,-9999,-9999,-9999,-9999,-9999,-9999,-9999,-9999,-9999,-9999,-9999,-9999,-9999,-9999,-9999,-9999,-9999,-9999,-9999
"20-12-2023",-9999,-9999,-9999,-9999,-9999,-9999,-9999,-9999,-9999,-9999,-9999,-9999,-9999,-9999,-9999,-9999,-9999,-9999,-9999,-9999,-9999,-9999,-9999,-9999
"21-12-2023",-9999,-9999,-9999,-9999,-9999,-9999,-9999,-9999,-9999,-9999,-9999,-9999,-9999,-9999,-9999,-9999,-9999,-9999,-9999,-9999,-9999,-9999,-9999,-9999
"22-12-2023",-9999,-9999,-9999,-9999,-9999,-9999,-9999,-9999,-9999,-9999,-9999,-9999,-9999,-9999,-9999,-9999,-9999,-9999,-9999,-9999,-9999,-9999,-9999,-9999
"23-12-2023",-9999,-9999,-9999,-9999,-9999,-9999,-9999,-9999,-9999,-9999,-9999,-9999,-9999,-9999,-9999,-9999,-9999,-9999,-9999,-9999,-9999,-9999,-9999,-9999
"24-12-2023",-9999,-9999,-9999,-9999,-9999,-9999,-9999,-9999,-9999,-9999,-9999,-9999,-9999,-9999,-9999,-9999,-9999,-9999,-9999,-9999,-9999,-9999,-9999,-9999
"25-12-2023",-9999,-9999,-9999,-9999,-9999,-9999,-9999,-9999,-9999,-9999,-9999,-9999,-9999,-9999,-9999,-9999,-9999,-9999,-9999,-9999,-9999,-9999,-9999,-9999
"26-12-2023",-9999,-9999,-9999,-9999,-9999,-9999,-9999,-9999,-9999,-9999,-9999,-9999,-9999,-9999,-9999,-9999,-9999,-9999,-9999,-9999,-9999,-9999,-9999,-9999
"27-12-2023",-9999,-9999,-9999,-9999,-9999,-9999,-9999,-9999,-9999,-9999,-9999,-9999,-9999,-9999,-9999,-9999,-9999,-9999,-9999,-9999,-9999,-9999,-9999,-9999
"28-12-2023",-9999,-9999,-9999,-9999,-9999,-9999,-9999,-9999,-9999,-9999,-9999,-9999,-9999,-9999,-9999,-9999,-9999,-9999,-9999,-9999,-9999,-9999,-9999,-9999
"29-12-2023",-9999,-9999,-9999,-9999,-9999,-9999,-9999,-9999,-9999,-9999,-9999,-9999,-9999,-9999,-9999,-9999,-9999,-9999,-9999,-9999,-9999,-9999,-9999,-9999
"30-12-2023",-9999,-9999,-9999,-9999,-9999,-9999,-9999,-9999,-9999,-9999,-9999,-9999,-9999,-9999,-9999,-9999,-9999,-9999,-9999,-9999,-9999,-9999,-9999,-9999
"31-12-2023",-9999,-9999,-9999,-9999,-9999,-9999,-9999,-9999,-9999,-9999,-9999,-9999,-9999,-9999,-9999,-9999,-9999,-9999,-9999,-9999,-9999,-9999,-9999,-9999

