"01-01-2021",48,30,41,29,44,38,48,55,64,52,50,41,33,36,37,35,40,33,41,82,77,63,57,53
"02-01-2021",45,42,39,37,30,47,57,60,66,70,67,67,88,80,61,65,64,77,78,74,29,38,36,47
"03-01-2021",25,5,5,5,6,8,12,14,15,19,14,19,13,17,13,12,18,19,33,45,31,38,18,18
"04-01-2021",15,5,4,7,12,23,20,21,21,31,29,19,27,23,23,19,28,29,64,75,74,57,32,41
"05-01-2021",23,17,22,28,44,45,68,91,76,72,65,63,57,45,40,58,45,56,86,89,88,80,74,72
"06-01-2021",59,50,49,42,40,40,45,57,57,62,66,60,45,35,16,15,22,19,21,19,25,21,18,44
"07-01-2021",60,55,50,43,40,52,60,80,83,89,107,103,84,71,61,45,49,61,68,80,69,85,31,43
"08-01-2021",65,70,61,52,58,66,69,79,89,101,48,32,28,25,28,31,31,32,36,26,38,28,14,15
"09-01-2021",7,8,6,6,11,18,23,41,50,38,30,23,21,17,44,40,57,53,68,68,63,63,60,61
"10-01-2021",53,43,42,41,41,44,40,42,50,51,40,28,16,14,12,13,13,21,28,29,52,48,50,55
"11-01-2021",58,27,39,43,29,20,32,35,29,33,23,20,23,19,20,26,47,39,37,34,22,38,24,10
"12-01-2021",4,3,3,4,6,16,26,24,14,22,22,28,25,22,32,70,60,56,45,44,63,27,22,22
"13-01-2021",14,10,12,12,17,56,65,75,68,62,47,43,44,36,45,52,58,55,46,54,57,38,36,37
"14-01-2021",36,25,22,11,20,43,33,48,49,44,38,36,36,38,48,45,59,58,83,81,73,75,39,37
"15-01-2021",17,16,23,17,11,29,48,53,48,52,39,47,41,41,43,50,57,55,71,55,54,51,41,39
"16-01-2021",26,19,21,16,23,38,40,48,61,44,48,45,43,34,29,30,28,24,26,28,27,22,17,14
"17-01-2021",13,9,9,10,11,12,16,22,22,28,39,31,21,21,24,24,28,47,61,51,58,55,70,62
"18-01-2021",55,46,40,44,47,65,52,67,73,74,69,72,76,72,73,84,66,59,47,61,57,48,41,44
"19-01-2021",31,19,32,41,54,71,77,91,90,96,80,51,51,44,46,53,50,56,67,65,66,69,54,51
"20-01-2021",50,61,47,59,65,72,78,88,105,110,92,78,52,35,43,55,48,55,92,108,104,100,94,82
"21-01-2021",74,62,53,53,48,64,-9999,72,91,113,-9999,-9999,56,36,38,26,58,59,64,82,101,91,86,74
"22-01-2021",72,97,48,47,46,57,60,72,86,109,116,86,63,53,37,41,36,38,44,42,40,40,30,29
"23-01-2021",12,8,3,3,5,11,19,31,24,31,24,25,23,23,19,18,17,22,21,18,17,12,13,7
"24-01-2021",14,29,32,28,39,58,61,68,65,68,66,32,20,21,34,29,18,20,19,20,18,23,17,7
"25-01-2021",8,4,6,6,8,16,26,43,43,48,61,62,51,59,57,56,65,68,65,81,74,64,63,68
"26-01-2021",79,74,71,64,52,29,33,53,32,28,27,24,23,17,23,23,17,17,17,20,51,53,50,46
"27-01-2021",18,9,8,13,18,32,31,42,39,39,28,47,41,-9999,22,29,32,29,33,40,41,33,20,19
"28-01-2021",10,10,8,7,14,62,83,87,81,79,57,43,37,34,35,44,46,52,82,98,91,85,79,80
"29-01-2021",73,62,54,50,51,68,62,58,93,67,47,41,42,36,27,32,51,103,106,99,99,100,95,90
"30-01-2021",88,75,70,61,16,22,39,65,71,72,62,39,42,30,21,18,26,40,39,64,77,78,77,69
"31-01-2021",59,54,51,46,43,39,42,51,55,63,52,21,17,21,15,18,17,13,12,13,13,12,11,12
"01-02-2021",9,6,4,10,7,15,31,50,72,67,87,87,87,82,92,98,68,36,40,38,67,47,58,51
"02-02-2021",36,62,54,51,46,55,63,72,96,101,89,59,41,29,18,14,22,34,52,65,77,86,71,62
"03-02-2021",56,46,45,39,42,51,63,69,80,96,86,103,91,73,75,75,50,46,58,58,77,81,72,73
"04-02-2021",62,55,61,50,47,62,68,70,77,65,63,54,43,42,46,51,40,47,54,53,58,64,66,71
"05-02-2021",59,55,47,45,45,51,59,70,83,92,83,89,73,66,41,43,76,76,88,81,89,85,83,82
"06-02-2021",73,66,53,46,43,50,51,57,64,76,56,61,24,17,34,36,24,25,47,71,86,84,79,74
"07-02-2021",61,54,44,43,42,47,50,53,60,76,81,38,28,23,33,45,20,20,18,18,14,19,11,-9999
"08-02-2021",12,11,6,5,11,45,53,59,23,25,18,21,26,25,26,28,42,41,48,54,62,44,33,27
"09-02-2021",61,46,46,47,59,82,89,89,105,92,41,30,33,21,22,26,27,28,40,40,37,44,63,64
"10-02-2021",44,53,57,53,54,67,55,81,80,55,47,52,60,44,62,57,46,39,54,60,76,78,83,81
"11-02-2021",78,69,62,55,54,56,44,35,26,20,22,15,17,22,36,44,45,76,48,60,48,37,17,22
"12-02-2021",20,18,26,49,52,44,86,108,92,67,67,66,59,58,62,63,60,36,50,69,67,55,47,35
"13-02-2021",19,16,10,14,17,39,52,69,66,57,53,59,62,63,63,58,58,54,51,45,40,35,37,39
"14-02-2021",25,22,39,29,19,24,26,31,39,41,35,31,27,28,25,26,24,22,19,21,18,20,18,17
"15-02-2021",17,20,26,35,27,30,35,33,40,41,47,42,40,35,31,36,32,33,40,63,65,45,50,50
"16-02-2021",23,25,16,33,38,44,66,66,23,39,44,41,26,23,13,18,25,38,19,24,41,60,50,48
"17-02-2021",20,26,27,22,30,42,56,80,58,52,61,47,50,42,47,56,59,65,100,108,116,101,88,77
"18-02-2021",68,66,56,54,55,69,73,89,101,106,108,113,79,57,53,58,59,71,93,98,95,93,89,88
"19-02-2021",87,79,67,63,62,72,75,89,113,122,96,77,66,68,59,65,76,81,102,103,93,93,87,79
"20-02-2021",64,59,54,45,41,58,61,73,72,81,84,68,50,42,46,39,36,38,77,89,92,84,82,78
"21-02-2021",54,33,23,20,29,35,49,52,55,37,38,33,29,30,21,23,24,39,40,47,50,37,46,32
"22-02-2021",34,32,21,38,48,68,69,87,103,86,70,55,43,42,44,54,66,79,100,100,96,88,82,70
"23-02-2021",69,63,54,47,48,65,75,85,99,104,102,76,68,42,37,31,46,44,94,105,115,121,115,95
"24-02-2021",81,69,67,64,55,73,93,97,103,120,98,77,73,72,52,68,66,59,70,76,70,55,51,41
"25-02-2021",39,29,31,26,31,46,43,49,63,59,41,37,35,39,42,36,39,44,38,43,62,88,66,47
"26-02-2021",28,27,35,31,46,57,79,106,75,40,39,39,41,45,38,34,47,37,55,61,56,78,81,81
"27-02-2021",78,70,57,63,55,68,77,87,80,78,77,55,51,54,23,25,25,45,39,41,58,94,86,85
"28-02-2021",70,64,57,59,54,58,65,68,69,29,30,27,31,28,28,26,35,39,38,25,32,32,37,32
"01-03-2021",21,24,54,48,30,70,73,84,78,62,46,50,36,35,50,58,44,39,45,55,64,63,57,61
"02-03-2021",53,39,11,13,13,39,45,58,62,51,47,49,53,55,51,34,37,33,43,39,42,38,28,30
"03-03-2021",24,10,16,11,27,37,40,48,51,34,35,35,46,51,65,40,33,46,40,53,52,59,69,85
"04-03-2021",82,77,72,50,48,85,97,108,111,102,64,57,40,45,41,33,36,46,51,57,76,103,109,99
"05-03-2021",87,86,74,67,66,83,100,97,91,67,70,60,49,33,27,29,34,39,49,56,96,50,35,41
"06-03-2021",26,31,23,33,13,49,83,96,67,46,51,35,39,42,52,44,38,22,22,26,45,63,64,54
"07-03-2021",28,14,11,7,6,16,20,27,23,25,25,30,32,28,39,25,33,44,45,46,53,53,42,43
"08-03-2021",39,26,24,22,31,55,71,89,58,30,27,27,20,21,24,33,31,34,39,45,35,28,29,29
"09-03-2021",14,10,11,24,39,57,76,77,70,76,66,50,46,48,50,31,51,79,80,75,74,77,57,55
"10-03-2021",38,26,28,27,29,71,90,104,102,98,87,69,59,26,21,38,28,30,39,50,69,65,50,35
"11-03-2021",32,16,10,11,9,31,59,64,42,45,41,38,42,30,28,32,31,33,45,32,34,43,48,35
"12-03-2021",30,132,27,17,33,75,85,100,84,68,50,42,29,27,28,21,25,33,35,52,46,95,96,92
"13-03-2021",82,76,65,55,52,70,72,71,76,64,46,36,41,29,29,38,21,25,37,42,35,57,64,50
"14-03-2021",46,41,46,48,49,63,68,65,66,77,75,62,35,42,35,23,17,20,45,29,24,31,36,80
"15-03-2021",77,60,45,24,41,36,76,85,48,13,13,18,44,35,36,36,30,45,42,43,42,37,31,32
"16-03-2021",25,18,24,27,30,38,47,76,60,43,46,43,40,50,42,45,51,58,44,49,60,41,26,30
"17-03-2021",15,12,19,14,22,57,72,96,71,-9999,-9999,56,56,38,57,54,42,60,48,48,48,38,22,13
"18-03-2021",8,7,5,10,14,56,76,80,60,50,54,43,44,39,23,23,23,24,35,42,74,100,85,46
"19-03-2021",53,28,24,19,42,76,92,105,94,72,58,46,54,61,27,24,25,24,74,87,73,55,61,51
"20-03-2021",36,25,19,19,25,59,59,68,69,65,72,39,42,59,48,21,20,22,32,41,62,45,50,43
"21-03-2021",36,20,15,14,11,29,35,41,45,40,37,34,37,31,39,34,49,46,45,60,63,71,53,71
"22-03-2021",74,69,50,49,43,31,64,75,74,50,49,39,37,30,46,41,61,74,74,78,94,64,39,40
"23-03-2021",31,38,12,9,13,30,37,48,39,39,41,46,39,36,41,41,52,44,48,41,46,46,26,32
"24-03-2021",23,23,15,19,17,35,43,48,41,38,46,42,30,40,39,41,40,34,50,65,66,52,47,40
"25-03-2021",16,8,10,9,14,27,24,35,28,34,19,31,18,22,19,17,27,32,35,48,61,64,41,40
"26-03-2021",31,22,44,61,62,83,93,89,84,76,61,45,42,40,48,40,28,33,46,51,47,45,83,96
"27-03-2021",82,70,58,53,49,73,78,78,70,58,71,69,38,24,22,25,22,22,32,46,39,40,-9999,110
"28-03-2021",103,91,75,54,52,62,74,74,79,67,91,68,52,42,40,16,25,25,17,24,45,73,77,102
"29-03-2021",97,76,57,47,59,77,85,101,112,122,101,74,68,56,59,37,29,37,37,66,99,76,62,54
"30-03-2021",35,24,12,16,28,64,88,89,73,73,63,79,63,65,64,63,61,58,55,74,66,37,55,59
"31-03-2021",35,16,18,23,33,39,68,59,47,50,76,71,58,39,31,28,33,39,50,58,67,66,62,55
"01-04-2021",28,12,7,5,13,63,43,69,71,56,65,63,69,72,88,91,55,53,45,62,81,76,79,87
"02-04-2021",85,75,68,62,57,83,84,101,101,111,82,51,39,39,33,33,31,29,40,39,41,82,59,38
"03-04-2021",21,19,16,22,34,55,72,80,75,63,59,42,43,31,19,19,25,21,29,38,33,25,22,30
"04-04-2021",32,21,18,19,11,13,13,13,17,16,18,17,22,12,18,13,16,19,33,42,46,32,29,47
"05-04-2021",55,41,58,35,47,73,74,75,68,64,58,69,58,71,62,70,65,64,58,63,59,56,45,52
"06-04-2021",30,21,18,23,22,48,60,62,69,74,64,69,54,65,63,57,61,54,62,63,65,61,35,35
"07-04-2021",23,23,17,11,15,30,52,104,90,64,28,33,24,20,22,28,27,56,57,70,60,82,43,45
"08-04-2021",34,33,38,55,44,54,104,110,90,60,63,47,41,40,36,32,30,34,48,53,49,41,26,34
"09-04-2021",33,18,16,25,63,75,77,77,54,52,50,42,47,57,49,49,50,54,66,50,57,45,37,44
"10-04-2021",44,57,55,70,56,84,93,98,97,84,46,49,45,41,29,22,18,21,26,29,42,34,30,35
"11-04-2021",44,59,47,44,45,57,71,77,73,51,60,53,44,37,15,18,23,20,17,33,35,41,22,32
"12-04-2021",62,38,47,47,40,68,93,98,110,109,117,77,71,65,35,42,25,29,33,40,49,39,35,56
"13-04-2021",62,47,52,65,64,80,94,102,106,115,104,77,64,46,42,50,53,44,32,41,50,66,62,79
"14-04-2021",85,95,93,58,56,72,102,119,104,100,75,78,60,38,28,41,37,30,26,38,50,63,50,67
"15-04-2021",44,54,36,58,57,86,98,105,98,86,86,67,49,45,36,39,27,29,27,38,43,36,38,40
"16-04-2021",50,48,84,32,38,75,73,96,88,77,71,78,49,55,48,45,37,31,52,75,74,64,45,45
"17-04-2021",23,21,15,11,13,44,48,77,68,65,59,48,44,41,37,34,46,58,44,57,62,52,47,40
"18-04-2021",27,24,18,15,23,35,43,67,79,67,45,56,49,40,48,39,23,39,49,47,65,96,90,101
"19-04-2021",105,95,81,76,58,79,106,98,90,81,77,54,30,22,37,35,37,72,39,39,62,70,40,56
"20-04-2021",45,36,43,40,41,46,94,102,79,63,59,67,56,60,53,66,54,18,49,74,84,84,53,58
"21-04-2021",26,23,32,29,40,83,87,124,107,80,61,58,55,53,64,50,40,39,50,53,58,62,28,69
"22-04-2021",54,52,47,90,83,89,93,107,119,110,116,79,53,33,40,27,48,50,38,58,57,50,40,43
"23-04-2021",41,31,44,44,69,90,93,88,68,47,73,76,51,36,38,29,30,35,37,62,100,128,70,54
"24-04-2021",26,21,17,8,12,42,56,71,63,62,62,72,68,73,61,48,70,58,50,55,51,42,34,55
"25-04-2021",38,50,43,41,47,30,27,28,23,18,23,27,26,26,28,20,27,34,33,30,39,42,32,54
"26-04-2021",65,78,78,57,50,75,91,106,101,88,72,82,66,70,39,35,27,30,39,88,108,91,83,98
"27-04-2021",45,33,67,38,57,76,78,86,89,100,97,58,39,39,28,38,27,29,36,31,40,35,36,30
"28-04-2021",29,48,47,50,44,80,89,122,110,52,42,54,34,49,32,30,38,31,30,31,38,36,49,100
"29-04-2021",100,103,79,79,63,73,90,86,105,100,94,96,88,63,47,90,66,74,80,54,100,111,110,101
"30-04-2021",94,72,68,76,76,80,73,74,82,116,86,53,57,57,33,36,31,23,32,48,50,55,103,112
"01-05-2021",106,98,99,107,102,97,88,159,99,109,106,89,96,96,88,90,60,45,61,72,78,58,65,80
"02-05-2021",83,76,90,93,75,69,66,78,101,106,96,63,70,73,43,38,31,35,49,58,82,145,94,101
"03-05-2021",86,85,103,107,73,99,126,82,94,72,53,51,51,51,37,55,50,28,42,56,72,72,85,97
"04-05-2021",109,86,103,101,100,90,97,64,39,41,33,35,55,44,23,23,21,38,44,60,59,42,52,62
"05-05-2021",70,57,43,27,55,88,91,107,104,90,89,38,35,33,34,44,38,32,26,42,39,43,58,48
"06-05-2021",50,27,33,37,32,48,81,79,70,75,75,52,58,81,82,78,76,41,29,37,57,66,82,87
"07-05-2021",113,93,84,81,83,90,92,84,100,119,101,65,61,-9999,-9999,32,33,35,55,77,44,86,73,61
"08-05-2021",37,79,53,96,88,84,88,99,87,89,73,75,72,82,77,78,115,98,107,99,74,55,55,89
"09-05-2021",62,24,13,9,11,15,30,26,28,28,33,36,35,41,33,32,39,36,38,48,53,56,43,38
"10-05-2021",41,74,14,14,22,39,61,86,60,50,50,50,46,56,57,65,54,42,42,40,67,61,61,82
"11-05-2021",46,60,65,54,42,59,70,104,96,57,64,55,68,65,64,55,58,86,101,95,98,83,73,61
"12-05-2021",41,30,23,27,55,75,104,129,143,95,65,91,76,52,51,44,37,32,31,38,50,55,52,53
"13-05-2021",33,35,36,39,49,74,86,95,94,91,87,85,86,53,41,30,24,30,36,48,68,92,41,50
"14-05-2021",31,27,22,30,48,57,86,85,71,88,80,74,63,76,77,87,29,28,35,53,50,51,40,61
"15-05-2021",70,42,42,68,54,81,113,102,104,113,75,64,87,44,35,55,53,49,51,79,82,93,111,113
"16-05-2021",59,49,59,43,45,72,90,81,80,63,49,65,63,55,28,42,39,51,56,71,75,90,63,48
"17-05-2021",32,48,56,57,73,92,96,96,90,90,82,85,49,40,35,35,33,26,29,41,46,46,41,59
"18-05-2021",67,52,43,31,53,54,82,101,91,67,59,59,59,46,61,33,45,54,74,71,78,101,78,99
"19-05-2021",107,105,99,95,91,94,128,98,130,110,85,88,70,56,39,44,23,28,30,35,62,102,54,65
"20-05-2021",66,31,39,19,18,26,75,95,79,63,52,62,65,71,90,87,73,74,82,84,71,51,21,45
"21-05-2021",37,25,32,47,52,54,72,72,55,46,53,70,48,57,63,65,38,56,69,80,45,34,48,79
"22-05-2021",53,35,23,38,51,69,74,73,70,110,87,59,55,35,35,22,25,21,32,22,30,31,42,69
"23-05-2021",38,32,60,52,51,62,85,80,95,83,71,65,77,67,30,30,32,35,61,51,71,66,76,103
"24-05-2021",142,139,125,118,131,110,94,107,162,164,148,139,136,104,47,59,96,107,57,45,163,135,140,137
"25-05-2021",142,134,161,111,113,129,147,102,84,84,85,85,128,119,79,145,187,152,148,106,132,126,92,87
"26-05-2021",77,113,134,129,99,118,79,133,133,101,96,72,114,109,78,34,51,91,139,143,157,119,67,86
"27-05-2021",91,99,107,109,116,110,94,106,120,103,83,45,37,66,37,46,34,38,49,43,76,64,58,61
"28-05-2021",108,86,63,36,40,72,96,120,114,124,83,81,65,36,33,37,34,43,37,36,45,51,62,78
"29-05-2021",77,44,84,94,42,49,95,88,50,52,37,41,32,23,15,19,18,20,25,34,34,45,34,43
"30-05-2021",33,92,89,81,67,72,49,79,71,57,38,72,79,89,41,37,35,28,31,58,47,50,35,36
"31-05-2021",34,63,36,71,52,74,97,98,62,85,73,78,87,67,53,39,37,28,37,38,43,48,52,34
"01-06-2021",37,29,16,32,40,50,80,78,48,50,56,43,72,53,42,24,25,24,26,33,32,49,46,50
"02-06-2021",35,64,58,21,42,52,80,78,59,57,48,38,53,57,64,55,32,26,30,34,44,35,32,28
"03-06-2021",29,40,74,74,64,72,100,109,98,110,100,73,78,43,29,26,37,31,35,42,43,51,40,40
"04-06-2021",59,70,70,42,44,78,92,104,101,86,84,57,70,73,65,56,38,39,48,86,69,68,66,81
"05-06-2021",55,37,21,21,27,76,87,86,68,62,64,62,43,28,30,27,21,27,27,34,33,41,34,37
"06-06-2021",47,60,60,46,39,54,72,75,106,118,58,83,35,26,34,25,23,23,27,32,46,62,58,66
"07-06-2021",45,81,79,33,66,102,101,110,119,120,94,86,132,42,39,40,31,33,38,46,65,69,67,59
"08-06-2021",52,94,86,65,32,74,84,93,107,87,69,98,77,42,30,44,26,25,50,38,88,97,58,56
"09-06-2021",44,29,23,40,48,56,68,64,65,60,52,68,78,94,89,127,107,81,77,99,57,55,22,57
"10-06-2021",40,58,49,33,45,51,65,83,58,57,61,65,80,85,70,73,87,103,68,44,45,109,85,105
"11-06-2021",95,90,76,59,71,69,95,105,116,94,88,64,91,70,83,89,75,73,111,96,95,134,114,107
"12-06-2021",101,79,70,64,59,65,72,81,91,88,57,58,50,37,39,47,34,74,90,56,67,66,82,62
"13-06-2021",59,65,59,56,71,65,60,64,78,100,85,48,37,27,18,20,21,20,16,31,44,50,67,42
"14-06-2021",84,79,38,12,15,33,57,94,69,54,52,53,58,74,53,60,40,45,49,60,51,58,51,85
"15-06-2021",66,54,38,41,56,57,81,87,91,66,41,58,55,66,75,74,59,61,60,50,51,60,55,67
"16-06-2021",84,79,69,73,86,86,92,94,78,66,59,68,61,54,76,62,25,20,25,21,29,46,69,88
"17-06-2021",94,75,80,76,78,84,88,89,99,116,114,109,95,32,49,34,34,29,18,43,49,58,90,105
"18-06-2021",93,61,28,65,72,79,95,95,114,144,101,59,60,31,22,31,33,28,37,37,42,60,62,50
"19-06-2021",88,72,77,89,89,95,91,100,105,87,85,108,102,80,72,40,23,25,24,28,34,37,62,72
"20-06-2021",134,109,113,119,104,103,105,106,113,110,106,78,63,86,34,21,16,20,29,28,40,71,48,98
"21-06-2021",56,64,88,70,97,106,77,81,101,103,92,97,52,33,21,26,23,26,31,36,50,55,51,50
"22-06-2021",71,64,36,61,62,43,70,99,90,83,48,42,-9999,-9999,40,37,36,42,68,63,66,70,91,53
"23-06-2021",39,26,37,42,20,51,39,62,70,-9999,-9999,-9999,-9999,-9999,-9999,-9999,-9999,-9999,-9999,-9999,-9999,-9999,-9999,-9999
"24-06-2021",-9999,-9999,-9999,-9999,-9999,-9999,-9999,-9999,-9999,-9999,-9999,91,107,91,55,44,70,62,52,57,81,68,39,67
"25-06-2021",96,95,122,99,69,74,91,101,133,119,124,135,99,58,44,61,42,61,87,65,62,77,58,124
"26-06-2021",139,133,148,115,116,103,106,130,107,111,121,92,81,75,32,29,31,38,62,77,91,79,111,107
"27-06-2021",121,96,76,85,54,28,58,65,64,53,97,126,124,86,27,28,24,32,74,112,80,98,94,99
"28-06-2021",97,73,72,87,53,80,92,93,93,97,88,96,115,77,98,101,69,63,93,126,89,98,90,94
"29-06-2021",70,82,65,50,54,74,82,96,104,110,109,109,86,58,47,40,40,46,52,82,35,49,34,49
"30-06-2021",58,76,110,59,66,89,106,137,122,138,127,118,138,124,170,104,49,45,54,96,62,67,58,57
"01-07-2021",52,91,89,112,104,116,131,158,133,82,56,58,48,53,41,35,33,39,37,98,96,127,62,50
"02-07-2021",38,43,37,47,76,79,111,131,95,98,101,88,118,109,109,103,64,53,67,85,74,58,61,95
"03-07-2021",96,75,82,69,43,69,101,64,49,57,54,54,43,82,106,36,31,31,24,25,27,52,44,55
"04-07-2021",35,85,93,70,73,84,88,107,45,56,59,69,65,26,23,17,16,15,21,30,39,42,35,22
"05-07-2021",29,18,21,21,10,35,71,113,106,107,51,61,62,35,23,27,25,23,19,30,35,33,59,79
"06-07-2021",106,105,102,89,89,94,97,91,83,60,74,86,70,48,71,36,31,30,67,60,60,92,70,86
"07-07-2021",76,75,81,75,64,79,93,99,115,139,114,96,131,116,104,133,120,54,-9999,87,89,83,73,63
"08-07-2021",83,93,83,54,56,53,68,72,77,92,79,85,93,79,78,67,68,78,89,89,74,72,48,63
"09-07-2021",54,43,28,27,30,67,73,61,69,75,79,75,76,46,43,37,43,50,70,75,55,47,54,39
"10-07-2021",38,27,15,34,64,96,61,49,57,38,43,56,63,52,40,37,44,28,33,43,60,73,65,56
"11-07-2021",91,101,60,60,57,64,62,75,34,27,28,26,31,26,25,31,26,19,46,34,41,65,72,80
"12-07-2021",82,81,72,84,102,108,119,99,98,62,72,71,74,72,71,82,88,86,84,83,94,81,73,83
"13-07-2021",84,42,44,57,64,93,97,114,109,99,90,99,88,85,76,84,102,73,81,116,90,102,78,80
"14-07-2021",78,107,113,94,99,119,99,137,127,102,65,97,101,82,94,82,76,81,91,94,94,93,78,75
"15-07-2021",61,52,34,64,111,116,124,116,118,80,75,97,101,81,92,99,87,66,74,135,105,107,90,75
"16-07-2021",85,105,90,95,112,107,118,146,119,126,107,98,86,77,102,51,44,57,90,114,49,95,95,90
"17-07-2021",84,75,83,66,94,101,107,118,111,115,98,94,55,55,109,35,22,30,31,25,48,83,92,89
"18-07-2021",65,74,85,80,76,104,96,100,120,120,93,59,38,25,23,17,13,13,34,25,24,27,70,24
"19-07-2021",55,76,74,74,63,67,60,79,90,98,85,38,41,31,33,18,14,18,20,23,28,30,26,29
"20-07-2021",23,40,61,72,44,66,81,73,58,68,87,55,51,35,22,25,23,23,34,22,23,22,23,54
"21-07-2021",64,76,73,63,75,94,110,104,69,58,52,53,51,53,39,47,30,46,58,69,91,104,76,80
"22-07-2021",43,66,13,7,13,37,57,64,54,55,69,86,83,71,66,78,75,74,66,92,82,69,57,64
"23-07-2021",41,36,29,42,43,68,62,66,53,45,50,60,75,75,78,55,67,77,66,84,82,74,58,68
"24-07-2021",60,55,42,33,23,44,67,61,54,34,23,39,36,36,35,40,47,41,36,53,56,38,62,69
"25-07-2021",70,61,77,76,60,34,63,52,32,28,25,20,15,26,31,29,21,23,30,39,56,41,47,96
"26-07-2021",61,100,99,89,74,67,89,83,75,84,69,80,54,49,60,53,55,81,92,106,101,90,98,94
"27-07-2021",100,91,120,109,115,107,121,126,64,75,96,90,109,109,104,115,103,110,124,125,114,115,101,74
"28-07-2021",57,47,39,31,37,83,95,81,78,99,103,106,93,94,98,112,104,95,118,88,46,45,59,64
"29-07-2021",54,39,47,38,40,75,92,121,124,131,146,117,109,106,107,114,118,63,112,187,149,165,155,152
"30-07-2021",134,143,144,131,121,153,168,203,183,167,137,127,124,150,133,133,68,73,118,170,148,76,85,136
"31-07-2021",201,200,175,123,102,127,133,134,153,141,127,112,85,145,151,63,145,73,58,43,52,72,127,142
"01-08-2021",160,160,129,141,126,112,94,106,130,106,108,116,98,59,94,95,47,100,123,138,142,130,137,139
"02-08-2021",120,164,166,125,120,125,172,130,134,162,143,117,128,132,77,46,33,38,53,78,58,107,144,199
"03-08-2021",186,206,217,153,124,114,151,141,122,128,122,61,68,76,41,45,59,132,122,132,128,130,107,107
"04-08-2021",108,100,108,146,102,113,100,150,152,193,130,105,116,128,81,58,49,63,171,130,92,65,112,131
"05-08-2021",126,165,149,147,111,214,197,135,130,128,162,105,123,89,44,53,37,96,59,63,66,61,62,102
"06-08-2021",63,63,50,93,65,74,79,83,83,103,62,-9999,-9999,57,56,67,74,79,93,105,90,114,90,75
"07-08-2021",56,61,31,16,18,34,61,61,55,30,31,38,33,46,40,53,50,55,87,76,60,56,61,50
"08-08-2021",69,64,68,69,72,66,72,75,75,60,43,80,61,41,63,62,33,26,77,109,88,104,117,85
"09-08-2021",86,112,88,59,73,99,105,95,127,107,88,107,107,99,48,45,27,18,35,39,30,40,36,88
"10-08-2021",106,102,88,105,106,108,103,138,104,130,120,104,77,85,70,57,39,47,90,134,91,47,45,120
"11-08-2021",121,134,108,108,110,119,95,122,125,124,102,120,44,45,51,76,42,35,108,86,111,95,99,97
"12-08-2021",55,16,10,17,60,85,101,83,55,83,66,49,61,70,69,65,59,62,71,62,51,44,42,36
"13-08-2021",52,68,36,27,24,53,55,60,50,71,72,87,67,59,67,61,67,65,65,82,74,70,83,60
"14-08-2021",35,33,21,30,25,47,50,54,57,49,49,37,30,21,18,25,26,21,42,49,41,41,55,60
"15-08-2021",70,39,25,18,15,20,32,29,34,24,22,22,19,22,21,18,25,19,37,44,55,49,56,66
"16-08-2021",29,35,77,58,38,60,80,77,49,38,34,32,33,52,55,49,49,47,40,101,72,72,60,71
"17-08-2021",73,22,15,55,48,79,85,93,104,128,102,107,77,42,29,39,24,21,48,41,33,56,91,44
"18-08-2021",50,44,47,88,116,90,93,98,112,79,52,63,97,77,35,39,59,67,45,57,83,119,82,124
"19-08-2021",133,117,119,75,72,91,86,68,98,109,66,65,64,54,73,42,47,71,69,61,57,46,56,58
"20-08-2021",49,25,43,22,22,60,91,62,66,61,60,64,67,61,56,54,67,61,79,74,64,71,85,78
"21-08-2021",60,62,42,49,37,56,81,71,51,38,47,53,43,33,33,47,35,23,25,28,40,37,40,31
"22-08-2021",24,71,52,29,32,41,46,38,32,26,23,23,24,16,14,26,30,21,24,48,34,32,36,60
"23-08-2021",38,35,22,45,50,74,78,70,45,41,37,33,32,34,39,47,51,34,28,33,41,49,53,79
"24-08-2021",73,74,47,47,43,60,70,70,50,51,46,43,37,43,47,65,74,66,37,62,59,69,84,72
"25-08-2021",80,61,59,58,58,78,86,108,107,100,73,59,115,112,38,28,26,21,30,33,40,39,48,41
"26-08-2021",31,22,51,88,86,86,90,96,104,104,104,43,46,34,30,39,18,17,39,49,44,43,42,48
"27-08-2021",84,87,84,75,61,73,89,90,85,100,96,60,35,24,24,29,20,27,27,33,28,86,64,65
"28-08-2021",53,60,53,59,60,73,60,79,86,59,86,48,72,74,78,22,23,31,22,21,22,43,49,73
"29-08-2021",43,39,31,35,47,64,73,79,60,51,62,50,51,40,45,50,45,22,26,24,38,67,85,57
"30-08-2021",51,63,65,71,83,90,90,92,61,84,67,51,46,42,53,60,32,24,31,20,40,68,87,83
"31-08-2021",91,84,86,82,89,94,100,107,74,73,82,62,50,50,81,30,25,27,40,41,43,79,66,57
"01-09-2021",77,82,71,86,83,83,96,102,95,86,73,56,76,63,92,63,32,37,38,40,48,56,53,81
"02-09-2021",57,57,66,24,27,25,37,44,63,73,72,66,68,58,53,52,51,59,75,73,75,66,57,60
"03-09-2021",47,59,27,29,48,42,62,68,63,71,70,67,71,66,67,59,64,80,72,79,75,69,64,61
"04-09-2021",47,35,34,42,49,79,77,81,60,57,48,47,65,39,89,55,21,34,57,55,68,61,53,61
"05-09-2021",54,37,54,28,29,28,45,46,48,50,43,39,60,49,38,29,43,50,44,48,61,36,59,51
"06-09-2021",43,38,44,41,34,29,33,51,65,70,44,58,48,59,55,54,62,53,52,60,51,36,32,39
"07-09-2021",38,25,17,9,11,32,47,52,58,58,53,65,55,48,38,40,70,52,46,39,31,31,47,37
"08-09-2021",29,21,16,12,31,63,77,73,73,73,66,64,47,39,36,31,35,46,24,30,30,23,20,35
"09-09-2021",48,29,32,39,27,42,49,63,42,39,40,38,34,32,42,35,45,47,46,49,54,47,44,40
"10-09-2021",33,39,24,45,32,47,63,67,72,58,49,65,53,56,53,61,32,36,37,48,39,34,36,30
"11-09-2021",75,73,70,58,59,66,69,77,78,71,49,48,47,61,25,21,19,29,37,40,41,58,63,87
"12-09-2021",85,71,55,50,49,67,75,93,70,79,55,57,50,51,55,55,58,64,70,71,67,43,60,50
"13-09-2021",51,80,81,66,31,67,86,93,67,59,61,64,66,49,69,63,47,47,46,56,43,46,45,48
"14-09-2021",72,56,49,58,55,35,40,86,73,59,45,49,58,56,51,57,60,47,64,65,54,54,70,76
"15-09-2021",91,96,93,82,69,92,102,104,125,124,125,131,119,146,87,51,43,47,63,92,96,90,63,102
"16-09-2021",98,85,74,56,51,79,88,101,112,131,132,67,51,52,50,32,34,40,50,51,59,74,109,110
"17-09-2021",109,100,80,68,74,86,93,103,123,110,79,74,54,47,48,45,38,40,49,47,56,37,56,51
"18-09-2021",52,41,56,49,62,78,81,83,94,101,92,65,63,79,67,56,49,56,53,80,77,68,41,43
"19-09-2021",40,54,41,52,54,48,76,83,65,86,67,58,29,44,15,19,33,43,56,48,81,88,105,79
"20-09-2021",52,57,65,57,75,88,90,88,94,94,73,74,85,79,83,83,38,57,75,72,68,58,35,40
"21-09-2021",21,17,22,43,49,50,83,97,88,97,80,45,44,63,69,62,30,35,35,57,65,67,64,61
"22-09-2021",45,40,19,19,19,47,64,72,75,70,69,57,54,40,26,36,27,39,33,35,51,68,67,66
"23-09-2021",50,23,12,12,10,32,45,34,40,47,45,42,31,28,37,43,47,50,37,47,61,55,56,58
"24-09-2021",38,35,21,53,56,72,97,95,98,82,58,72,58,57,65,55,52,49,46,53,55,59,96,102
"25-09-2021",95,90,83,75,68,76,83,83,79,97,100,88,50,56,60,52,31,38,39,41,74,68,57,101
"26-09-2021",92,81,71,66,66,67,81,87,73,71,50,52,75,47,94,63,45,30,93,123,120,84,77,85
"27-09-2021",92,89,80,65,72,77,92,95,118,115,110,63,85,104,118,137,61,62,97,141,133,105,60,89
"28-09-2021",97,84,71,57,47,87,103,93,101,93,81,80,81,81,60,64,53,107,82,98,75,65,69,57
"29-09-2021",48,21,16,15,16,53,68,75,77,70,72,59,64,80,70,71,60,67,68,61,56,50,44,41
"30-09-2021",41,17,13,12,13,53,70,63,71,64,66,71,74,69,62,43,40,51,46,38,31,30,34,39
"01-10-2021",37,38,23,16,13,35,43,59,62,60,54,52,73,78,73,69,59,68,62,58,55,41,39,35
"02-10-2021",45,32,16,15,16,37,60,63,63,62,46,41,37,36,35,23,19,20,26,30,26,25,29,29
"03-10-2021",42,43,53,46,27,35,59,61,63,52,35,29,22,23,19,27,24,20,26,23,43,34,50,61
"04-10-2021",62,71,39,31,34,47,69,68,57,54,38,38,42,52,67,75,57,43,37,46,49,56,73,78
"05-10-2021",74,51,41,26,34,66,79,73,87,88,48,47,58,74,88,89,89,78,81,75,70,59,54,47
"06-10-2021",45,32,18,16,27,44,64,73,71,61,51,47,73,63,66,84,63,54,63,68,77,60,55,41
"07-10-2021",41,35,25,27,29,50,78,78,76,75,61,74,55,43,33,35,27,36,48,87,74,74,59,64
"08-10-2021",48,43,36,29,36,66,76,92,97,98,55,52,58,56,51,50,89,95,100,87,73,63,62,60
"09-10-2021",40,41,25,27,51,59,66,68,58,52,45,42,30,25,27,31,38,24,42,50,29,53,58,61
"10-10-2021",51,43,39,33,32,44,56,62,63,60,51,60,50,24,14,23,14,28,30,41,60,54,64,59
"11-10-2021",52,47,14,18,13,36,38,76,79,68,75,69,29,38,31,23,21,51,73,77,82,73,70,67
"12-10-2021",75,59,53,53,47,51,65,67,69,81,75,69,59,62,60,54,47,58,57,71,80,67,71,71
"13-10-2021",64,63,58,53,54,55,63,69,75,78,83,44,36,33,31,35,25,36,31,51,55,53,66,71
"14-10-2021",29,42,34,37,29,46,63,71,44,79,85,82,51,46,78,98,96,101,100,93,91,77,72,63
"15-10-2021",53,39,29,19,6,14,42,70,89,43,27,19,23,38,42,27,18,38,54,45,36,38,32,22
"16-10-2021",11,9,11,14,16,32,69,78,79,79,58,39,49,43,52,49,60,71,62,71,63,55,51,53
"17-10-2021",53,50,52,49,41,39,49,52,49,48,42,39,48,34,48,33,23,26,33,50,58,60,57,38
"18-10-2021",40,36,29,28,33,48,54,60,60,59,55,61,60,55,70,92,68,74,71,65,67,62,50,50
"19-10-2021",52,47,37,34,33,52,64,71,75,77,70,49,61,64,62,72,71,78,73,75,63,61,60,73
"20-10-2021",67,61,49,44,46,64,74,70,82,89,67,48,61,55,45,47,45,50,77,82,71,70,69,67
"21-10-2021",53,48,42,36,45,58,75,84,110,93,75,56,43,34,31,36,26,31,47,52,49,89,92,84
"22-10-2021",88,84,80,71,67,63,69,80,96,95,83,68,44,42,49,36,31,36,54,43,63,62,27,35
"23-10-2021",36,54,60,55,52,54,57,63,64,73,71,62,42,51,55,47,21,29,32,35,61,59,65,63
"24-10-2021",57,54,52,51,45,44,44,44,46,52,53,47,71,60,29,37,25,38,39,38,36,36,25,25
"25-10-2021",23,20,9,7,10,29,57,56,59,50,55,54,61,70,71,66,65,66,58,51,35,38,22,26
"26-10-2021",21,25,21,18,25,44,61,75,78,71,66,61,59,49,55,48,62,69,71,67,51,37,33,53
"27-10-2021",36,20,18,19,19,51,62,78,73,61,57,50,47,49,47,29,-9999,-9999,65,78,69,65,32,31
"28-10-2021",30,22,42,50,50,53,55,61,58,37,29,28,34,36,34,37,35,43,43,49,37,36,38,43
"29-10-2021",27,27,47,50,54,69,88,92,105,91,68,75,73,53,51,37,33,43,59,53,35,37,32,42
"30-10-2021",28,24,39,28,30,28,42,68,39,40,30,27,29,32,31,40,53,49,62,61,51,43,49,51
"31-10-2021",55,33,28,29,30,26,28,58,68,61,46,54,51,48,50,54,58,61,70,63,69,68,48,57
"01-11-2021",47,53,40,55,55,70,79,95,99,79,84,73,53,57,49,68,43,57,63,60,81,83,95,85
"02-11-2021",82,69,62,49,37,28,28,39,36,33,37,26,30,39,35,43,42,76,78,72,80,84,58,60
"03-11-2021",72,60,26,42,51,62,63,69,76,91,81,67,53,40,47,47,35,40,55,69,86,90,86,79
"04-11-2021",67,60,56,55,52,61,69,77,93,93,26,31,29,29,26,29,37,47,49,52,53,66,80,77
"05-11-2021",74,61,49,50,90,55,69,72,84,56,27,35,27,31,41,41,39,35,38,30,44,44,40,60
"06-11-2021",63,64,60,52,51,53,51,54,57,69,81,66,77,72,73,90,98,102,103,100,87,95,101,98
"07-11-2021",79,72,63,61,56,55,46,53,32,23,27,24,25,26,23,22,26,36,42,64,69,72,75,75
"08-11-2021",60,56,49,47,39,55,59,78,78,74,59,40,33,37,29,32,39,47,50,58,65,67,66,75
"09-11-2021",69,72,60,50,40,56,63,79,82,88,84,92,78,79,86,76,83,83,74,83,70,64,61,50
"10-11-2021",31,13,13,12,11,20,28,44,49,46,53,63,59,68,62,70,60,54,51,35,44,44,26,24
"11-11-2021",30,22,12,17,22,34,48,53,-9999,51,54,45,45,47,49,41,39,43,40,49,50,39,32,36
"12-11-2021",23,21,21,24,27,45,64,88,67,63,63,46,47,54,64,58,60,65,71,76,83,77,75,70
"13-11-2021",59,63,52,41,43,64,83,73,74,78,68,39,43,44,55,53,39,45,68,90,85,80,75,75
"14-11-2021",74,62,55,50,51,55,66,78,72,75,68,42,36,28,48,27,27,51,62,69,62,61,58,67
"15-11-2021",55,47,27,29,33,55,74,86,88,78,74,77,75,74,84,87,77,78,78,83,68,64,47,43
"16-11-2021",30,21,17,12,25,42,65,61,69,62,60,78,77,77,87,76,78,64,81,69,64,63,50,47
"17-11-2021",34,50,53,37,40,54,76,80,79,87,96,73,82,68,65,66,75,77,72,72,61,68,54,52
"18-11-2021",45,36,30,32,36,48,69,71,79,84,88,68,76,60,39,49,46,49,44,73,69,70,67,58
"19-11-2021",41,29,32,24,25,52,57,73,75,75,72,70,69,75,78,81,53,57,54,44,43,38,35,32
"20-11-2021",41,20,15,26,37,34,36,52,41,37,22,33,32,22,37,42,40,37,42,40,51,37,41,43
"21-11-2021",41,43,34,36,47,39,52,62,43,35,38,38,22,23,39,50,55,60,65,80,76,72,74,69
"22-11-2021",68,58,54,50,50,60,67,77,99,106,100,65,40,31,34,41,34,38,35,31,22,21,19,21
"23-11-2021",15,11,10,14,17,45,66,78,96,80,73,65,44,46,35,36,46,73,78,84,85,60,60,64
"24-11-2021",53,46,31,55,51,46,48,72,63,59,52,58,56,58,58,53,43,53,54,48,48,41,34,35
"25-11-2021",30,22,25,22,26,52,70,79,79,74,68,71,56,67,63,79,85,82,88,78,74,77,67,59
"26-11-2021",56,49,43,40,46,61,73,74,84,83,78,49,39,31,51,79,91,90,93,86,74,75,65,64
"27-11-2021",58,52,50,46,42,48,54,65,59,35,37,36,29,25,28,33,29,30,27,32,56,14,15,22
"28-11-2021",16,26,30,28,23,47,74,70,65,69,72,35,22,15,18,20,20,24,27,18,18,15,20,20
"29-11-2021",23,19,11,16,16,30,56,48,59,35,41,46,42,43,36,40,33,33,53,64,59,49,27,15
"30-11-2021",11,22,19,19,15,17,31,43,40,47,62,60,51,50,52,69,62,51,62,50,54,62,47,48
"01-12-2021",55,61,55,61,60,54,71,75,55,52,55,53,55,52,64,61,63,76,65,61,67,60,37,47
"02-12-2021",44,34,38,36,40,82,84,98,104,101,77,47,57,63,65,45,54,75,67,55,41,65,68,47
"03-12-2021",25,39,64,64,60,68,72,53,64,61,38,25,27,28,34,27,20,19,25,30,20,18,13,14
"04-12-2021",7,7,14,29,46,67,68,79,47,44,28,45,67,63,46,36,84,56,76,78,77,73,65,66
"05-12-2021",56,62,53,47,43,46,52,57,57,64,47,34,42,30,25,28,22,65,72,77,86,71,65,74
"06-12-2021",82,74,60,54,50,60,68,82,79,60,35,21,24,25,28,30,24,23,24,21,21,17,13,10
"07-12-2021",7,5,10,6,16,12,21,33,44,72,102,96,70,59,74,81,77,77,63,55,66,57,37,34
"08-12-2021",26,40,31,36,23,26,41,53,50,49,40,43,49,47,43,58,48,56,57,56,67,63,39,52
"09-12-2021",54,35,57,28,46,72,74,98,102,107,105,71,43,34,35,33,27,27,32,20,18,18,14,11
"10-12-2021",8,5,3,4,4,10,16,50,85,83,80,77,54,39,47,59,49,38,53,62,43,48,33,23
"11-12-2021",25,11,11,8,10,10,9,10,13,12,15,14,16,17,15,12,12,11,9,11,11,11,34,33
"12-12-2021",40,12,30,49,33,49,70,42,53,76,66,70,52,58,37,26,31,42,35,75,73,70,78,73
"13-12-2021",63,63,62,57,56,60,56,61,70,56,52,55,63,62,65,73,70,71,66,62,48,50,43,35
"14-12-2021",25,24,16,17,20,40,49,55,37,37,34,34,35,34,33,43,38,37,40,30,31,30,22,15
"15-12-2021",16,10,11,10,18,25,43,58,65,74,65,56,62,65,58,49,54,46,58,50,60,68,69,71
"16-12-2021",62,55,55,42,38,38,68,92,71,73,60,68,52,47,43,48,69,70,72,81,81,65,53,67
"17-12-2021",59,34,39,44,29,44,59,69,63,64,67,54,43,41,49,50,65,60,74,86,88,83,74,66
"18-12-2021",41,18,16,17,15,20,27,42,29,40,50,48,56,48,37,33,39,35,33,33,34,32,24,21
"19-12-2021",13,17,12,23,24,20,17,26,33,27,25,27,24,22,27,29,35,45,43,49,36,57,56,67
"20-12-2021",68,61,55,51,52,64,68,85,104,114,110,79,75,66,75,86,88,96,99,101,90,87,75,76
"21-12-2021",69,64,46,24,33,58,66,70,82,69,85,49,44,44,48,72,78,84,84,81,81,72,69,54
"22-12-2021",47,37,30,22,26,53,69,83,93,82,80,80,72,55,58,82,75,78,83,78,75,71,55,36
"23-12-2021",30,30,44,17,28,38,55,73,71,59,55,53,37,56,68,59,74,-9999,83,84,87,78,71,75
"24-12-2021",73,65,58,56,53,68,74,79,81,102,88,62,65,60,54,59,42,59,74,76,58,62,43,56
"25-12-2021",54,57,61,63,62,61,54,57,64,71,56,52,53,31,29,47,55,66,75,83,77,82,80,71
"26-12-2021",71,60,54,47,43,45,45,51,53,72,80,45,31,31,38,27,12,18,26,27,25,39,36,18
"27-12-2021",34,55,28,32,26,53,64,75,61,51,45,27,31,25,31,28,34,33,76,85,76,69,20,22
"28-12-2021",12,13,7,16,12,36,28,28,28,28,33,33,28,36,31,33,31,30,41,32,32,34,27,18
"29-12-2021",20,21,44,45,56,62,65,84,83,76,76,67,73,53,66,65,70,68,68,65,63,54,55,61
"30-12-2021",52,54,50,36,40,56,69,47,37,39,39,42,38,31,33,29,29,36,26,32,29,30,32,52
"31-12-2021",38,21,16,11,8,17,29,36,43,50,39,39,56,43,37,40,30,29,33,36,45,56,48,30
"01-01-2022",30,40,31,25,53,53,48,45,51,55,68,59,54,37,33,44,36,58,67,74,73,66,63,64
"02-01-2022",59,54,49,51,41,49,47,78,57,45,29,33,33,34,24,33,53,62,68,73,71,68,59,61
"03-01-2022",56,49,44,43,40,47,53,56,70,89,69,46,51,53,60,49,41,44,47,55,38,22,24,37
"04-01-2022",35,36,57,54,54,62,62,69,75,86,87,65,74,54,59,73,84,96,85,78,73,67,35,26
"05-01-2022",22,14,24,25,31,27,66,72,63,51,37,48,55,63,33,27,24,48,51,68,83,79,75,74
"06-01-2022",68,58,57,57,48,46,48,55,52,66,65,31,21,23,17,27,25,27,30,32,34,24,33,31
"07-01-2022",23,14,9,17,36,64,67,67,73,67,46,33,28,28,20,35,37,41,59,74,72,78,67,63
"08-01-2022",61,46,19,11,24,57,60,64,67,70,72,30,42,68,62,38,34,67,80,76,69,69,66,63
"09-01-2022",57,50,19,25,28,36,51,70,66,66,67,67,62,52,58,58,57,82,64,67,72,65,57,63
"10-01-2022",58,53,46,39,42,47,54,72,69,73,82,90,90,104,103,97,57,53,77,74,54,50,76,83
"11-01-2022",55,24,7,12,25,69,109,118,118,105,111,111,86,98,93,107,107,87,73,52,61,32,18,19
"12-01-2022",17,15,13,15,8,14,19,22,-9999,-9999,5,-9999,-9999,36,48,43,49,49,43,42,46,39,41,33
"13-01-2022",29,15,17,19,23,48,55,57,66,64,43,44,57,44,32,39,44,38,39,43,34,33,22,20
"14-01-2022",15,15,36,32,15,42,57,72,66,37,44,44,38,45,46,47,61,66,86,90,94,89,91,88
"15-01-2022",77,66,60,56,52,60,65,65,74,79,36,41,51,51,58,55,54,54,64,64,75,69,73,64
"16-01-2022",58,49,46,37,33,26,37,56,58,59,56,48,40,46,47,52,54,64,68,78,75,67,65,63
"17-01-2022",56,54,50,50,45,54,61,72,85,95,87,74,68,58,25,41,49,70,89,84,97,88,84,79
"18-01-2022",75,65,56,57,53,46,43,57,64,63,48,36,49,48,57,60,50,47,57,70,77,69,74,51
"19-01-2022",22,9,5,18,26,34,37,57,80,77,69,68,62,71,65,64,62,67,78,82,78,79,76,74
"20-01-2022",64,59,55,53,53,61,67,84,90,104,97,74,37,35,40,37,34,52,80,102,95,68,73,80
"21-01-2022",77,67,61,61,59,65,75,80,97,110,135,79,52,46,68,46,63,94,105,96,93,70,48,70
"22-01-2022",56,60,20,17,11,19,37,46,36,32,36,49,26,23,25,29,22,22,24,32,46,45,37,50
"23-01-2022",61,64,57,39,10,21,20,26,20,17,15,14,14,15,16,14,23,29,35,60,72,71,62,72
"24-01-2022",70,59,22,18,21,24,33,38,29,29,24,32,28,21,24,35,40,25,27,15,17,20,14,12
"25-01-2022",9,5,4,6,5,11,12,8,37,28,21,23,28,39,39,22,21,38,49,50,25,26,46,41
"26-01-2022",47,45,17,35,38,41,48,31,39,24,23,31,27,31,30,37,40,42,54,76,84,72,56,73
"27-01-2022",83,37,38,37,27,44,64,78,77,63,44,38,37,40,40,52,54,81,94,82,91,89,84,83
"28-01-2022",77,67,70,63,77,91,83,82,93,105,88,62,45,46,54,60,51,47,73,90,106,109,91,88
"29-01-2022",73,61,60,51,50,60,66,76,81,81,74,61,37,42,37,37,37,26,41,31,29,34,44,35
"30-01-2022",34,21,15,17,19,25,42,49,29,29,23,21,20,23,22,32,31,47,71,75,82,84,74,67
"31-01-2022",78,71,56,56,54,60,68,82,100,74,64,52,67,69,44,43,43,47,54,39,32,29,31,29
"01-02-2022",21,8,11,7,11,18,33,47,70,74,39,30,30,33,32,34,40,28,29,21,18,28,26,35
"02-02-2022",24,7,15,5,12,25,61,32,40,35,26,24,25,45,41,35,50,73,40,42,42,32,26,21
"03-02-2022",19,16,11,10,9,21,28,36,49,45,43,51,37,39,38,36,30,33,35,64,70,34,34,44
"04-02-2022",44,56,48,44,42,50,50,58,76,65,44,46,43,49,49,53,54,48,60,64,60,81,80,83
"05-02-2022",77,65,59,58,51,56,64,62,77,84,62,41,36,31,19,27,25,40,67,96,96,94,79,73
"06-02-2022",65,61,59,53,51,61,64,73,71,59,50,50,42,35,42,35,39,36,60,79,80,87,86,77
"07-02-2022",78,66,57,56,52,64,68,77,91,104,91,93,77,75,98,60,83,88,94,62,27,54,69,29
"08-02-2022",19,20,21,27,25,31,56,38,33,34,32,44,38,39,42,40,43,46,35,41,32,28,20,19
"09-02-2022",13,14,9,12,17,27,48,66,61,50,36,37,34,38,38,41,43,48,58,65,67,91,85,81
"10-02-2022",64,65,53,51,51,67,81,88,108,118,92,44,44,46,33,46,35,58,85,76,84,89,86,66
"11-02-2022",65,65,62,64,64,71,82,91,100,101,80,72,48,61,37,31,43,46,76,81,90,103,102,94
"12-02-2022",80,70,67,60,65,71,70,72,77,89,72,47,31,25,21,23,32,38,50,83,87,84,78,67
"13-02-2022",52,41,41,43,49,47,44,53,48,45,43,47,31,24,22,22,24,26,51,62,66,67,67,61
"14-02-2022",63,58,58,53,57,63,73,64,77,83,71,57,57,50,37,49,35,41,40,60,56,59,55,70
"15-02-2022",74,86,59,53,48,53,63,75,79,82,66,62,43,50,41,36,41,45,56,61,79,86,83,75
"16-02-2022",61,57,51,52,45,51,56,61,71,82,77,62,40,35,29,27,29,27,29,31,37,29,31,21
"17-02-2022",13,17,24,25,26,51,50,58,59,61,55,41,31,25,24,33,25,35,40,38,54,55,54,46
"18-02-2022",43,38,36,30,30,36,45,50,54,60,43,41,30,38,44,36,32,42,46,60,59,59,55,56
"19-02-2022",50,43,36,47,49,54,51,51,51,50,54,49,38,23,16,19,21,24,25,31,29,34,52,53
"20-02-2022",50,48,41,44,40,36,40,36,40,50,43,44,43,45,30,44,40,46,35,43,40,31,21,24
"21-02-2022",34,29,28,36,32,35,37,38,43,47,50,42,35,21,20,22,25,28,32,35,39,43,45,33
"22-02-2022",26,32,30,22,28,33,44,44,47,29,19,20,19,13,17,20,20,30,41,41,39,38,34,34
"23-02-2022",35,32,27,27,17,26,25,31,28,22,19,22,20,19,20,22,22,20,18,22,29,25,19,15
"24-02-2022",12,8,11,8,7,14,19,23,24,23,21,20,23,28,24,27,22,21,21,23,21,16,18,13
"25-02-2022",19,19,12,17,19,30,37,46,37,31,33,25,26,25,28,31,29,40,37,26,28,32,39,37
"26-02-2022",34,30,30,27,26,30,34,35,37,36,23,18,23,22,17,19,17,18,18,25,25,20,30,36
"27-02-2022",33,28,24,14,12,13,9,11,10,8,9,9,9,12,24,21,27,25,30,31,37,33,26,28
"28-02-2022",28,24,25,18,16,28,33,35,30,27,36,27,23,23,22,27,30,35,32,29,29,26,24,21
"01-03-2022",15,10,11,9,11,21,32,34,35,33,37,32,33,40,40,37,36,38,34,35,31,30,25,23
"02-03-2022",14,10,10,8,8,15,25,26,31,29,28,29,31,30,26,28,24,18,18,17,18,15,15,15
"03-03-2022",26,19,25,14,14,28,31,40,38,32,22,24,22,24,26,22,17,19,25,26,27,26,22,22
"04-03-2022",22,28,28,22,24,35,36,49,47,42,36,31,38,25,22,20,20,20,24,33,31,38,41,39
"05-03-2022",34,33,30,28,28,31,34,36,35,36,39,32,35,29,28,24,21,30,35,34,36,34,35,32
"06-03-2022",27,26,23,21,22,25,28,35,33,29,28,22,24,18,19,21,19,26,24,26,34,23,20,28
"07-03-2022",25,25,25,27,25,30,29,35,24,26,25,22,19,21,20,23,29,27,18,18,24,25,30,31
"08-03-2022",29,26,21,21,15,23,37,39,27,27,26,23,20,21,25,33,26,23,30,31,27,25,21,18
"09-03-2022",15,12,11,10,12,24,28,33,29,31,33,28,19,20,25,24,19,20,24,24,27,19,15,15
"10-03-2022",13,9,9,8,9,15,20,32,26,26,21,22,28,31,26,29,28,23,26,24,20,24,24,23
"11-03-2022",19,25,16,15,15,24,29,31,29,29,25,28,27,33,35,33,29,29,37,37,28,27,19,23
"12-03-2022",23,20,21,16,19,20,28,32,29,27,20,18,18,26,28,21,21,22,21,22,21,21,19,22
"13-03-2022",23,24,24,19,24,30,33,30,22,23,17,19,21,17,13,10,11,11,13,20,21,33,29,30
"14-03-2022",29,25,19,17,19,26,31,35,35,32,28,25,29,35,30,22,25,32,33,35,35,38,33,23
"15-03-2022",16,18,27,27,27,28,34,37,37,27,25,26,26,25,24,26,26,30,33,38,38,45,42,39
"16-03-2022",33,28,25,23,22,30,38,38,49,47,34,28,28,20,18,18,16,20,21,23,23,23,16,13
"17-03-2022",15,20,25,24,22,24,33,39,40,28,30,36,23,21,25,35,29,28,26,27,25,23,20,22
"18-03-2022",15,8,6,5,6,13,23,26,24,26,27,25,27,23,26,28,29,25,27,25,20,22,17,20
"19-03-2022",15,12,-9999,6,7,13,19,20,23,19,19,20,21,19,17,18,18,19,17,22,19,20,18,19
"20-03-2022",12,14,7,7,8,10,11,13,10,10,11,11,13,13,12,13,13,14,14,14,16,16,13,9
"21-03-2022",7,5,4,5,6,16,24,20,21,15,15,13,15,18,20,17,14,21,17,16,23,16,12,14
"22-03-2022",9,11,14,10,14,23,33,41,33,26,24,30,26,27,23,19,19,18,18,22,22,19,16,12
"23-03-2022",10,7,6,6,7,14,23,23,26,24,27,30,28,26,20,19,16,18,26,21,18,23,22,16
"24-03-2022",14,13,7,9,8,11,17,23,17,20,17,25,24,23,18,17,21,22,31,29,38,41,41,28
"25-03-2022",34,37,31,30,28,27,35,47,35,23,21,23,24,21,21,23,25,26,26,27,29,22,14,24
"26-03-2022",31,31,31,20,11,26,22,29,21,23,23,19,14,10,13,10,10,12,19,15,12,12,11,19
"27-03-2022",28,27,30,31,28,26,30,30,-9999,20,31,32,44,31,22,16,11,12,13,13,14,20,27,20
"28-03-2022",33,32,30,32,28,29,34,38,39,41,40,32,30,20,22,20,17,13,17,21,23,22,28,34
"29-03-2022",29,22,15,14,22,32,40,53,48,38,38,40,33,36,33,35,25,15,12,22,38,33,35,30
"30-03-2022",37,33,28,21,23,32,39,42,42,44,36,33,21,19,17,13,9,9,10,11,11,10,9,8
"31-03-2022",7,3,5,6,5,8,10,11,12,11,11,11,12,13,13,12,13,10,11,14,13,13,14,18
"01-04-2022",17,20,11,11,7,14,16,19,15,16,13,12,11,13,11,9,9,10,8,9,23,23,12,9
"02-04-2022",10,7,6,5,11,20,27,40,28,25,13,14,18,10,10,15,12,10,13,19,29,29,16,17
"03-04-2022",8,13,6,8,5,6,25,37,26,32,13,10,23,20,13,11,14,11,13,24,27,23,17,21
"04-04-2022",20,16,18,15,15,25,32,39,39,45,38,30,27,32,20,22,18,11,12,30,35,27,23,25
"05-04-2022",22,16,13,8,8,17,23,33,31,31,29,36,26,26,25,20,36,30,29,28,26,26,25,19
"06-04-2022",16,9,14,16,14,17,22,30,28,25,30,25,23,22,14,15,10,10,9,11,11,12,15,10
"07-04-2022",7,7,7,9,12,19,25,23,21,22,22,19,13,13,15,25,20,21,18,24,26,24,16,16
"08-04-2022",12,8,8,9,17,17,27,31,26,31,-9999,68,59,64,71,79,45,39,39,32,37,77,104,103
"09-04-2022",39,28,20,24,36,49,74,88,78,76,52,74,52,24,31,27,25,32,37,49,43,46,43,47
"10-04-2022",63,51,44,45,42,60,65,86,80,92,41,18,20,16,15,26,64,43,34,34,51,48,47,26
"11-04-2022",22,31,31,22,47,52,65,51,45,32,34,49,37,35,34,64,47,55,67,76,77,79,69,72
"12-04-2022",67,71,70,74,71,81,83,100,101,105,97,74,49,53,43,40,35,34,44,43,37,28,39,49
"13-04-2022",54,54,70,54,54,75,81,102,122,86,82,69,45,41,33,35,24,30,29,44,51,49,23,43
"14-04-2022",37,32,78,67,62,81,90,107,111,114,64,77,84,71,69,33,39,36,36,50,76,83,69,72
"15-04-2022",105,92,90,68,67,104,115,129,131,126,96,91,85,88,107,111,102,118,156,113,104,74,92,78
"16-04-2022",84,59,71,89,71,91,84,101,126,167,128,116,92,65,31,45,34,48,85,122,113,120,78,84
"17-04-2022",66,56,53,46,38,50,56,63,58,58,72,56,42,45,62,71,76,49,33,42,35,28,25,33
"18-04-2022",33,38,35,34,35,43,59,70,72,66,56,63,60,64,69,70,69,65,65,62,64,53,50,41
"19-04-2022",30,40,22,29,41,56,52,61,61,56,47,51,51,64,36,24,24,36,39,41,42,41,30,30
"20-04-2022",43,40,46,78,78,82,90,80,96,102,51,35,33,34,30,27,27,21,27,39,69,75,46,68
"21-04-2022",64,42,61,53,53,89,93,89,112,109,94,50,83,99,57,41,25,36,40,50,20,34,33,52
"22-04-2022",43,38,55,52,74,82,85,99,85,37,27,18,34,19,17,15,21,22,49,36,32,13,27,36
"23-04-2022",27,29,32,24,33,74,89,109,79,93,77,45,52,68,44,40,27,27,26,17,27,30,53,76
"24-04-2022",71,94,81,66,67,78,71,63,112,100,71,50,95,94,26,13,15,21,23,25,29,61,72,81
"25-04-2022",110,102,78,67,76,76,73,82,67,91,104,64,28,20,22,17,12,17,31,37,54,53,72,60
"26-04-2022",75,67,96,94,97,85,88,88,97,123,87,85,75,30,32,31,46,42,45,47,56,47,95,122
"27-04-2022",133,125,124,107,92,100,102,105,121,153,130,107,102,112,102,97,49,92,101,138,123,139,93,111
"28-04-2022",120,118,120,112,99,102,118,118,124,171,161,113,76,70,69,91,65,82,75,73,90,83,75,74
"29-04-2022",53,35,77,66,79,60,65,89,53,41,44,35,40,45,37,50,46,44,35,46,49,65,49,53
"30-04-2022",47,48,35,37,38,51,37,56,51,40,38,29,25,27,32,34,29,30,32,44,67,64,54,65
"01-05-2022",56,70,60,77,44,56,66,64,58,49,42,42,40,36,40,38,49,43,49,57,65,63,52,32
"02-05-2022",27,38,18,19,34,42,53,61,87,64,48,34,38,35,29,23,26,48,64,66,49,51,34,57
"03-05-2022",58,33,62,70,63,80,74,110,77,72,73,53,68,78,54,39,30,19,33,53,63,56,63,54
"04-05-2022",37,24,26,23,21,54,80,86,92,77,84,73,56,82,75,60,59,64,60,66,50,47,24,42
"05-05-2022",44,69,57,66,58,61,70,80,112,155,132,96,59,63,33,30,28,37,36,46,50,66,70,106
"06-05-2022",108,89,75,67,48,83,101,105,112,94,97,104,131,114,66,91,64,83,88,100,92,84,57,72
"07-05-2022",44,31,38,25,31,56,67,68,44,40,41,54,48,55,55,51,55,76,61,60,75,65,47,42
"08-05-2022",55,38,39,51,73,83,77,84,66,87,60,29,24,68,59,30,27,29,23,44,36,55,53,56
"09-05-2022",60,76,51,56,32,48,65,84,60,50,41,55,74,46,36,74,59,55,63,82,82,75,68,52
"10-05-2022",46,70,72,50,55,62,65,99,77,60,38,41,58,69,59,73,58,46,44,68,61,64,47,71
"11-05-2022",70,81,64,81,80,71,96,123,88,76,58,69,53,73,78,68,42,60,57,121,133,124,113,79
"12-05-2022",97,112,103,72,54,85,121,153,149,133,105,104,98,125,91,88,65,36,41,57,121,97,73,113
"13-05-2022",102,110,79,64,72,101,93,109,120,145,130,140,104,121,94,44,39,61,59,47,48,56,66,63
"14-05-2022",36,21,21,36,54,69,96,92,33,50,31,35,46,38,28,22,18,19,32,50,31,32,54,86
"15-05-2022",91,93,97,87,90,78,77,82,108,100,75,90,41,22,24,26,19,34,38,34,68,63,66,91
"16-05-2022",124,47,57,82,56,97,93,94,123,116,119,88,93,82,40,52,34,37,63,64,70,109,42,38
"17-05-2022",40,34,93,114,100,100,109,87,119,70,63,47,90,98,47,47,29,35,54,50,51,64,61,73
"18-05-2022",105,111,102,86,59,79,98,100,101,100,69,41,48,35,38,35,21,17,30,38,39,71,37,30
"19-05-2022",17,10,8,9,10,29,39,34,53,49,41,50,55,58,58,49,56,64,41,55,40,38,32,23
"20-05-2022",20,17,15,9,9,27,36,53,39,35,40,52,54,56,61,70,53,63,60,68,64,42,58,60
"21-05-2022",69,53,74,62,63,68,61,88,75,45,62,61,58,44,81,59,59,47,109,117,116,105,74,54
"22-05-2022",55,88,88,79,91,90,84,87,114,145,91,25,30,42,35,30,15,22,26,50,101,118,123,118
"23-05-2022",129,120,118,114,102,111,115,142,116,122,108,124,128,117,91,31,32,42,31,36,52,33,78,27
"24-05-2022",33,71,90,87,72,93,105,113,111,113,85,68,130,86,39,58,52,61,41,38,42,81,82,124
"25-05-2022",127,68,99,82,48,75,98,111,100,60,47,35,101,55,36,38,28,35,42,37,35,67,91,102
"26-05-2022",56,54,63,83,84,88,116,100,103,109,89,46,38,61,36,44,38,43,52,42,54,99,150,171
"27-05-2022",149,130,119,103,107,87,92,107,104,96,87,105,164,116,94,90,74,37,40,54,58,49,43,91
"28-05-2022",117,126,100,85,79,50,38,83,109,99,94,57,66,43,46,38,19,21,17,47,47,60,49,51
"29-05-2022",62,35,34,36,24,30,51,46,30,27,18,17,11,11,11,11,17,79,77,70,81,82,45,41
"30-05-2022",35,64,73,57,65,66,80,83,89,85,73,79,101,97,82,29,29,40,24,39,31,46,36,44
"31-05-2022",88,53,56,66,80,83,83,90,113,105,99,83,38,59,53,36,37,62,60,105,68,64,46,100
"01-06-2022",112,117,114,89,78,97,111,115,126,130,99,71,74,85,89,103,28,33,54,107,109,97,90,94
"02-06-2022",88,100,87,80,72,95,105,107,82,74,51,-9999,-9999,89,58,38,36,48,79,74,63,75,85,94
"03-06-2022",53,34,32,16,15,34,68,57,65,55,70,78,75,72,75,92,81,73,59,69,49,48,36,29
"04-06-2022",35,83,34,53,35,61,69,72,39,49,50,64,54,54,41,33,35,40,26,35,36,54,61,74
"05-06-2022",92,99,83,70,39,69,81,122,95,49,26,23,24,38,26,22,26,22,51,77,91,128,60,77
"06-06-2022",95,36,122,134,141,128,148,167,142,133,108,113,126,99,128,105,34,42,41,52,61,42,37,45
"07-06-2022",65,50,59,24,34,53,65,79,67,85,87,63,68,71,45,36,53,74,88,95,74,94,79,73
"08-06-2022",56,45,63,79,31,65,87,103,100,82,52,37,40,47,40,26,17,20,21,30,22,44,31,27
"09-06-2022",23,15,9,12,19,17,36,98,104,94,89,52,40,34,37,13,16,17,21,24,25,44,65,76
"10-06-2022",61,51,81,68,35,35,47,36,36,42,33,30,24,19,20,16,15,20,23,18,23,23,30,42
"11-06-2022",66,49,48,19,52,68,53,65,78,63,40,41,29,61,42,50,68,87,57,91,58,35,58,48
"12-06-2022",28,47,42,54,55,49,79,72,56,47,25,29,25,23,23,23,55,49,15,22,58,95,55,64
"13-06-2022",51,80,57,42,25,22,58,36,35,34,33,37,37,39,33,54,49,59,62,47,45,56,95,96
"14-06-2022",110,88,111,63,35,65,82,72,71,99,91,81,66,95,92,95,109,117,100,120,133,141,122,132
"15-06-2022",118,126,112,114,115,63,72,88,67,48,52,60,59,53,74,101,81,126,143,136,103,86,66,65
"16-06-2022",62,65,69,91,29,98,92,117,85,70,71,86,80,77,69,84,62,76,93,99,84,74,53,50
"17-06-2022",99,79,55,54,36,88,112,109,81,74,51,60,57,52,48,39,37,54,80,87,97,126,103,96
"18-06-2022",64,66,95,60,38,47,49,41,38,25,20,24,30,25,40,29,21,25,41,38,28,31,24,22
"19-06-2022",24,27,23,8,12,17,26,29,28,23,20,24,22,26,19,27,39,38,45,39,50,43,52,63
"20-06-2022",68,66,55,73,75,67,79,78,46,50,55,51,61,60,35,39,33,32,29,41,56,40,51,43
"21-06-2022",31,61,27,28,74,68,92,114,92,70,81,78,76,75,76,64,21,30,26,36,36,46,84,97
"22-06-2022",107,118,114,68,65,78,98,118,105,98,73,46,83,98,38,33,28,23,22,32,47,50,91,51
"23-06-2022",59,64,74,98,90,104,121,128,120,118,105,81,70,50,57,57,38,50,44,43,60,64,71,76
"24-06-2022",42,66,33,20,35,67,88,89,93,87,81,93,40,60,74,72,62,77,66,74,94,86,71,84
"25-06-2022",78,88,47,55,101,94,91,122,100,61,31,43,22,26,15,19,18,17,17,19,21,42,70,82
"26-06-2022",65,30,78,56,76,68,93,108,49,52,35,20,16,23,25,27,71,55,59,44,54,71,84,91
"27-06-2022",66,73,55,93,53,73,82,109,89,78,117,103,80,65,65,37,40,51,48,100,88,110,96,60
"28-06-2022",35,135,94,94,92,119,119,110,84,81,88,82,68,56,42,58,54,42,65,84,70,63,67,57
"29-06-2022",45,30,25,18,59,38,61,84,67,44,47,47,37,50,53,46,34,28,44,57,70,64,58,49
"30-06-2022",36,43,99,104,78,94,92,79,84,57,56,51,62,66,63,67,55,64,53,35,51,93,66,77
"01-07-2022",75,58,52,74,70,56,73,78,61,49,71,85,86,76,71,82,98,114,106,66,65,67,55,67
"02-07-2022",86,59,56,49,48,67,82,115,87,47,32,33,57,71,58,63,55,59,66,63,56,50,39,34
"03-07-2022",32,38,20,26,28,14,29,25,22,36,24,27,20,25,18,22,18,17,20,29,24,32,35,34
"04-07-2022",34,28,13,10,18,28,45,52,39,50,45,47,47,50,48,47,36,44,32,38,47,43,48,39
"05-07-2022",43,50,36,43,37,48,67,81,41,55,55,52,44,38,41,37,34,42,39,57,49,66,60,60
"06-07-2022",89,74,73,73,41,42,94,90,67,76,63,46,50,69,69,46,59,85,97,59,82,110,91,85
"07-07-2022",62,97,109,101,115,105,115,46,45,50,60,62,77,74,54,44,28,38,51,58,60,88,89,93
"08-07-2022",89,-9999,85,76,92,103,100,78,99,86,109,120,109,41,42,29,37,38,44,48,58,82,101,84
"09-07-2022",77,59,66,79,39,35,64,47,54,35,31,32,23,35,26,34,27,25,20,25,31,29,36,43
"10-07-2022",22,20,28,19,29,28,56,63,25,28,24,21,24,18,24,26,20,26,39,59,68,87,85,70
"11-07-2022",69,69,82,63,62,77,85,90,68,61,44,47,44,42,45,66,39,27,51,71,77,77,57,54
"12-07-2022",63,57,36,49,52,81,96,90,64,56,48,49,49,55,34,46,32,28,36,72,33,65,60,68
"13-07-2022",58,38,39,44,60,62,56,48,48,37,34,48,43,37,52,57,65,68,41,62,46,41,37,32
"14-07-2022",18,21,16,18,18,32,35,48,40,43,54,64,55,63,34,32,35,49,60,58,52,36,24,39
"15-07-2022",53,24,17,17,13,49,60,77,50,72,63,51,51,44,46,43,43,37,51,50,51,48,42,51
"16-07-2022",61,59,100,102,116,97,88,95,67,62,40,49,57,72,54,72,43,41,48,45,57,69,61,83
"17-07-2022",51,41,53,44,59,96,94,91,85,59,57,49,54,57,57,54,59,55,68,67,79,75,47,51
"18-07-2022",47,62,44,25,49,75,93,96,96,100,67,93,73,73,76,67,77,64,69,73,70,67,44,30
"19-07-2022",33,26,21,20,15,34,48,58,50,67,62,63,54,34,41,35,43,34,66,66,71,40,43,40
"20-07-2022",33,21,24,15,13,27,29,31,36,33,27,34,35,50,39,45,43,42,51,43,39,42,45,41
"21-07-2022",34,16,33,58,22,32,41,69,56,40,42,53,68,56,54,58,75,78,82,97,64,47,41,39
"22-07-2022",66,116,116,108,126,103,126,114,117,94,86,82,117,154,144,98,78,86,163,183,192,153,126,149
"23-07-2022",140,104,58,60,76,95,114,95,98,94,85,69,65,80,64,73,54,52,45,46,49,77,87,109
"24-07-2022",96,87,91,97,132,155,160,139,93,94,84,58,99,68,125,94,43,83,164,123,134,149,131,136
"25-07-2022",88,110,125,115,112,87,107,110,143,138,84,83,73,82,62,66,68,80,85,140,156,103,89,90
"26-07-2022",101,115,125,108,131,98,92,119,77,64,70,84,90,93,68,90,60,60,100,161,136,93,118,131
"27-07-2022",109,57,56,75,105,100,118,132,131,130,96,98,100,99,89,101,79,89,101,100,105,98,89,110
"28-07-2022",95,96,117,100,34,61,101,113,90,130,104,64,46,76,53,46,48,47,45,58,51,53,58,104
"29-07-2022",96,73,80,75,47,74,91,68,65,63,61,45,48,42,44,50,38,61,57,59,92,61,57,89
"30-07-2022",85,85,85,82,75,82,85,86,78,73,69,61,81,80,43,73,50,47,31,88,88,100,105,97
"31-07-2022",38,30,27,23,26,67,84,68,55,64,104,143,97,121,25,29,18,16,46,39,103,112,101,116
"01-08-2022",120,102,94,105,41,73,85,103,109,92,79,85,71,64,109,76,97,68,76,72,77,77,72,57
"02-08-2022",77,80,76,84,60,66,93,75,61,65,53,58,49,55,52,56,51,60,63,97,100,82,75,58
"03-08-2022",36,31,29,37,18,38,49,57,57,42,33,47,44,40,35,32,35,46,64,72,45,47,47,54
"04-08-2022",31,44,32,18,26,44,79,84,62,53,47,44,45,60,41,48,39,44,63,79,42,47,53,37
"05-08-2022",48,71,58,47,32,61,88,89,58,40,45,50,46,47,52,37,45,51,48,56,51,43,45,47
"06-08-2022",36,32,46,30,24,37,59,42,50,38,32,34,38,37,39,42,25,39,49,59,37,39,43,46
"07-08-2022",39,29,20,28,29,64,50,53,43,58,43,25,26,24,21,17,15,25,35,44,36,32,40,32
"08-08-2022",18,28,27,11,12,30,56,60,47,51,38,55,59,57,46,47,60,55,68,48,35,53,51,59
"09-08-2022",28,25,24,13,21,45,69,58,60,70,60,58,69,68,61,56,60,59,85,79,64,42,43,56
"10-08-2022",41,47,11,15,18,31,42,47,60,47,50,43,45,44,34,44,40,46,41,44,43,36,30,39
"11-08-2022",30,25,15,15,13,39,46,46,53,48,51,40,72,87,65,68,60,70,98,120,102,100,81,68
"12-08-2022",63,36,46,37,51,68,80,83,55,57,44,66,57,65,70,61,69,75,90,74,94,87,70,78
"13-08-2022",65,41,65,49,37,59,72,82,86,92,107,85,108,109,110,57,48,26,31,19,20,39,44,41
"14-08-2022",51,107,80,100,77,75,64,97,57,61,90,69,57,64,17,15,13,14,24,23,32,79,43,38
"15-08-2022",37,64,17,14,61,31,52,74,52,40,41,35,64,77,35,20,14,11,19,22,33,25,36,41
"16-08-2022",27,18,49,64,87,92,86,107,111,95,96,46,61,94,27,20,15,14,21,23,21,39,53,31
"17-08-2022",36,65,62,83,81,91,82,99,90,89,67,40,62,83,98,28,31,38,115,124,117,77,96,71
"18-08-2022",73,68,63,88,102,146,122,119,137,94,42,41,39,49,52,42,46,58,61,52,86,105,125,100
"19-08-2022",76,76,120,118,86,113,111,118,126,138,140,110,126,113,40,40,30,38,49,51,47,124,133,118
"20-08-2022",127,127,155,110,115,120,107,120,142,120,118,145,133,106,48,45,34,25,42,26,34,48,106,125
"21-08-2022",114,135,109,112,113,97,93,88,76,48,39,42,35,51,74,36,97,49,57,53,65,61,57,66
"22-08-2022",57,62,49,49,76,94,94,91,88,88,69,98,108,71,94,68,42,18,41,32,32,34,46,30
"23-08-2022",19,14,42,57,29,57,67,67,82,81,82,82,83,29,24,35,32,39,54,57,73,88,72,80
"24-08-2022",69,68,74,77,74,79,76,80,82,82,52,43,45,57,41,78,70,72,99,91,55,59,33,67
"25-08-2022",45,36,30,18,50,73,70,79,81,61,60,61,41,41,44,71,83,100,112,97,89,95,90,87
"26-08-2022",61,75,47,71,59,87,95,103,71,75,57,66,75,42,37,20,26,31,39,31,36,35,21,25
"27-08-2022",28,37,70,68,58,67,66,67,76,83,75,55,65,52,26,31,27,20,44,30,25,32,42,31
"28-08-2022",21,55,65,58,47,45,62,61,69,61,100,82,75,55,83,48,18,17,41,71,50,43,59,108
"29-08-2022",87,76,82,75,66,77,78,89,94,110,90,92,101,118,149,73,53,43,49,79,119,106,75,110
"30-08-2022",65,82,90,90,89,92,106,103,106,82,78,69,96,86,69,40,30,31,50,68,38,41,73,113
"31-08-2022",93,86,57,72,95,79,102,103,96,91,107,82,83,84,99,46,49,97,103,105,112,134,112,107
"01-09-2022",74,63,64,58,68,90,84,97,109,132,115,83,93,57,44,38,37,31,34,38,33,49,50,36
"02-09-2022",29,20,39,88,91,78,74,90,96,95,115,79,81,42,33,34,27,31,43,37,26,63,25,67
"03-09-2022",71,71,46,60,43,57,49,59,64,48,47,48,89,78,57,27,29,24,52,32,49,61,41,30
"04-09-2022",49,62,69,56,70,72,78,75,64,77,88,101,85,117,33,34,20,21,36,65,56,79,64,69
"05-09-2022",50,36,34,19,22,45,57,57,53,61,66,57,57,49,43,50,66,58,36,40,36,36,36,34
"06-09-2022",28,24,23,15,29,54,76,68,48,43,45,61,49,45,34,31,45,52,40,42,45,39,31,45
"07-09-2022",61,53,38,28,30,57,60,57,49,35,39,45,53,39,46,37,37,54,36,62,45,41,57,60
"08-09-2022",69,43,50,28,17,50,44,52,68,54,50,39,47,49,47,46,64,58,50,51,68,67,96,87
"09-09-2022",83,82,79,60,67,91,101,101,105,143,138,89,106,85,67,47,74,58,67,46,52,62,56,102
"10-09-2022",97,111,113,102,93,92,88,96,98,88,91,73,44,37,28,24,19,31,28,39,53,75,88,81
"11-09-2022",70,47,61,61,62,56,69,96,95,67,80,73,53,37,26,30,30,25,26,31,35,60,48,51
"12-09-2022",34,45,41,42,52,68,52,48,67,71,48,52,62,52,61,59,63,84,70,76,75,76,63,64
"13-09-2022",48,41,61,68,53,44,41,49,69,67,58,45,53,47,44,77,47,44,44,56,46,78,82,65
"14-09-2022",60,53,73,49,51,85,99,106,109,77,64,89,104,107,86,75,29,21,44,49,48,42,48,66
"15-09-2022",80,94,84,66,56,78,90,99,107,83,53,47,44,33,37,26,32,31,51,40,28,33,48,38
"16-09-2022",34,28,51,61,68,75,77,86,99,99,72,70,53,46,40,35,31,37,35,24,40,29,26,24
"17-09-2022",28,41,60,43,49,51,52,69,72,81,71,38,40,32,28,27,35,19,33,16,24,32,28,43
"18-09-2022",26,37,35,29,38,30,58,76,78,88,65,44,46,49,51,41,63,53,55,62,66,58,64,59
"19-09-2022",44,43,26,17,18,33,65,61,52,58,41,56,68,52,38,34,28,24,36,37,22,39,36,37
"20-09-2022",47,70,51,44,28,58,88,92,87,73,71,57,65,53,27,23,33,44,75,77,72,73,56,58
"21-09-2022",44,28,29,13,16,35,65,84,74,78,75,56,56,37,39,35,52,70,81,59,52,45,21,22
"22-09-2022",21,19,19,15,26,41,49,68,64,56,42,40,62,69,74,62,61,70,69,78,69,72,62,54
"23-09-2022",43,31,35,37,33,65,72,85,85,87,63,62,55,49,50,64,68,91,78,97,80,82,80,65
"24-09-2022",69,59,59,67,55,65,75,87,90,85,59,45,65,63,55,48,25,32,31,26,37,49,51,82
"25-09-2022",82,76,69,66,58,62,72,68,84,68,50,73,51,41,15,16,24,15,29,36,45,65,66,73
"26-09-2022",98,96,76,65,65,76,83,91,111,114,89,59,52,32,43,31,33,31,37,29,23,38,30,90
"27-09-2022",91,95,82,70,67,63,88,110,110,101,29,36,34,31,45,52,56,34,43,73,65,68,57,47
"28-09-2022",70,64,56,59,58,71,80,100,93,78,70,64,48,59,33,22,16,19,29,81,94,90,77,55
"29-09-2022",57,35,60,45,73,74,88,105,95,101,69,72,41,26,27,14,20,29,40,49,36,43,28,27
"30-09-2022",32,67,48,61,65,67,75,78,90,89,111,81,87,74,50,33,42,36,42,53,61,90,87,91
"01-10-2022",89,78,78,74,70,74,78,87,91,103,45,46,26,24,28,29,27,23,38,31,40,41,30,27
"02-10-2022",49,61,56,60,48,21,55,67,59,44,36,45,19,26,27,20,30,29,45,59,30,63,49,66
"03-10-2022",66,57,60,71,71,71,85,88,77,77,57,71,40,48,40,39,30,32,38,31,37,72,59,60
"04-10-2022",45,36,12,8,20,34,35,62,60,63,40,41,44,42,40,40,40,46,51,67,61,66,52,56
"05-10-2022",37,23,20,15,19,41,64,70,74,73,67,60,64,59,65,72,64,66,56,66,64,53,60,29
"06-10-2022",32,42,55,45,44,46,48,64,59,50,36,46,47,58,35,43,29,48,45,39,34,36,31,27
"07-10-2022",23,19,14,10,8,25,34,61,92,74,64,48,49,61,54,45,42,47,46,48,44,58,48,30
"08-10-2022",36,48,43,32,47,57,57,83,42,45,44,40,45,52,38,30,38,46,34,54,70,85,87,82
"09-10-2022",82,73,61,60,57,67,72,83,82,87,98,102,56,45,36,41,21,24,15,37,43,46,48,84
"10-10-2022",83,81,60,46,50,81,95,113,114,108,98,81,83,81,74,87,124,94,50,95,88,65,63,64
"11-10-2022",65,67,52,46,55,66,76,92,98,92,76,61,57,49,38,43,39,45,41,31,32,63,74,65
"12-10-2022",52,52,45,40,40,64,73,89,97,85,74,51,55,70,71,79,43,80,78,77,78,72,63,57
"13-10-2022",59,56,36,22,25,70,75,73,73,78,63,40,45,41,41,40,46,42,50,75,68,65,69,66
"14-10-2022",59,39,30,24,23,61,80,76,83,81,78,60,69,70,74,78,67,64,64,72,56,51,51,61
"15-10-2022",57,45,52,35,28,44,49,43,27,32,38,47,47,30,26,45,50,50,33,28,30,26,22,21
"16-10-2022",22,14,16,30,13,16,29,52,38,28,24,22,32,41,49,21,21,20,24,31,41,31,31,25
"17-10-2022",26,37,35,21,19,51,45,43,39,55,44,48,34,43,39,40,34,30,37,42,57,46,26,17
"18-10-2022",20,13,10,7,20,30,38,40,47,43,47,37,41,33,38,38,38,36,36,29,34,37,38,32
"19-10-2022",28,24,44,61,47,54,63,66,64,64,48,44,53,46,51,59,39,40,46,63,85,84,89,82
"20-10-2022",76,70,62,56,55,73,81,93,102,111,82,72,71,77,60,73,91,89,90,92,87,93,77,76
"21-10-2022",61,62,57,50,34,60,68,73,86,76,61,68,72,72,57,51,40,39,59,61,62,84,67,69
"22-10-2022",54,31,43,25,56,40,38,64,52,52,46,45,47,47,35,47,61,32,35,54,103,89,84,88
"23-10-2022",82,76,68,65,65,64,64,64,65,76,70,86,45,31,23,24,16,24,36,62,88,104,96,88
"24-10-2022",83,72,64,59,56,67,72,70,95,115,121,62,38,58,106,52,38,41,55,86,75,97,99,96
"25-10-2022",86,80,74,70,60,65,71,82,84,107,139,104,71,67,57,33,51,56,59,42,70,109,119,105
"26-10-2022",96,122,98,72,68,71,77,90,110,117,120,97,109,113,53,40,56,42,64,91,111,73,65,83
"27-10-2022",80,78,76,74,75,74,83,93,98,114,97,82,-9999,70,82,82,89,78,85,82,83,89,66,67
"28-10-2022",78,38,52,45,47,44,37,68,35,36,44,49,30,27,21,14,15,16,26,30,35,30,26,42
"29-10-2022",38,33,30,12,31,29,42,46,38,41,27,32,32,28,27,29,25,19,26,32,40,47,52,50
"30-10-2022",64,55,25,33,26,30,63,61,60,30,24,18,25,28,31,30,27,26,26,31,45,72,93,93
"31-10-2022",86,93,91,91,83,77,80,88,119,121,112,111,77,83,76,95,94,97,76,77,66,83,91,92
"01-11-2022",79,62,54,60,38,44,67,75,68,61,66,41,43,67,78,89,74,54,63,72,84,94,85,80
"02-11-2022",70,61,84,59,59,72,86,95,100,121,81,67,58,64,63,64,31,77,99,68,96,93,96,94
"03-11-2022",86,78,74,68,68,71,78,90,106,116,122,127,95,60,49,38,56,65,73,85,96,94,90,94
"04-11-2022",93,87,80,75,75,74,81,94,108,123,75,68,75,59,52,39,48,55,51,74,84,101,88,73
"05-11-2022",85,76,71,64,61,64,60,69,72,53,21,13,16,18,16,13,13,15,15,14,13,15,8,11
"06-11-2022",9,24,9,3,8,23,10,16,10,17,27,21,70,64,33,15,23,36,66,76,66,64,68,63
"07-11-2022",67,41,36,32,34,64,78,73,79,54,39,35,37,36,40,44,48,47,53,60,47,71,74,71
"08-11-2022",72,66,66,60,56,66,67,69,97,86,65,55,48,39,58,57,67,60,63,73,81,77,77,68
"09-11-2022",70,64,62,54,31,54,67,73,71,55,57,75,68,58,44,51,67,85,66,62,53,64,60,48
"10-11-2022",53,58,60,53,53,69,70,73,84,74,77,67,79,66,51,59,88,99,93,84,75,76,74,73
"11-11-2022",77,74,74,64,66,70,81,81,85,73,53,53,47,36,41,40,53,73,68,63,80,76,82,70
"12-11-2022",56,59,51,56,26,43,52,64,60,58,47,33,39,52,45,38,40,45,30,42,45,57,55,70
"13-11-2022",65,60,60,56,51,56,61,68,70,63,47,55,90,91,109,88,79,90,68,65,61,71,76,80
"14-11-2022",82,81,69,72,66,76,78,89,101,93,80,43,30,38,34,55,42,55,49,56,63,69,59,74
"15-11-2022",77,71,65,63,58,61,72,82,96,91,78,43,40,44,37,53,73,77,53,40,38,70,72,73
"16-11-2022",33,24,44,50,44,65,70,77,91,94,68,61,65,65,39,38,32,46,63,83,86,85,78,73
"17-11-2022",76,69,68,59,53,58,74,72,76,58,29,29,32,37,34,29,32,29,36,36,72,75,73,73
"18-11-2022",68,59,61,51,49,55,58,72,84,94,72,78,54,39,34,38,53,66,74,66,53,79,71,75
"19-11-2022",68,66,62,65,74,60,67,71,77,85,46,54,63,43,40,41,24,23,27,39,47,25,23,16
"20-11-2022",10,7,7,10,13,18,23,21,19,20,14,12,14,17,12,13,14,13,13,9,11,14,15,10
"21-11-2022",8,12,21,13,11,14,63,71,67,58,56,50,55,51,72,77,78,89,79,81,-9999,-9999,-9999,-9999
"22-11-2022",-9999,-9999,-9999,-9999,-9999,-9999,-9999,-9999,-9999,-9999,-9999,-9999,-9999,-9999,-9999,-9999,-9999,-9999,-9999,-9999,-9999,-9999,-9999,-9999
"23-11-2022",-9999,-9999,-9999,-9999,-9999,-9999,-9999,-9999,-9999,-9999,-9999,-9999,-9999,-9999,-9999,-9999,-9999,-9999,-9999,-9999,-9999,-9999,-9999,-9999
"24-11-2022",-9999,-9999,-9999,-9999,-9999,-9999,-9999,-9999,-9999,-9999,-9999,-9999,-9999,-9999,-9999,-9999,-9999,-9999,-9999,-9999,-9999,-9999,-9999,-9999
"25-11-2022",-9999,-9999,-9999,-9999,-9999,-9999,-9999,-9999,-9999,-9999,-9999,-9999,-9999,-9999,-9999,-9999,-9999,-9999,-9999,-9999,-9999,-9999,-9999,-9999
"26-11-2022",-9999,-9999,-9999,-9999,-9999,-9999,-9999,-9999,-9999,-9999,-9999,-9999,-9999,-9999,-9999,-9999,-9999,-9999,-9999,-9999,-9999,-9999,-9999,-9999
"27-11-2022",-9999,-9999,-9999,-9999,-9999,-9999,-9999,-9999,-9999,-9999,-9999,-9999,-9999,-9999,-9999,-9999,-9999,-9999,-9999,-9999,-9999,-9999,-9999,-9999
"28-11-2022",-9999,-9999,-9999,-9999,-9999,-9999,-9999,-9999,-9999,-9999,-9999,-9999,-9999,-9999,-9999,-9999,-9999,-9999,-9999,-9999,-9999,-9999,-9999,-9999
"29-11-2022",-9999,-9999,-9999,-9999,-9999,-9999,-9999,-9999,-9999,-9999,-9999,-9999,-9999,-9999,-9999,-9999,-9999,-9999,-9999,-9999,-9999,-9999,-9999,-9999
"30-11-2022",-9999,-9999,-9999,-9999,-9999,-9999,-9999,-9999,-9999,-9999,-9999,-9999,-9999,-9999,-9999,-9999,-9999,-9999,-9999,-9999,-9999,-9999,-9999,-9999
"01-12-2022",-9999,-9999,-9999,-9999,-9999,-9999,-9999,-9999,-9999,-9999,-9999,-9999,-9999,-9999,-9999,-9999,-9999,-9999,-9999,-9999,-9999,-9999,-9999,-9999
"02-12-2022",-9999,-9999,-9999,-9999,-9999,-9999,-9999,-9999,-9999,-9999,-9999,68,64,54,48,30,43,59,62,59,59,55,53,49
"03-12-2022",41,34,30,27,26,43,46,52,48,46,42,38,44,49,48,54,54,51,53,50,46,47,43,43
"04-12-2022",36,33,36,36,38,39,41,46,50,49,47,41,30,35,46,38,51,45,46,52,48,50,44,42
"05-12-2022",40,28,24,24,19,39,44,60,63,62,59,63,56,48,58,55,60,62,60,53,52,50,45,42
"06-12-2022",36,34,27,22,29,45,46,57,62,60,54,50,55,59,53,51,34,39,40,41,57,54,35,28
"07-12-2022",26,27,17,15,37,57,60,66,64,79,53,38,28,16,19,24,24,24,45,38,35,32,30,28
"08-12-2022",33,31,45,40,37,50,61,62,70,82,78,35,25,23,26,27,26,55,56,56,56,42,36,29
"09-12-2022",25,33,37,40,45,48,48,57,68,80,31,26,28,33,28,28,43,32,45,34,24,33,33,22
"10-12-2022",15,24,22,25,28,37,47,40,34,40,30,33,34,41,32,29,29,25,20,31,29,20,23,25
"11-12-2022",18,15,15,14,17,50,21,47,35,18,23,26,24,26,21,20,35,60,66,68,82,71,71,53
"12-12-2022",67,53,60,56,59,67,74,82,80,81,89,91,63,45,64,60,70,59,60,51,51,76,60,55
"13-12-2022",-9999,-9999,-9999,-9999,-9999,-9999,-9999,-9999,-9999,-9999,-9999,-9999,-9999,-9999,-9999,-9999,-9999,-9999,-9999,-9999,-9999,-9999,-9999,-9999
"14-12-2022",-9999,-9999,-9999,-9999,-9999,-9999,-9999,-9999,-9999,-9999,-9999,-9999,-9999,-9999,-9999,-9999,46,41,44,39,42,29,38,35
"15-12-2022",15,7,6,6,15,19,39,49,59,41,58,55,30,44,56,52,56,67,75,69,84,74,68,57
"16-12-2022",53,45,46,40,38,44,52,63,80,105,104,75,40,53,33,30,34,64,57,62,54,47,38,36
"17-12-2022",24,24,23,56,55,62,60,68,71,48,35,27,23,19,25,28,35,35,37,44,47,51,43,49
"18-12-2022",49,63,52,49,48,45,44,51,48,56,63,69,68,54,48,72,65,55,52,56,52,53,53,61
"19-12-2022",49,34,19,40,25,29,34,40,44,44,43,38,42,48,44,48,47,48,47,53,45,39,34,24
"20-12-2022",28,15,17,14,18,38,29,35,36,39,40,38,35,34,28,25,35,38,37,39,38,34,31,31
"21-12-2022",37,25,38,38,36,56,57,89,70,49,40,37,31,33,28,38,41,39,52,52,55,71,65,73
"22-12-2022",68,59,51,44,44,63,69,81,95,97,81,68,45,47,44,47,46,59,63,81,100,86,79,83
"23-12-2022",75,66,57,54,47,58,64,78,87,85,91,77,57,52,63,61,56,87,94,91,88,83,78,71
"24-12-2022",69,57,55,50,48,50,56,64,69,77,89,70,46,45,41,33,46,56,63,80,82,79,72,66
"25-12-2022",54,47,44,40,42,49,52,49,48,48,32,25,25,48,21,29,40,45,57,71,73,79,72,61
"26-12-2022",65,70,61,56,55,54,54,59,58,64,64,59,41,24,19,20,27,30,47,72,82,86,77,68
"27-12-2022",60,53,45,44,40,44,50,59,69,79,82,83,59,53,47,54,40,59,54,53,73,79,74,60
"28-12-2022",51,45,38,35,34,44,50,59,65,69,70,66,71,64,70,73,78,72,63,74,69,66,66,66
"29-12-2022",56,58,52,47,50,57,65,68,79,93,72,76,65,49,50,47,52,60,65,62,76,80,72,68
"30-12-2022",64,61,52,42,41,44,54,62,73,89,79,71,59,40,40,37,42,49,58,74,82,81,82,68
"31-12-2022",65,58,50,49,45,48,56,57,61,72,74,78,48,45,48,46,77,73,76,67,63,68,65,61
"01-01-2023",58,57,48,50,47,48,51,49,50,54,60,38,57,40,37,39,51,58,64,63,63,64,65,64
"02-01-2023",64,55,51,46,47,52,57,69,81,80,89,86,78,51,67,42,40,57,69,85,81,81,73,70
"03-01-2023",59,51,46,48,47,54,60,61,70,80,80,61,56,45,40,36,45,67,79,86,80,84,73,63
"04-01-2023",54,53,46,43,45,51,56,69,72,81,89,90,60,52,44,37,46,71,87,76,81,72,72,73
"05-01-2023",72,66,61,57,54,60,75,78,85,91,96,55,48,66,61,57,78,58,53,78,94,93,86,80
"06-01-2023",76,60,49,44,47,44,50,50,60,54,53,40,30,36,28,33,44,40,48,58,73,78,74,67
"07-01-2023",60,56,50,47,48,52,56,62,67,82,74,71,48,48,50,43,39,54,88,81,74,72,72,72
"08-01-2023",72,62,53,51,51,54,58,61,65,77,80,71,59,44,45,43,30,41,60,75,77,69,67,64
"09-01-2023",62,58,56,52,49,62,61,76,83,89,90,72,59,41,28,32,36,47,43,53,55,70,78,75
"10-01-2023",38,37,10,7,8,15,18,24,28,29,67,72,50,48,68,74,64,45,64,45,27,29,28,47
"11-01-2023",43,49,44,48,55,75,77,87,86,98,59,43,32,34,52,49,51,49,54,67,71,70,54,55
"12-01-2023",54,59,43,25,37,42,60,69,59,54,53,47,43,48,45,58,59,54,60,60,61,50,40,40
"13-01-2023",33,30,21,20,19,38,42,44,37,37,37,34,40,45,31,53,40,45,54,60,67,60,50,52
"14-01-2023",67,67,65,58,56,61,64,71,74,81,76,52,37,40,45,48,64,75,82,70,76,66,66,66
"15-01-2023",65,64,58,58,53,55,52,60,-9999,-9999,7,25,16,21,21,27,28,37,38,54,60,63,62,66
"16-01-2023",62,52,50,44,39,51,58,69,83,83,80,45,53,40,25,29,41,58,62,56,38,30,26,17
"17-01-2023",14,9,7,10,7,18,36,39,43,41,34,31,26,31,30,26,25,21,26,22,30,20,24,13
"18-01-2023",15,11,9,4,6,15,20,33,35,35,27,15,28,20,19,23,24,23,17,17,18,14,19,13
"19-01-2023",8,6,6,4,7,13,23,28,25,21,24,-9999,-9999,20,20,26,22,22,22,28,28,19,18,13
"20-01-2023",13,7,6,5,7,13,28,40,57,56,55,44,62,48,45,68,49,47,83,75,83,83,80,39
"21-01-2023",47,68,68,64,27,18,19,20,18,21,20,16,17,16,20,22,32,30,35,30,21,17,18,29
"22-01-2023",43,19,32,44,65,58,57,59,60,60,45,24,25,22,18,16,22,20,27,44,45,46,45,21
"23-01-2023",14,14,8,12,24,64,70,82,91,84,44,30,30,24,19,24,22,31,46,51,53,66,58,85
"24-01-2023",33,43,24,28,38,69,72,82,87,91,108,96,69,58,54,46,36,67,93,86,74,68,45,40
"25-01-2023",28,18,20,12,18,34,51,64,60,57,58,61,54,51,54,53,55,59,55,51,45,41,39,34
"26-01-2023",32,25,28,27,19,43,57,70,71,64,50,45,66,60,52,72,84,91,86,88,82,82,81,72
"27-01-2023",61,62,49,47,32,57,64,80,79,79,76,67,65,67,57,51,70,54,94,99,85,77,66,62
"28-01-2023",55,55,41,43,56,60,48,65,58,62,39,46,52,41,33,45,44,46,54,77,76,70,65,58
"29-01-2023",43,33,34,40,48,56,47,43,46,40,28,27,25,23,28,31,41,32,32,46,49,40,33,33
"30-01-2023",45,50,31,19,28,59,75,68,71,65,52,49,48,57,52,49,51,57,73,75,78,77,69,59
"31-01-2023",54,50,47,44,44,52,64,81,75,73,51,50,48,44,52,54,48,56,54,46,50,45,47,36
"01-02-2023",29,21,20,17,20,25,45,56,43,35,38,39,41,37,39,57,56,53,60,87,85,85,93,86
"02-02-2023",86,73,61,56,57,64,68,85,100,106,59,66,62,66,67,58,71,83,74,94,85,79,53,68
"03-02-2023",81,69,72,66,63,68,81,92,95,131,85,48,65,49,48,43,44,71,67,79,82,75,75,74
"04-02-2023",80,86,71,65,63,60,74,75,81,99,113,106,72,47,52,50,66,74,62,70,85,79,37,59
"05-02-2023",34,23,26,20,16,14,18,24,17,19,25,26,26,17,24,26,28,39,29,21,23,41,33,29
"06-02-2023",20,24,28,20,20,27,32,31,29,25,43,23,28,24,32,28,35,37,50,57,48,43,33,34
"07-02-2023",37,18,29,36,35,40,58,62,52,49,42,44,41,35,40,39,32,42,46,50,52,54,48,60
"08-02-2023",62,51,35,22,59,50,63,67,78,74,62,56,53,58,49,43,52,55,62,66,56,53,51,38
"09-02-2023",33,22,24,46,26,47,50,68,70,67,78,67,70,60,66,64,54,70,70,76,69,70,56,56
"10-02-2023",43,42,25,21,20,52,55,71,70,77,61,63,67,68,66,63,57,67,64,70,61,56,55,50
"11-02-2023",50,39,34,48,45,63,74,75,65,67,49,42,38,35,29,34,37,41,50,49,66,72,62,69
"12-02-2023",69,87,90,73,74,70,71,76,78,83,71,71,64,61,39,32,47,36,43,79,78,66,70,76
"13-02-2023",52,38,32,18,23,48,55,69,67,50,46,54,53,49,39,54,47,50,46,61,66,38,55,34
"14-02-2023",29,25,21,15,23,42,58,85,73,53,53,56,46,44,49,60,59,68,87,104,106,102,94,94
"15-02-2023",90,40,23,46,59,51,56,57,65,65,68,60,59,59,55,62,64,52,58,60,79,84,87,80
"16-02-2023",79,76,108,57,54,59,70,90,94,97,97,60,64,51,35,42,43,46,53,72,76,101,110,99
"17-02-2023",82,70,62,60,57,63,73,82,99,112,102,68,50,56,37,41,36,48,56,81,92,79,66,86
"18-02-2023",61,78,76,64,60,64,63,73,76,94,81,65,56,60,49,36,39,35,54,65,58,92,59,48
"19-02-2023",44,28,38,47,57,69,71,90,73,59,45,58,61,45,46,49,59,62,62,65,76,53,31,31
"20-02-2023",28,29,28,45,53,76,91,110,101,58,43,46,44,34,42,51,36,48,65,95,97,95,96,96
"21-02-2023",91,86,83,77,71,80,84,95,108,123,82,77,50,55,38,37,35,52,63,85,77,79,65,77
"22-02-2023",79,73,49,54,51,73,82,89,99,107,88,-9999,-9999,66,65,35,64,48,41,54,56,80,81,89
"23-02-2023",78,72,68,58,56,66,78,91,94,85,108,68,59,52,37,35,38,46,43,57,78,79,95,84
"24-02-2023",76,68,69,67,69,71,81,93,88,92,68,60,71,63,29,33,35,40,46,35,51,59,74,83
"25-02-2023",82,76,72,62,73,75,68,92,94,81,62,39,34,25,20,13,21,31,34,30,27,33,23,26
"26-02-2023",10,6,3,5,7,14,13,20,15,11,12,12,14,10,14,12,14,11,15,28,11,15,15,21
"27-02-2023",12,9,10,10,11,14,19,18,13,10,7,12,9,11,12,12,15,18,25,35,30,23,41,30
"28-02-2023",36,58,30,26,36,52,76,89,93,93,97,106,108,84,91,94,91,93,97,99,94,86,76,79
"01-03-2023",55,41,75,71,63,87,82,92,89,78,82,71,45,43,38,44,32,42,73,67,60,57,56,38
"02-03-2023",39,25,49,24,19,41,64,69,68,66,64,65,68,37,36,69,77,68,51,73,81,77,81,66
"03-03-2023",63,50,58,36,51,60,67,75,86,73,58,54,54,46,31,25,24,32,50,42,57,62,44,59
"04-03-2023",78,60,49,15,12,22,20,25,26,22,22,18,18,16,16,17,17,18,40,41,54,45,52,74
"05-03-2023",69,62,57,56,52,45,50,55,63,72,59,54,51,37,38,36,54,50,39,56,67,55,37,65
"06-03-2023",80,46,33,42,60,60,95,108,70,80,70,50,44,57,53,30,22,40,44,49,84,66,61,79
"07-03-2023",69,75,79,66,54,70,95,101,93,87,52,34,30,38,38,84,90,95,98,87,87,81,58,76
"08-03-2023",75,63,56,51,49,58,77,77,82,74,53,43,39,40,39,41,41,48,41,67,69,74,75,46
"09-03-2023",24,33,21,40,57,78,92,91,87,-9999,83,81,50,29,26,27,28,43,46,67,81,66,43,50
"10-03-2023",62,53,78,69,52,61,82,98,95,48,38,37,23,27,23,28,45,38,46,64,78,45,35,21
"11-03-2023",34,9,6,6,6,14,58,100,81,68,62,57,55,43,51,46,74,61,64,65,73,50,39,38
"12-03-2023",41,44,53,67,67,67,72,72,73,59,69,27,21,16,30,36,34,43,45,48,44,52,36,30
"13-03-2023",27,11,11,9,10,30,40,54,63,52,66,59,56,42,39,31,23,28,28,39,53,32,29,37
"14-03-2023",39,39,38,23,26,55,70,70,64,60,57,50,54,59,41,25,34,35,47,47,45,44,52,30
"15-03-2023",54,67,71,73,65,73,82,98,106,70,43,42,36,41,56,94,79,80,111,90,71,69,90,84
"16-03-2023",79,69,58,56,52,52,61,82,86,67,61,-9999,55,70,57,38,37,44,38,41,54,50,37,22
"17-03-2023",22,16,14,13,22,37,43,54,48,56,45,45,48,61,63,70,56,48,52,51,39,43,32,34
"18-03-2023",34,39,29,39,32,62,69,86,46,49,41,52,47,37,37,29,42,43,58,61,57,48,29,30
"19-03-2023",55,56,48,61,64,62,41,39,24,20,21,22,18,21,20,34,31,34,38,47,70,82,81,77
"20-03-2023",78,72,73,62,60,67,77,92,99,105,93,80,81,62,57,39,40,47,69,55,65,54,80,95
"21-03-2023",93,83,76,71,70,73,81,98,102,114,89,98,116,114,93,94,101,80,90,93,104,103,91,81
"22-03-2023",76,76,73,66,61,65,62,77,86,89,92,67,70,52,49,33,59,58,52,80,83,78,62,63
"23-03-2023",60,57,55,50,56,78,97,101,98,64,60,55,58,65,59,68,59,66,70,83,75,68,66,51
"24-03-2023",48,69,84,69,57,81,90,80,80,90,89,77,75,77,44,35,42,54,107,105,100,92,88,96
"25-03-2023",94,87,76,69,66,67,69,81,70,65,20,54,42,29,32,21,27,18,24,43,54,89,41,38
"26-03-2023",30,57,74,90,34,65,-9999,116,94,74,79,62,69,49,58,60,85,61,34,39,48,43,68,95
"27-03-2023",116,106,97,99,98,103,104,123,110,105,98,43,38,38,33,24,20,80,77,68,82,74,55,28
"28-03-2023",18,28,30,27,17,24,55,79,80,60,56,60,62,69,66,60,44,27,44,58,50,28,35,47
"29-03-2023",36,28,12,12,18,41,59,68,62,64,79,40,39,42,39,48,54,58,65,48,85,96,102,93
"30-03-2023",87,81,82,75,74,66,89,106,105,87,81,89,78,63,71,48,50,26,25,34,50,47,51,89
"31-03-2023",96,90,64,34,25,28,89,79,78,79,71,67,63,49,37,31,31,31,47,56,69,62,34,38
"01-04-2023",31,22,22,20,24,32,61,74,95,68,81,61,21,33,27,16,17,34,100,100,94,71,41,59
"02-04-2023",35,37,72,50,70,44,40,111,115,121,99,77,94,104,68,88,104,62,62,41,70,61,74,93
"03-04-2023",76,62,59,36,49,70,84,94,91,90,81,86,63,33,34,72,51,26,32,33,24,24,20,17
"04-04-2023",21,8,5,7,5,11,21,26,66,86,73,54,58,71,54,54,70,53,65,61,91,80,44,34
"05-04-2023",22,23,23,25,26,30,60,72,68,62,58,68,50,47,52,57,40,42,57,76,87,83,63,59
"06-04-2023",34,35,45,68,34,80,97,104,92,78,76,66,67,63,56,42,33,74,79,71,97,55,54,58
"07-04-2023",55,43,28,36,26,78,89,102,96,90,81,73,59,48,47,61,31,35,46,44,35,46,48,59
"08-04-2023",47,61,71,60,54,72,81,79,95,64,38,41,48,32,23,24,21,27,32,36,39,54,65,77
"09-04-2023",74,70,74,63,58,62,74,78,69,49,49,39,44,34,36,31,26,18,36,67,70,58,85,86
"10-04-2023",58,40,40,49,55,61,75,89,76,60,62,50,44,47,63,60,65,61,68,86,67,69,51,57
"11-04-2023",43,26,44,42,39,43,49,36,46,50,38,46,35,45,38,34,46,62,75,96,101,114,76,87
"12-04-2023",79,75,82,72,70,75,66,93,77,90,75,75,70,71,53,68,82,77,50,48,74,63,61,79
"13-04-2023",49,60,70,63,93,96,115,104,105,128,115,83,53,45,43,36,32,24,33,35,48,48,46,52
"14-04-2023",47,37,31,49,63,74,76,68,44,31,31,28,28,29,21,25,26,15,29,30,31,17,13,36
"15-04-2023",38,24,40,63,36,77,94,93,81,78,55,80,59,60,53,33,22,14,33,46,36,33,23,21
"16-04-2023",50,23,18,20,48,64,76,77,82,57,20,22,9,13,16,9,10,10,17,37,26,29,35,25
"17-04-2023",24,16,21,19,21,29,60,61,70,58,83,51,39,81,34,21,24,26,37,46,53,43,35,33
"18-04-2023",32,16,16,19,18,52,50,72,109,95,72,54,62,45,33,36,28,33,37,56,52,76,87,57
"19-04-2023",78,68,36,42,60,92,99,105,76,88,64,50,61,71,53,32,55,52,60,68,98,40,53,61
"20-04-2023",87,72,73,57,55,66,83,80,84,92,66,41,53,29,29,30,19,25,45,48,58,43,45,56
"21-04-2023",69,74,68,54,76,69,73,86,86,100,-9999,-9999,63,34,23,15,14,19,35,38,41,40,39,38
"22-04-2023",63,37,70,57,67,64,82,98,86,57,43,47,52,36,21,20,26,51,52,58,59,58,49,55
"23-04-2023",55,52,47,68,76,60,88,59,34,36,39,50,41,86,88,34,41,33,39,35,47,100,57,37
"24-04-2023",67,87,68,55,56,75,86,99,100,105,76,84,60,38,38,35,31,37,27,35,38,50,33,42
"25-04-2023",92,53,41,37,57,80,97,111,111,82,76,73,70,81,93,74,59,41,37,51,90,87,50,48
"26-04-2023",44,36,26,36,38,67,88,82,103,82,90,69,78,52,50,71,77,67,60,70,58,64,46,46
"27-04-2023",39,47,49,27,18,46,49,65,55,46,40,55,40,43,40,75,58,54,66,64,69,60,64,60
"28-04-2023",51,38,31,28,37,75,58,67,66,54,55,46,51,46,58,51,30,25,24,39,46,36,65,73
"29-04-2023",68,73,81,73,62,74,80,86,73,82,63,55,36,31,23,27,24,23,24,25,24,25,29,35
"30-04-2023",31,33,32,34,30,25,54,70,55,23,27,23,21,22,25,17,23,25,24,22,27,35,33,33
"01-05-2023",23,19,15,20,36,47,61,70,46,36,32,37,25,26,21,13,16,41,56,39,62,65,106,106
"02-05-2023",86,81,64,29,35,105,118,130,112,144,108,96,75,74,97,60,79,109,108,102,68,63,87,63
"03-05-2023",60,54,49,40,32,83,107,106,110,99,66,91,43,36,33,25,12,22,26,31,29,43,39,35
"04-05-2023",34,20,13,17,33,64,77,82,85,56,29,62,65,45,37,48,42,44,41,50,39,40,51,58
"05-05-2023",54,33,23,30,33,51,73,96,87,79,64,47,51,77,70,79,59,44,29,34,31,28,35,26
"06-05-2023",31,23,13,10,14,19,34,63,36,34,33,38,33,25,25,33,23,25,30,30,43,38,33,47
"07-05-2023",51,40,43,45,23,29,69,70,48,47,34,35,41,41,39,43,27,23,44,100,124,93,80,67
"08-05-2023",67,60,81,121,78,79,97,111,107,149,94,101,81,93,103,39,33,33,56,87,73,65,69,48
"09-05-2023",81,90,76,60,90,89,78,105,81,78,81,88,84,64,91,89,87,72,74,87,70,61,51,45
"10-05-2023",39,27,19,17,17,47,68,76,74,71,58,54,70,56,57,63,72,59,67,64,61,67,50,44
"11-05-2023",37,23,24,26,55,75,77,77,71,73,63,59,60,42,68,74,65,42,37,42,48,41,45,48
"12-05-2023",37,56,42,28,30,45,74,83,61,61,47,38,46,47,49,37,33,32,38,60,57,64,69,59
"13-05-2023",69,61,52,48,55,64,95,90,86,62,49,75,55,35,21,36,43,40,37,32,38,64,76,84
"14-05-2023",83,64,57,88,70,65,67,85,82,97,95,118,96,69,33,26,27,37,50,108,100,62,79,101
"15-05-2023",126,138,135,147,122,111,120,135,101,92,112,70,70,67,51,50,71,28,74,145,116,122,139,141
"16-05-2023",132,129,123,106,106,97,111,115,117,134,114,79,66,96,76,50,56,48,84,132,101,84,55,65
"17-05-2023",81,61,74,50,69,84,97,119,99,100,74,63,71,68,71,73,34,64,76,77,78,72,69,46
"18-05-2023",41,44,50,38,31,58,101,109,97,98,77,70,86,95,81,65,41,41,39,48,53,53,59,107
"19-05-2023",50,63,49,22,30,54,78,70,63,50,54,50,45,52,48,48,44,52,48,47,62,68,95,108
"20-05-2023",123,114,108,105,107,106,101,105,152,85,60,54,62,57,49,59,63,59,61,72,81,68,61,55
"21-05-2023",38,35,25,47,37,57,84,82,41,36,44,35,42,47,57,50,45,45,38,37,40,37,59,62
"22-05-2023",59,41,34,61,40,47,57,67,50,55,49,46,67,61,50,42,39,46,59,53,35,38,30,52
"23-05-2023",49,47,15,11,22,50,63,100,50,40,53,60,78,73,68,64,56,66,85,93,84,102,84,75
"24-05-2023",77,29,31,25,85,89,103,104,117,116,85,-9999,-9999,52,30,43,40,41,44,56,89,89,94,90
"25-05-2023",100,85,65,54,60,76,87,92,104,164,95,93,97,89,41,34,20,10,21,35,91,78,114,93
"26-05-2023",105,94,77,97,128,129,104,114,87,65,80,67,67,72,77,81,-9999,-9999,123,140,98,72,57,79
"27-05-2023",50,56,42,80,98,65,62,61,47,54,52,57,49,37,40,33,43,52,59,63,65,50,43,47
"28-05-2023",33,27,40,57,82,77,50,44,48,56,42,37,28,29,45,19,23,28,22,31,61,53,46,37
"29-05-2023",67,39,33,50,57,55,71,77,47,42,49,49,36,44,40,46,63,69,71,64,78,89,103,74
"30-05-2023",77,68,41,35,75,77,93,107,115,92,62,66,42,42,17,34,26,20,26,37,40,37,37,34
"31-05-2023",35,83,47,38,41,64,73,90,91,79,79,92,73,46,114,107,132,122,126,94,78,124,104,66
"01-06-2023",49,94,92,81,69,107,112,108,62,71,85,83,78,79,79,77,94,-9999,99,97,86,78,73,91
"02-06-2023",94,131,122,92,104,100,127,125,148,124,104,103,68,47,55,63,58,53,31,57,55,47,46,82
"03-06-2023",95,90,101,88,89,89,84,108,141,114,63,66,92,101,73,38,33,23,30,45,72,69,90,65
"04-06-2023",76,68,50,51,63,85,90,113,147,144,136,126,136,105,92,48,29,46,49,129,120,106,57,55
"05-06-2023",71,96,90,73,55,68,96,73,61,64,50,55,46,45,50,60,64,55,90,75,89,88,90,64
"06-06-2023",51,53,60,68,57,72,82,69,57,51,42,65,87,66,71,65,63,106,131,142,89,81,69,57
"07-06-2023",77,87,82,75,92,125,106,111,76,100,67,75,79,71,48,76,66,92,124,112,111,114,83,98
"08-06-2023",110,112,96,87,69,65,90,97,88,87,74,54,82,95,74,56,93,98,104,115,80,111,108,81
"09-06-2023",36,55,46,26,92,93,111,93,136,117,82,43,95,95,53,61,30,42,38,51,38,42,40,87
"10-06-2023",83,115,115,123,126,125,102,102,102,60,40,87,111,65,38,36,56,28,30,43,39,56,149,130
"11-06-2023",117,133,123,112,103,88,87,76,63,33,54,112,109,98,51,49,60,66,93,125,102,133,114,114
"12-06-2023",66,65,83,84,90,85,83,95,113,104,92,72,85,67,82,74,93,86,61,33,96,86,78,68
"13-06-2023",87,78,52,69,74,96,83,84,77,69,69,44,72,65,60,89,102,76,81,89,89,73,67,58
"14-06-2023",64,49,31,36,53,72,92,98,88,70,86,115,119,87,51,54,38,35,46,55,40,47,37,50
"15-06-2023",73,76,84,85,89,70,77,90,105,114,97,74,95,82,38,49,33,75,79,80,75,52,82,96
"16-06-2023",92,88,96,83,61,75,91,95,97,97,102,85,84,89,98,89,52,47,88,68,90,95,102,108
"17-06-2023",115,99,80,67,64,65,87,87,100,112,83,86,79,55,44,58,37,73,78,71,55,58,42,70
"18-06-2023",41,50,69,53,48,54,66,65,47,32,51,49,40,25,40,29,29,33,25,25,31,44,51,50
"19-06-2023",76,76,79,64,61,85,87,85,97,65,58,58,65,79,95,76,37,42,33,43,32,38,31,64
"20-06-2023",72,119,78,57,65,81,108,101,101,159,125,84,110,75,49,33,32,37,39,41,49,58,64,104
"21-06-2023",89,99,76,53,66,96,103,107,105,103,111,110,104,67,52,41,66,41,62,133,139,134,77,80
"22-06-2023",80,120,112,75,61,97,116,127,167,149,-9999,-9999,-9999,-9999,25,35,37,27,30,36,30,32,32,29
"23-06-2023",24,30,35,36,31,33,36,36,36,32,31,31,32,29,26,28,26,36,34,35,34,32,32,23
"24-06-2023",26,36,34,31,32,40,38,42,42,41,21,30,23,36,35,18,34,18,18,42,39,41,51,47
"25-06-2023",22,32,41,29,41,28,29,34,32,45,45,41,41,34,13,18,18,19,43,33,54,30,22,29
"26-06-2023",22,21,22,26,25,29,33,29,27,30,23,17,22,19,-9999,13,10,15,34,45,41,39,29,25
"27-06-2023",25,18,12,8,11,21,29,28,30,25,21,24,30,25,29,26,26,28,34,36,36,30,30,38
"28-06-2023",34,30,27,24,32,27,29,29,36,40,34,33,37,40,19,12,10,17,14,16,19,21,18,15
"29-06-2023",59,74,41,34,41,61,78,105,34,32,22,23,27,13,14,11,22,24,29,28,40,47,49,48
"30-06-2023",22,14,11,9,8,18,29,25,27,30,27,22,21,19,20,40,38,38,38,38,66,41,40,42
"01-07-2023",85,67,50,90,89,83,80,84,86,78,49,36,42,43,39,36,28,29,28,33,33,32,33,32
"02-07-2023",28,16,12,13,14,38,58,20,46,41,39,31,27,20,15,14,12,15,16,13,22,27,39,40
"03-07-2023",44,34,32,23,29,32,46,59,58,48,54,88,61,40,25,34,29,35,37,46,38,52,53,49
"04-07-2023",89,61,60,71,62,67,67,72,77,111,84,70,70,88,60,82,46,36,45,77,95,89,80,93
"05-07-2023",85,106,92,55,65,74,78,98,73,67,75,67,68,77,106,95,38,36,40,74,111,103,63,76
"06-07-2023",82,53,47,28,44,48,45,64,59,54,57,52,54,41,38,40,40,37,45,44,62,69,99,98
"07-07-2023",172,43,58,60,56,77,81,86,89,82,77,50,49,42,47,53,33,42,45,64,74,46,45,95
"08-07-2023",54,67,89,75,67,54,77,75,64,36,31,37,38,35,34,38,31,29,39,47,40,60,34,60
"09-07-2023",77,43,42,23,14,39,40,41,30,47,100,69,68,34,18,24,17,26,30,40,80,76,86,46
"10-07-2023",40,56,70,73,71,70,65,74,66,62,59,61,68,48,58,44,75,70,59,54,100,93,74,69
"11-07-2023",68,77,62,64,63,66,72,81,97,104,91,61,77,36,48,66,57,28,28,44,63,82,69,107
"12-07-2023",114,80,96,79,66,73,68,75,102,123,106,104,74,50,52,72,32,40,55,66,46,88,128,125
"13-07-2023",117,99,91,90,88,87,83,85,126,154,135,132,126,76,95,41,39,40,36,42,98,86,83,115
"14-07-2023",119,113,95,103,104,85,85,94,128,182,142,128,130,120,82,55,37,39,43,89,140,91,70,119
"15-07-2023",75,83,89,92,82,84,72,85,89,74,99,86,84,75,100,81,126,101,60,64,71,84,59,71
"16-07-2023",63,49,42,51,94,95,92,70,66,59,51,42,48,42,43,46,37,45,54,51,65,47,52,35
"17-07-2023",41,40,64,92,89,56,93,77,59,87,66,78,63,62,65,62,43,45,48,65,65,42,42,53
"18-07-2023",53,41,55,26,12,29,42,56,53,43,41,51,54,31,44,50,45,48,56,60,76,72,66,67
"19-07-2023",58,64,42,47,37,71,76,96,66,48,63,68,69,66,68,60,44,42,54,63,64,45,43,70
"20-07-2023",84,69,65,59,76,74,83,88,99,-9999,-9999,138,112,96,91,95,45,48,69,104,67,55,56,80
"21-07-2023",80,81,105,107,96,75,78,75,96,87,95,103,101,103,37,36,85,98,111,108,110,96,101,100
"22-07-2023",104,107,99,99,98,73,73,67,111,120,57,41,98,128,60,64,40,33,67,36,50,62,91,107
"23-07-2023",116,96,62,70,78,82,80,74,90,100,90,72,41,42,24,30,26,26,41,72,68,46,72,46
"24-07-2023",62,85,80,77,65,78,89,94,85,93,89,85,82,72,66,58,28,51,31,58,106,100,58,83
"25-07-2023",34,34,59,85,77,65,102,89,111,95,78,84,57,40,44,44,43,50,46,49,41,52,91,86
"26-07-2023",51,86,83,75,64,85,79,82,93,100,79,61,70,35,46,31,24,21,53,60,63,32,77,56
"27-07-2023",43,44,75,81,58,75,75,78,54,55,46,51,41,43,41,77,53,30,41,74,72,65,62,62
"28-07-2023",38,56,76,74,40,54,61,66,70,77,63,65,40,31,42,41,29,36,49,49,53,46,36,60
"29-07-2023",52,38,32,31,47,79,80,74,70,94,99,101,67,54,43,38,31,30,64,50,73,71,89,68
"30-07-2023",82,95,70,70,56,78,84,87,73,86,50,73,119,127,100,51,49,32,23,43,75,75,71,94
"31-07-2023",85,73,44,73,85,73,76,81,89,112,113,97,110,-9999,-9999,83,62,67,65,75,75,68,60,57
"01-08-2023",48,35,52,35,28,63,76,84,79,78,64,66,62,72,47,46,52,28,39,58,43,36,36,54
"02-08-2023",34,31,36,54,72,74,76,75,77,-9999,70,47,50,24,25,21,17,21,22,22,18,29,26,22
"03-08-2023",32,54,69,47,65,66,61,62,73,78,67,68,73,70,39,33,21,20,38,37,32,30,33,70
"04-08-2023",57,75,71,58,58,49,60,103,80,93,67,58,68,55,23,33,19,27,26,28,42,37,41,82
"05-08-2023",81,74,73,63,74,65,66,64,64,80,68,39,24,33,29,21,14,11,19,20,19,19,20,16
"06-08-2023",42,42,43,37,33,40,47,58,65,64,55,67,49,48,40,40,48,62,58,58,61,72,66,77
"07-08-2023",71,63,79,59,58,70,80,78,72,72,66,73,48,48,46,23,20,22,31,23,39,29,23,23
"08-08-2023",72,72,69,59,55,68,70,61,52,49,46,37,60,54,49,43,33,64,61,62,53,48,37,48
"09-08-2023",31,19,28,13,14,39,49,56,49,53,57,44,31,32,28,41,30,42,36,53,59,53,61,63
"10-08-2023",58,58,59,42,37,62,74,72,78,76,88,54,48,62,40,21,11,8,16,37,42,18,17,50
"11-08-2023",62,64,40,28,47,72,56,44,42,38,40,44,24,37,37,54,54,51,48,58,69,68,57,51
"12-08-2023",56,35,30,21,16,44,41,54,44,30,31,40,35,43,26,22,27,32,34,44,26,40,47,45
"13-08-2023",56,67,73,48,26,45,41,59,41,30,25,23,33,32,25,27,27,31,27,21,34,36,47,59
"14-08-2023",55,53,56,67,54,57,63,52,45,34,40,39,35,58,50,34,22,19,34,26,39,39,51,64
"15-08-2023",62,52,80,68,60,54,63,67,38,34,31,42,41,29,36,25,15,16,22,23,36,29,24,26
"16-08-2023",71,78,74,65,53,66,79,84,76,80,51,39,42,90,64,32,25,17,41,65,37,43,46,42
"17-08-2023",76,87,84,86,85,83,88,79,73,50,29,33,33,24,26,28,28,30,28,31,39,46,62,64
"18-08-2023",51,69,68,92,84,64,72,72,44,42,38,34,29,23,29,23,32,27,29,36,37,32,48,65
"19-08-2023",77,57,49,37,40,45,76,56,42,36,26,32,27,24,27,21,20,25,24,23,60,51,48,61
"20-08-2023",49,48,37,48,46,45,49,40,30,32,24,23,23,16,21,22,22,21,29,38,57,52,42,69
"21-08-2023",82,33,37,23,22,34,58,46,64,68,-9999,-9999,-9999,-9999,18,20,16,19,24,25,24,23,16,13
"22-08-2023",35,19,56,100,90,120,66,49,68,75,56,66,30,33,31,33,31,48,80,95,78,76,103,87
"23-08-2023",106,89,61,92,57,72,94,93,75,68,82,77,80,67,64,70,66,74,77,75,100,113,114,67
"24-08-2023",66,61,72,44,44,64,74,88,60,65,52,66,62,67,68,67,62,78,79,84,97,65,56,74
"25-08-2023",75,93,126,116,121,122,122,102,88,63,49,47,54,68,67,63,68,64,79,89,98,102,97,58
"26-08-2023",97,76,104,77,74,59,91,101,43,86,67,58,53,44,37,30,35,52,56,84,71,74,62,47
"27-08-2023",62,56,42,47,77,47,78,112,94,52,39,42,61,31,31,38,39,46,65,71,107,97,99,104
"28-08-2023",92,96,81,70,64,98,134,107,107,117,71,41,39,34,31,34,25,33,40,29,29,36,42,39
"29-08-2023",48,41,25,77,68,92,93,97,86,85,89,51,52,37,24,31,24,23,30,35,47,33,48,71
"30-08-2023",38,55,41,33,44,57,85,93,76,86,74,72,65,56,54,77,25,21,45,31,33,80,67,49
"31-08-2023",31,34,33,41,38,48,74,78,91,82,73,76,65,66,66,73,68,83,36,49,73,65,68,44
"01-09-2023",52,50,49,52,61,79,93,93,72,89,75,35,36,33,65,91,91,97,107,130,107,109,110,108
"02-09-2023",98,157,133,66,95,141,180,153,32,22,31,55,53,-9999,19,14,34,49,44,47,48,51,71,95
"03-09-2023",80,96,46,24,12,18,24,28,29,23,23,16,17,10,11,18,46,29,37,31,38,61,71,33
"04-09-2023",53,84,97,69,53,73,85,98,81,85,71,67,64,66,42,41,47,50,49,43,52,37,48,47
"05-09-2023",52,30,39,46,68,68,76,73,88,78,62,76,82,99,85,74,75,77,81,85,76,74,57,60
"06-09-2023",40,36,28,22,29,56,77,66,75,69,92,90,75,85,111,107,92,38,87,75,59,66,73,68
"07-09-2023",42,40,56,32,34,59,81,100,84,81,80,71,72,63,68,76,18,17,68,48,58,37,56,26
"08-09-2023",14,23,15,11,14,32,57,92,126,112,81,34,59,48,53,46,58,62,53,43,54,49,40,35
"09-09-2023",25,20,17,11,31,45,47,73,43,20,15,24,19,12,15,13,14,13,16,19,12,15,15,28
"10-09-2023",25,20,23,22,32,37,43,28,25,25,10,8,16,18,26,26,31,35,34,43,45,46,39,42
"11-09-2023",52,58,38,17,11,34,38,43,16,17,16,18,19,15,14,11,12,13,15,15,16,21,14,15
"12-09-2023",27,13,14,14,20,30,39,41,28,23,23,16,22,19,30,32,62,47,20,19,23,26,24,27
"13-09-2023",31,24,23,13,24,20,26,29,39,33,36,34,36,31,30,34,31,29,21,24,49,58,46,49
"14-09-2023",40,37,33,30,28,29,33,40,44,45,40,43,42,48,48,75,78,97,39,53,48,55,33,22
"15-09-2023",53,47,40,45,45,39,38,41,49,62,59,53,56,51,51,37,36,27,31,52,62,56,59,57
"16-09-2023",52,43,47,37,39,39,40,54,55,59,52,35,18,38,48,59,60,66,40,35,37,34,29,33
"17-09-2023",36,35,35,44,46,35,23,21,15,16,14,15,16,12,10,17,12,9,9,13,20,21,30,24
"18-09-2023",22,21,15,10,20,17,25,26,25,21,18,20,17,14,19,24,19,22,17,16,22,28,26,23
"19-09-2023",27,23,9,4,6,18,27,31,23,20,17,16,16,15,18,19,21,21,19,19,32,40,38,42
"20-09-2023",35,33,25,15,25,36,42,45,48,47,-9999,-9999,-9999,-9999,48,70,83,55,118,131,130,101,106,141
"21-09-2023",106,40,58,54,74,87,62,54,54,57,60,-9999,-9999,125,88,116,103,55,77,77,72,60,61,63
"22-09-2023",97,110,100,89,81,84,96,108,120,161,165,125,118,100,62,106,49,71,100,111,119,118,125,87
"23-09-2023",115,109,108,100,86,88,108,106,93,114,172,193,153,138,73,47,35,47,94,72,73,120,124,126
"24-09-2023",144,124,115,117,93,87,89,78,100,139,114,103,72,48,65,53,35,52,65,114,106,159,107,133
"25-09-2023",122,93,93,72,66,70,72,102,120,113,95,80,57,100,107,38,49,72,75,65,65,67,56,72
"26-09-2023",88,90,93,89,67,43,62,80,85,73,64,63,70,91,81,91,73,75,90,88,80,90,82,57
"27-09-2023",53,32,20,17,23,52,70,86,98,93,81,52,64,44,43,58,65,66,69,61,87,76,62,52
"28-09-2023",66,81,74,52,71,56,72,94,76,62,56,46,43,42,37,33,56,59,47,51,63,45,64,51
"29-09-2023",53,53,63,48,58,81,77,81,90,70,53,51,67,56,65,63,36,53,53,86,90,86,85,78
"30-09-2023",82,79,74,68,67,71,79,76,81,61,61,51,56,51,36,35,35,28,33,46,77,70,79,84
"01-10-2023",84,83,91,93,83,82,81,87,85,72,60,39,38,40,30,34,43,49,48,52,95,89,91,88
"02-10-2023",86,100,99,86,81,88,94,96,70,55,38,53,47,51,66,58,49,42,77,87,88,84,50,59
"03-10-2023",53,42,19,20,54,50,73,87,73,59,59,42,43,36,41,38,41,49,53,39,58,44,57,55
"04-10-2023",60,53,49,28,43,47,66,85,71,66,52,45,60,44,39,49,68,68,86,90,98,88,89,83
"05-10-2023",83,85,71,56,58,75,84,95,103,103,84,69,63,59,37,60,46,73,58,59,65,97,98,94
"06-10-2023",92,87,76,73,70,83,83,94,107,112,102,102,74,106,107,59,44,52,76,56,54,75,75,67
"07-10-2023",58,85,82,66,42,51,72,68,42,47,29,36,29,29,27,27,24,29,35,35,54,50,62,66
"08-10-2023",59,68,81,82,71,66,74,74,79,79,66,88,64,93,59,57,22,33,54,43,70,55,105,110
"09-10-2023",107,105,90,88,80,89,73,83,66,69,60,64,70,60,50,77,89,94,82,81,76,62,61,59
"10-10-2023",61,49,56,54,50,66,74,82,88,91,91,59,62,40,30,30,30,28,75,107,89,95,90,77
"11-10-2023",62,50,30,17,25,64,75,86,80,84,59,58,62,61,58,70,66,55,47,34,47,46,34,21
"12-10-2023",33,23,16,37,36,71,83,98,93,63,46,52,48,46,43,44,51,58,37,49,62,61,84,85
"13-10-2023",87,83,75,60,60,81,91,94,100,105,88,70,107,108,112,105,73,44,51,58,59,79,96,122
"14-10-2023",107,93,85,80,81,82,85,88,92,98,93,99,109,111,124,121,37,44,55,44,73,68,50,96
"15-10-2023",91,83,76,65,65,65,69,78,83,89,78,90,75,40,32,22,26,27,36,32,38,43,73,72
"16-10-2023",84,83,78,73,66,66,67,68,83,94,82,83,83,82,103,100,33,55,73,54,53,61,34,37
"17-10-2023",27,17,13,14,20,41,53,71,80,70,65,-9999,-9999,41,47,33,33,39,31,32,36,34,40,29
"18-10-2023",17,35,53,49,50,60,70,76,74,75,61,51,51,45,43,68,61,76,66,60,57,41,40,37
"19-10-2023",36,25,28,37,34,55,66,85,80,79,68,55,42,30,27,26,32,28,44,52,41,42,52,56
"20-10-2023",51,26,22,63,67,68,76,80,95,101,52,29,28,23,24,31,20,35,42,27,42,47,67,75
"21-10-2023",76,64,54,53,47,52,48,37,35,32,31,20,29,14,14,16,13,14,29,35,37,34,33,32
"22-10-2023",25,26,16,14,14,13,32,34,44,26,22,17,17,17,23,13,17,15,23,34,38,41,73,66
"23-10-2023",66,55,41,48,51,51,61,60,68,71,75,61,52,28,24,22,26,32,32,40,56,37,39,38
"24-10-2023",32,66,58,55,55,54,55,60,72,85,103,94,58,44,73,53,37,50,31,46,46,54,77,91
"25-10-2023",86,77,71,61,61,65,66,73,84,100,84,69,56,36,33,29,32,31,41,50,36,46,65,70
"26-10-2023",72,52,67,65,61,65,68,74,80,87,89,56,31,67,53,48,42,31,31,38,52,67,70,66
"27-10-2023",58,65,61,56,56,50,52,65,83,72,61,46,56,48,39,34,32,25,38,49,57,65,74,63
"28-10-2023",68,58,57,67,50,59,51,96,77,76,77,67,74,40,19,15,18,19,22,43,52,38,66,61
"29-10-2023",51,48,39,57,58,62,63,59,66,66,63,60,69,85,98,89,95,40,60,64,70,66,73,72
"30-10-2023",75,67,62,64,62,64,67,82,84,96,93,80,84,70,102,57,72,69,95,103,99,88,82,81
"31-10-2023",71,65,61,59,52,58,63,69,75,104,76,61,72,39,33,33,36,37,36,47,39,73,77,75
"01-11-2023",56,66,49,65,49,63,78,79,84,90,64,52,51,66,77,89,86,67,48,73,86,63,53,41
"02-11-2023",26,28,17,33,38,71,87,102,93,94,88,71,77,75,63,58,98,91,90,91,84,71,66,67
"03-11-2023",73,71,69,74,67,77,78,84,99,54,40,34,30,22,29,29,31,30,35,37,28,34,28,25
"04-11-2023",14,9,14,13,9,23,21,13,16,18,15,19,24,24,44,59,52,48,59,49,67,54,41,49
"05-11-2023",33,39,64,37,55,70,66,77,92,67,63,69,83,66,61,62,98,98,79,87,77,54,49,57
"06-11-2023",50,43,48,38,51,69,82,87,123,79,78,84,78,59,69,30,41,50,69,78,85,78,78,81
"07-11-2023",84,77,67,67,54,61,68,74,84,87,87,70,63,74,60,66,62,57,69,73,74,86,97,86
"08-11-2023",78,69,68,64,59,66,67,78,93,99,73,48,44,29,30,31,29,62,78,80,92,84,61,61
"09-11-2023",66,61,62,60,57,65,67,72,74,71,60,66,56,62,71,75,80,70,65,59,57,60,54,45
"10-11-2023",45,43,30,24,36,55,65,76,74,80,68,71,40,41,58,58,74,82,83,77,74,68,71,58
"11-11-2023",64,56,50,54,50,50,53,48,41,57,54,22,32,26,49,56,61,60,79,70,67,43,28,36
"12-11-2023",53,37,39,67,70,65,80,81,87,83,67,36,47,39,37,38,38,37,53,47,57,45,43,45
"13-11-2023",36,77,71,63,58,66,68,85,82,88,60,54,47,34,39,49,58,68,59,67,63,64,71,70
"14-11-2023",68,59,50,46,45,53,56,66,74,75,71,54,40,39,27,30,65,84,87,67,54,60,46,34
"15-11-2023",31,45,57,59,55,67,67,82,82,62,54,56,54,60,48,55,63,73,64,60,49,44,50,42
"16-11-2023",34,51,62,56,50,53,62,78,87,77,-9999,-9999,44,54,50,58,67,70,75,77,71,69,61,57
"17-11-2023",53,51,40,36,40,66,73,78,82,78,48,52,60,70,79,77,52,66,96,97,99,87,83,90
"18-11-2023",74,15,36,16,29,56,64,58,36,26,26,24,23,29,25,26,28,33,41,30,32,27,22,19
"19-11-2023",14,13,21,23,30,23,21,21,20,19,24,22,22,27,41,38,44,49,64,61,72,66,64,63
"20-11-2023",63,54,53,53,52,57,51,57,65,80,82,65,47,40,38,66,42,55,69,83,80,74,67,63
"21-11-2023",64,57,56,54,53,52,52,56,64,91,94,99,96,61,69,51,52,69,78,90,87,72,68,69
"22-11-2023",67,60,57,52,49,56,62,67,73,71,26,27,23,28,25,29,25,28,28,34,33,38,43,58
"23-11-2023",69,59,46,38,30,50,52,63,71,71,55,34,32,33,28,32,41,72,64,86,82,79,73,69
"24-11-2023",70,63,55,47,45,58,63,62,75,85,71,59,32,36,26,23,35,42,39,52,57,62,61,69
"25-11-2023",62,58,48,22,27,73,68,73,69,35,35,54,64,54,39,24,24,27,19,20,18,21,28,22
"26-11-2023",20,23,17,14,19,18,25,44,49,39,43,49,36,59,50,44,39,52,52,37,36,36,35,42
"27-11-2023",49,53,51,41,44,58,65,62,68,78,76,64,52,53,60,77,70,83,88,80,78,75,70,67
"28-11-2023",65,63,60,54,54,40,40,57,73,58,45,44,48,45,51,57,38,46,33,36,36,36,22,21
"29-11-2023",17,11,15,17,14,35,77,90,91,92,66,62,58,44,50,58,68,69,65,50,47,85,61,46
"30-11-2023",24,35,53,53,50,70,78,71,78,90,77,68,57,37,28,32,43,59,71,83,85,86,83,72
"01-12-2023",59,64,52,41,69,79,89,94,95,69,57,69,41,35,39,48,49,72,94,93,81,77,74,71
"02-12-2023",65,63,54,52,53,56,51,56,60,78,89,54,31,33,37,28,28,23,17,23,21,23,26,25
"03-12-2023",23,23,23,16,19,28,55,67,71,72,34,22,24,26,20,24,27,25,36,39,47,50,39,56
"04-12-2023",72,68,62,51,51,50,52,51,59,68,72,78,71,72,60,66,57,49,47,47,41,43,36,32
"05-12-2023",25,17,18,17,22,37,51,55,49,48,53,44,34,52,52,40,45,44,66,69,64,62,59,57
"06-12-2023",48,41,31,24,29,57,61,70,71,80,81,72,50,47,44,56,65,73,71,71,68,82,49,46
"07-12-2023",44,40,51,60,68,64,57,59,65,74,79,74,59,67,71,88,78,85,79,79,75,71,51,58
"08-12-2023",54,61,54,61,58,58,51,66,48,32,29,27,24,33,33,34,39,40,55,48,38,48,34,33
"09-12-2023",42,30,35,29,28,33,37,49,47,41,35,35,35,31,31,24,35,37,39,49,56,60,59,56
"10-12-2023",56,53,44,43,47,55,55,47,58,58,53,32,30,26,23,24,31,57,80,67,72,68,64,63
"11-12-2023",59,56,45,44,47,55,59,65,60,51,41,46,46,49,43,48,68,66,64,61,59,53,46,46
"12-12-2023",42,40,34,32,35,37,38,46,56,77,73,58,62,72,76,83,88,78,82,77,79,68,66,62
"13-12-2023",55,52,52,48,50,45,46,52,49,75,91,74,45,42,36,43,60,72,77,88,80,67,70,63
"14-12-2023",61,54,52,50,46,45,43,47,49,71,88,90,50,45,42,44,45,49,45,39,29,34,41,48
"15-12-2023",56,29,17,50,25,61,64,59,65,49,27,30,34,33,35,33,28,30,44,42,35,26,25,30
"16-12-2023",39,55,57,34,24,49,47,47,39,45,36,26,29,27,21,22,27,32,26,29,40,39,35,30
"17-12-2023",24,16,17,21,16,14,23,22,31,33,37,45,41,44,27,22,23,34,36,39,44,40,46,39
"18-12-2023",34,32,40,27,23,39,46,55,52,55,57,55,43,45,43,50,54,59,71,75,66,71,80,74
"19-12-2023",69,69,70,70,68,74,64,74,77,94,100,79,79,85,80,86,84,88,86,80,75,72,68,65
"20-12-2023",66,61,62,62,60,68,62,60,74,81,98,86,51,79,91,70,81,97,55,54,56,59,52,56
"21-12-2023",24,41,50,45,42,69,69,81,85,84,70,59,62,52,56,57,52,65,66,70,71,76,75,66
"22-12-2023",72,53,50,47,49,48,77,74,82,82,69,61,79,82,68,71,82,69,78,67,64,64,37,49
"23-12-2023",56,50,51,58,63,62,61,55,62,70,44,51,50,41,40,42,59,70,58,63,70,47,43,37
"24-12-2023",36,29,33,41,58,36,49,76,43,66,72,50,59,69,72,74,83,89,80,84,82,82,71,59
"25-12-2023",50,46,41,44,41,35,42,43,48,58,64,57,49,48,28,20,28,61,78,78,73,64,51,46
"26-12-2023",39,39,32,31,28,31,37,37,35,52,61,40,42,54,49,25,36,46,52,60,80,76,73,70
"27-12-2023",70,61,58,44,51,51,46,46,50,70,89,-9999,-9999,68,62,67,80,84,81,80,82,81,76,69
"28-12-2023",70,66,59,55,58,56,69,83,77,95,96,88,74,81,70,69,78,91,102,102,90,83,78,68
"29-12-2023",57,53,56,47,46,40,54,62,66,82,64,56,62,53,42,39,59,85,92,90,87,68,56,73
"30-12-2023",63,53,50,53,46,49,56,52,68,69,76,76,64,60,66,71,83,83,81,82,77,74,68,65
"31-12-2023",56,51,54,44,37,42,43,52,55,59,62,78,73,45,49,36,43,75,78,75,75,77,75,72

